API_CID,Excipient_CID,Outcome1,API_Smiles,Excipient_Smiles
216326,14055602,0,C1CC(=O)NC(=O)C1N2CC3=C(C2=O)C=CC=C3N,COC1C(OC(C(C1O)O)OC2C(OC(C(C2O)O)OC)CO)CO
6436173,114690,0,CC1C=CC=C(C(=O)NC2=C(C3=C(C4=C(C(=C3O)C)OC(C4=O)(OC=CC(C(C(C(C(C(C1O)C)O)C)OC(=O)C)C)OC)C)C5=C2N6C=CC(=CC6=N5)C)O)C,CCCCCCCCCCCCCCCCCC(=O)O.CCCCCCCCCCCCCCCC(=O)O.C(C(CO)O)O
5282379,6917,0,CC1=C(C(CCC1)(C)C)C=CC(=CC=CC(=CC(=O)O)C)C,C=CN1CCCC1=O
9578005,24261,0,CC1=C(C=CN=C1CS(=O)C2=NC3=CC=CC=C3N2)OCC(F)(F)F,O=[Si]=O
449193,104938,0,C1CC1COC2=C(C=CC(=C2)C(=O)NC3=C(C=NC=C3Cl)Cl)OC(F)F,C(C1C(C(C(C(O1)OC2C(OC(C(C2O)O)O)CO)O)O)O)O.O
5281068,23706213,0,CN(C)CCC(C1=CC=C(C=C1)Cl)C2=CC=CC=N2.C(=CC(=O)O)C(=O)O,CC(=O)[O-].C(C(C(C(C(C=O)O)O)O)O)O.[Na+]
16004692,26924,0,CCCNS(=O)(=O)NC1=C(C(=NC=N1)OCCOC2=NC=C(C=N2)Br)C3=CC=C(C=C3)Br,O[Si](=O)[O-].O[Si](=O)[O-].[O-][Si](=O)[O-].[O-][Si](=O)[O-].[Mg+2].[Mg+2].[Mg+2]
6055,71485,0,CC(CC1=CC=CC=C1)N.CC(CC1=CC=CC=C1)N.OS(=O)(=O)O,C(C1C(C(C(C(O1)OC2(C(C(C(O2)CCl)O)O)CCl)O)O)Cl)O
46908927,11177,0,CC1=C(C=C(C=C1)C(=O)NC2=CC(=C(C=C2)CN3CCN(CC3)C)C(F)(F)F)C#CC4=CN=C5N4N=CC=C5.Cl,CCCCCCCCCCCCCCCCCC(=O)[O-].CCCCCCCCCCCCCCCCCC(=O)[O-].[Mg+2]
25008120,11177,0,CC1(C(=O)N(C2=C(O1)C=CC(=N2)NC3=NC(=NC=C3F)NC4=CC(=C(C(=C4)OC)OC)OC)COP(=O)([O-])[O-])C.[Na+].[Na+],CCCCCCCCCCCCCCCCCC(=O)[O-].CCCCCCCCCCCCCCCCCC(=O)[O-].[Mg+2]
4168,57503849,0,CCN(CC)CCNC(=O)C1=CC(=C(C=C1OC)N)Cl,CC(COCC1C(C(C(C(O1)OC2C(OC(C(C2OCC(C)O)OCC(C)O)OCC(C)O)COCC(C)O)OCC(C)O)OCC(C)O)OCC(C)O)O.COCC1C(C(C(C(O1)OC2C(OC(C(C2OC)OC)OC)COC)OC)OC)OC
5361917,11199,0,C[N+]1(CCC23C4C(=O)CCC2(C1CC5=C3C(=C(C=C5)O)O4)O)CC6CC6.[Br-],C=CO
3333,134601,0,CCOC(=O)C1=C(NC(=C(C1C2=C(C(=CC=C2)Cl)Cl)C(=O)OC)C)C,COC(=O)C(CC1=CC=CC=C1)NC(=O)C(CC(=O)O)N
6918313,26042,0,C1CN(CCN1CCCCC2=CNC3=C2C=C(C=C3)C#N)C4=CC5=C(C=C4)OC(=C5)C(=O)N.Cl,O=[Ti]=O
134601,11177,1,COC(=O)C(CC1=CC=CC=C1)NC(=O)C(CC(=O)O)N,CCCCCCCCCCCCCCCCCC(=O)[O-].CCCCCCCCCCCCCCCCCC(=O)[O-].[Mg+2]
5311083,6850749,0,CC1=CN=C(C(=C1OC)C)CS(=O)C2=NC3=C([N-]2)C=CC(=C3)OC.CC1=CN=C(C(=C1OC)C)CS(=O)C2=NC3=C([N-]2)C=CC(=C3)OC.[Mg+2],CC1(C2CCC(C23CC1C(=CC3O)C(=O)O)C(=O)O)CO.C(CCCC(C(CCCCCO)O)O)CCCC(=O)O
9433,6134,1,CN1C2=C(C(=O)N(C1=O)C)NC=N2.CN1C2=C(C(=O)N(C1=O)C)NC=N2.C(CN)N,C(C1C(C(C(C(O1)OC2C(OC(C(C2O)O)O)CO)O)O)O)O
158781,134601,0,CCCC1=NC(=C(N1CC2=CC=C(C=C2)C3=CC=CC=C3C4=NNN=N4)C(=O)O)C(C)(C)O,COC(=O)C(CC1=CC=CC=C1)NC(=O)C(CC(=O)O)N
60825,14109413,0,C1C(OC(S1)CO)N2C=CC(=NC2=O)N,CC(=O)C1CC(=O)C2(C1(CC(=O)C3=C2C(CC4C3(CCC(C4(C)C)O)C)O)C)C
23663870,14055602,1,C(CC(=O)[O-])CO.[Na+],COC1C(OC(C(C1O)O)OC2C(OC(C(C2O)O)OC)CO)CO
11561674,104938,0,CCOC1=C(C=CC(=C1)C(CS(=O)(=O)C)N2C(=O)C3=C(C2=O)C(=CC=C3)NC(=O)C)OC,C(C1C(C(C(C(O1)OC2C(OC(C(C2O)O)O)CO)O)O)O)O.O
24812732,14055602,0,CN(C)CCC(C1=CC=CC2=CC=CC=C21)(C(C3=CC=CC=C3)C4=C(N=C5C=CC(=CC5=C4)Br)OC)O.C(=CC(=O)O)C(=O)O,COC1C(OC(C(C1O)O)OC2C(OC(C(C2O)O)OC)CO)CO
9578005,174,0,CC1=C(C=CN=C1CS(=O)C2=NC3=CC=CC=C3N2)OCC(F)(F)F,C(CO)O
9865528,11177,0,C1=CC=C(C=C1)C(CNCCC2=CC=C(C=C2)NC(=O)CC3=CSC(=N3)N)O,CCCCCCCCCCCCCCCCCC(=O)[O-].CCCCCCCCCCCCCCCCCC(=O)[O-].[Mg+2]
3033924,24832091,0,CC1COC2=C3N1C=C(C(=O)C3=CC(=C2N4CCN(CC4)C)F)C(=O)O.CC1COC2=C3N1C=C(C(=O)C3=CC(=C2N4CCN(CC4)C)F)C(=O)O.O,CCOCC1C(C(C(C(O1)OC)OCC)OCC)OC2C(C(C(C(O2)CO)OC)O)O
219025,4134690,0,CCCCC1=C(C2=C(O1)C=CC(=C2)NS(=O)(=O)C)C(=O)C3=CC=C(C=C3)OCCCN(CCCC)CCCC.Cl,C(CCCCCCCCCCO)CCCCCCCCCO
62937,174,0,CC(C)NCC(COC1=CC=C(C=C1)CCOC)O.CC(C)NCC(COC1=CC=C(C=C1)CCOC)O.C(CC(=O)O)C(=O)O,C(CO)O
60795,11177,0,C1CC(=O)NC2=C1C=CC(=C2)OCCCCN3CCN(CC3)C4=C(C(=CC=C4)Cl)Cl,CCCCCCCCCCCCCCCCCC(=O)[O-].CCCCCCCCCCCCCCCCCC(=O)[O-].[Mg+2]
2082,24261,0,CCCSC1=CC2=C(C=C1)N=C(N2)NC(=O)OC,O=[Si]=O
121892,47932,0,CCOC(=O)NC1=C(C=C(C=C1)NCC2=CC=C(C=C2)F)N,C1=CC(=C(C=C1N)N)OCCO.Cl.Cl
5330286,14923,0,CC1=C(C(=O)N(C2=NC(=NC=C12)NC3=NC=C(C=C3)N4CCNCC4)C5CCCC5)C(=O)C,[NH4+].[OH-]
5391,131751496,1,CN1C2=C(C=C(C=C2)Cl)C(=NC(C1=O)O)C3=CC=CC=C3,C1CC(=O)N(C1)C(CP)P
4485,26924,0,CC1=C(C(C(=C(N1)C)C(=O)OC)C2=CC=CC=C2[N+](=O)[O-])C(=O)OC,O[Si](=O)[O-].O[Si](=O)[O-].[O-][Si](=O)[O-].[O-][Si](=O)[O-].[Mg+2].[Mg+2].[Mg+2]
5284583,71485,0,CCC(C(=O)N)N1CCCC1=O,C(C1C(C(C(C(O1)OC2(C(C(C(O2)CCl)O)O)CCl)O)O)Cl)O
66860907,56841934,0,CC1=CC(=C(C=C1)SC2=CC=CC=C2N3CCNCC3)C.Cl,O.O.O.[Fe].[Fe]
9869929,10112,0,COC1=C(C=C(C=C1)CNC2=NC(=NC=C2C(=O)NCC3=NC=CC=N3)N4CCCC4CO)Cl,C(=O)([O-])[O-].[Ca+2]
44093,104938,0,CC(CS)C(=O)N1CCCC1C(=O)O,C(C1C(C(C(C(O1)OC2C(OC(C(C2O)O)O)CO)O)O)O)O.O
216326,11177,0,C1CC(=O)NC(=O)C1N2CC3=C(C2=O)C=CC=C3N,CCCCCCCCCCCCCCCCCC(=O)[O-].CCCCCCCCCCCCCCCCCC(=O)[O-].[Mg+2]
14055602,24823,1,COC1C(OC(C(C1O)O)OC2C(OC(C(C2O)O)OC)CO)CO,[O-][O+]=O
3885,21862903,1,CC1(CCC2=C(O1)C3=CC=CC=C3C(=O)C2=O)C,O.O.[O-]P(=O)([O-])[O-].[Ca+2].[Ca+2]
16158208,16211978,0,CC1C(=O)NC2CSSCC3C(=O)NC(C(=O)NC(C(=O)NC(CSSCC(NC(=O)CNC(=O)C(NC2=O)C(C)O)C(=O)NC(CC4=CC=C(C=C4)O)C(=O)O)C(=O)NC(CSSCC(C(=O)N3)N)C(=O)NC(C(=O)N5CCCC5C(=O)N1)CC(=O)N)CC6=CC=C(C=C6)O)CCC(=O)O,O=[Fe].O=[Fe]O[Fe]=O
656631,23706213,0,CN1CCCC1CC2=CNC3=C2C=C(C=C3)CCS(=O)(=O)C4=CC=CC=C4.Br,CC(=O)[O-].C(C(C(C(C(C=O)O)O)O)O)O.[Na+]
24776445,56841934,0,CS(=O)(=O)C1=CC(=C(C=C1)C(=O)NC2=CC(=C(C=C2)Cl)C3=CC=CC=N3)Cl,O.O.O.[Fe].[Fe]
16214875,71406,0,CN1C=NC2=C1C=C(C(=C2F)NC3=C(C=C(C=C3)Br)Cl)C(=O)NOCCO.OS(=O)(=O)O,CC1=C(C(=C(C2=C1OC(CC2)(C)CCCC(C)CCCC(C)CCCC(C)C)C)OC(=O)CCC(=O)OCCO)C
23670359,131751496,0,CCCCCN(C)CCC(O)(P(=O)(O)O)P(=O)(O)[O-].[Na+],C1CC(=O)N(C1)C(CP)P
44472635,26042,0,C1CC(NC1CC2=CC=C(C=C2)NC(=O)C3CCC4=NC=CC(=O)N34)C(C5=CC=CC=C5)O,O=[Ti]=O
92974,14923,0,C1=CC(=C(C=C1C(C(C(=O)O)N)O)O)O,[NH4+].[OH-]
24785956,6917,0,CC1=C(C(=O)N(C(=O)N1CC2=C(C=CC=C2F)C(F)(F)F)CC(C3=CC=CC=C3)NCCCC(=O)[O-])C4=C(C(=CC=C4)OC)F.[Na+],C=CN1CCCC1=O
54697325,26042,0,CC(C)(C)CNCC1=CC(=C2CC3CC4C(C(=O)C(=C(C4(C(=O)C3=C(C2=C1O)O)O)O)C(=O)N)N(C)C)N(C)C,O=[Ti]=O
25141092,3037558,0,CN1CCN(CC1)C2=CC(=C(C=C2)C(=O)NC3=NNC4=C3C=C(C=C4)CC5=CC(=CC(=C5)F)F)NC6CCOCC6,C(C1C(C(C(C(O1)OC(C(CO)O)C(C(C=O)O)O)O)O)O)O
11434065,26042,0,CCCCCCOC(=O)N=C(C1=CC=C(C=C1)NCC2=NC3=C(N2C)C=CC(=C3)C(=O)N(CCC(=O)OCC)C4=CC=CC=N4)N.CS(=O)(=O)O,O=[Ti]=O
12560,6251,1,CCC1C(C(C(C(=O)C(CC(C(C(C(C(C(=O)O1)C)OC2CC(C(C(O2)C)O)(C)OC)C)OC3C(C(CC(O3)C)N(C)C)O)(C)O)C)C)O)(C)O,C(C(C(C(C(CO)O)O)O)O)O
5282379,444041,0,CC1=C(C(CCC1)(C)C)C=CC(=CC=CC(=CC(=O)O)C)C,C(C1C2C(C(C(O1)OC3C(OC(C(C3O)O)OC4C(OC(C(C4O)O)OC5C(OC(C(C5O)O)OC6C(OC(C(C6O)O)OC7C(OC(C(C7O)O)OC8C(OC(O2)C(C8O)O)CO)CO)CO)CO)CO)CO)O)O)O
123603,104938,0,CC1OC2(CN3CCC2CC3)CS1.Cl,C(C1C(C(C(C(O1)OC2C(OC(C(C2O)O)O)CO)O)O)O)O.O
63013,14055602,0,CN(C)CC1CCCCC1(C2=CC(=CC=C2)OC)O.Cl,COC1C(OC(C(C1O)O)OC2C(OC(C(C2O)O)OC)CO)CO
49800073,104938,0,C1C2CC2N(C1C#N)C(=O)C(C34CC5CC(C3)CC(C5)(C4)O)N.Cl,C(C1C(C(C(C(O1)OC2C(OC(C(C2O)O)O)CO)O)O)O)O.O
6918486,518696,0,CCC1C(=O)N(CC(=O)N(C(C(=O)NC(C(=O)N(C(C(=O)NC(C(=O)NC(C(=O)N(C(C(=O)N(C(C(=O)N(C(C(=O)N(C(C(=O)N1)C(C(C)CC=CC=C)O)C)C(C)C)C)CC(C)C)C)CC(C)C)C)C)C)CC(C)C)C)C(C)C)CC(C)C)C)C,O=[Fe]O[Fe]=O
5362065,56841934,0,C=CC1=C(N2C(C(C2=O)NC(=O)C(=NOCC(=O)O)C3=CSC(=N3)N)SC1)C(=O)O,O.O.O.[Fe].[Fe]
45375808,11177,0,CC(C)OC(=O)C(C)NP(=O)(OCC1C(C(C(O1)N2C=CC(=O)NC2=O)(C)F)O)OC3=CC=CC=C3,CCCCCCCCCCCCCCCCCC(=O)[O-].CCCCCCCCCCCCCCCCCC(=O)[O-].[Mg+2]
9869929,444972,0,COC1=C(C=C(C=C1)CNC2=NC(=NC=C2C(=O)NCC3=NC=CC=N3)N4CCCC4CO)Cl,C(=CC(=O)O)C(=O)O
45138699,131751496,0,CC1CN(CC(O1)C)C2=NC=C(C=C2)NC(=O)C3=CC=CC(=C3C)C4=CC=C(C=C4)OC(F)(F)F.OP(=O)(O)O.OP(=O)(O)O,C1CC(=O)N(C1)C(CP)P
445643,31404,0,CC1CC(C2C(CC(C(O2)(C(=O)C(=O)N3CCCCC3C(=O)OC(C(C(CC(=O)C(C=C(C1)C)CC=C)O)C)C(=CC4CCC(C(C4)OC)O)C)O)C)OC)OC,CC1=CC(=C(C(=C1)C(C)(C)C)O)C(C)(C)C
62923,5281,0,CN(C)CC(C1=CC=C(C=C1)OC)C2(CCCCC2)O.Cl,CCCCCCCCCCCCCCCCCC(=O)O
6842999,104805,0,CC1CS(=O)(=O)CCN1N=CC2=CC=C(O2)[N+](=O)[O-],O.O.OP(=O)([O-])[O-].[Ca+2]
3062316,6328154,0,CC1=C(C(=CC=C1)Cl)NC(=O)C2=CN=C(S2)NC3=CC(=NC(=N3)C)N4CCN(CC4)CCO,CC(=O)O.C(C(C(C(C(C=O)O)O)O)O)O.[Na]
71424,104938,0,CCOC1=CC=CC=C1OCC2CNCCO2.Cl,C(C1C(C(C(C(O1)OC2C(OC(C(C2O)O)O)CO)O)O)O)O.O
6018,104938,0,CC(C)CC1CN2CCC3=CC(=C(C=C3C2CC1=O)OC)OC,C(C1C(C(C(C(O1)OC2C(OC(C(C2O)O)O)CO)O)O)O)O.O
6116,784,1,CC(=O)[O-].CC(=O)[O-].[Ca+2],OO
118023034,19700,0,CC(C1=CC=C(C=C1)F)(C2=CN=C(N=C2)N3CCN(CC3)C4=NC=NN5C4=CC(=C5)C6=CN(N=C6)C)N,CCN(CC1=CC(=CC=C1)S(=O)(=O)[O-])C2=CC=C(C=C2)C(=C3C=CC(=[N+](CC)CC4=CC(=CC=C4)S(=O)(=O)[O-])C=C3)C5=CC=CC=C5S(=O)(=O)[O-].[Na+].[Na+]
2756,134601,0,CC1=C(N=CN1)CSCCNC(=NC)NC#N,COC(=O)C(CC1=CC=CC=C1)NC(=O)C(CC(=O)O)N
56844015,14055602,0,B1(OC(=O)C(O1)(CC(=O)O)CC(=O)O)C(CC(C)C)NC(=O)CNC(=O)C2=C(C=CC(=C2)Cl)Cl,COC1C(OC(C(C1O)O)OC2C(OC(C(C2O)O)OC)CO)CO
57379345,14923,0,CC1=CC(=C(C=C1C2CCNCC2)OC(C)C)NC3=NC=C(C(=N3)NC4=CC=CC=C4S(=O)(=O)C(C)C)Cl,[NH4+].[OH-]
67171867,6917,0,CC(CN1C=CC(=N1)C2=CC(=C(C=C2)C#N)Cl)NC(=O)C3=NNC(=C3)C(C)O,C=CN1CCCC1=O
5281068,11177,0,CN(C)CCC(C1=CC=C(C=C1)Cl)C2=CC=CC=N2.C(=CC(=O)O)C(=O)O,CCCCCCCCCCCCCCCCCC(=O)[O-].CCCCCCCCCCCCCCCCCC(=O)[O-].[Mg+2]
60606,6251,0,COC(=O)C(C1=CC=CC=C1Cl)N2CCC3=C(C2)C=CS3,C(C(C(C(C(CO)O)O)O)O)O
443872,26042,0,CC12CCC(=O)C=C1CC(C3C24C(O4)CC5(C3CCC56CCC(=O)O6)C)C(=O)OC,O=[Ti]=O
54891,8314,0,CCOC(=O)C(CCC1=CC=CC=C1)NC(C)C(=O)N2CC3=CC=CC=C3CC2C(=O)O.Cl,CCC(C)C(=O)O
25102846,294,0,COC1=CC2=C(C=CN=C2C=C1OC)OC3=CC=C(C=C3)NC(=O)C4(CC4)C(=O)NC5=CC=C(C=C5)F.C(C(C(=O)O)O)C(=O)O,C(C1C(C(C(C(O1)OC2C(OC(C(C2O)O)O)CO)O)O)O)O
25151352,131751496,0,C1=CC(=NC=C1CC2=CNC3=C2C=C(C=N3)Cl)NCC4=CN=C(C=C4)C(F)(F)F,C1CC(=O)N(C1)C(CP)P
71481097,24261,0,C1=CN=C(C=N1)NNC(=O)C=CN2C=NC(=N2)C3=CC(=CC(=C3)C(F)(F)F)C(F)(F)F,O=[Si]=O
2802,6134,0,C1C(=O)NC2=C(C=C(C=C2)[N+](=O)[O-])C(=N1)C3=CC=CC=C3Cl,C(C1C(C(C(C(O1)OC2C(OC(C(C2O)O)O)CO)O)O)O)O
60795,86278134,0,C1CC(=O)NC2=C1C=CC(=C2)OCCCCN3CCN(CC3)C4=C(C(=CC=C4)Cl)Cl,C(C1C(C(C(C(O1)OC2C(OC(C(C2O)O)OCC3C(C(C(C(O3)OC4C(OC(C(C4O)O)OC5C(OC(C(C5O)O)O)CO)CO)O)O)OC6C(C(C(C(O6)CO)OC7C(C(C(C(O7)CO)O)O)O)O)O)CO)O)O)O)O
56843331,6917,0,CCC(C)C(C(=O)NC(C)C(=O)NC(CC1=CNC2=CC=CC=C21)C(=O)NC(CC(C)C)C(=O)NC(C(C)C)C(=O)NC(CCCNC(=N)N)C(=O)NCC(=O)NC(CCCNC(=N)N)C(=O)NCC(=O)O)NC(=O)C(CC3=CC=CC=C3)NC(=O)C(CCC(=O)O)NC(=O)C(CCCCNC(=O)COCCOCCNC(=O)COCCOCCNC(=O)CCC(C(=O)O)NC(=O)CCCCCCCCCCCCCCCCC(=O)O)NC(=O)C(C)NC(=O)C(C)NC(=O)C(CCC(=O)N)NC(=O)CNC(=O)C(CCC(=O)O)NC(=O)C(CC(C)C)NC(=O)C(CC4=CC=C(C=C4)O)NC(=O)C(CO)NC(=O)C(CO)NC(=O)C(C(C)C)NC(=O)C(CC(=O)O)NC(=O)C(CO)NC(=O)C(C(C)O)NC(=O)C(CC5=CC=CC=C5)NC(=O)C(C(C)O)NC(=O)CNC(=O)C(CCC(=O)O)NC(=O)C(C)(C)NC(=O)C(CC6=CN=CN6)N,C=CN1CCCC1=O
25141092,6850749,0,CN1CCN(CC1)C2=CC(=C(C=C2)C(=O)NC3=NNC4=C3C=C(C=C4)CC5=CC(=CC(=C5)F)F)NC6CCOCC6,CC1(C2CCC(C23CC1C(=CC3O)C(=O)O)C(=O)O)CO.C(CCCC(C(CCCCCO)O)O)CCCC(=O)O
1349907,26924,0,CN1C=CNC1=S,O[Si](=O)[O-].O[Si](=O)[O-].[O-][Si](=O)[O-].[O-][Si](=O)[O-].[Mg+2].[Mg+2].[Mg+2]
4539,6328154,0,CCN1C=C(C(=O)C2=CC(=C(C=C21)N3CCNCC3)F)C(=O)O,CC(=O)O.C(C(C(C(C(C=O)O)O)O)O)O.[Na]
130564,123706,0,CC1=CN=C(C(=C1OC)C)CS(=O)C2=NC3=C([N-]2)C=CC(=C3)OC.CC1=CN=C(C(=C1OC)C)CS(=O)C2=NC3=C([N-]2)C=CC(=C3)OC.[Mg+2],CCC(C1=C(C=C(C=C1)N(C)C)C)N
9280,11199,0,COC(=O)C(C1CCCCN1)C2=CC=CC=C2.Cl,C=CO
2783,6134,1,CC(C)(C)NCC(C1=CC(=C(C(=C1)Cl)N)Cl)O,C(C1C(C(C(C(O1)OC2C(OC(C(C2O)O)O)CO)O)O)O)O
3955,155491311,1,CN(C)C(=O)C(CCN1CCC(CC1)(C2=CC=C(C=C2)Cl)O)(C3=CC=CC=C3)C4=CC=CC=C4,O.O.O.O.[OH-].[O-2].[O-2].[O-2].[O-2].[O-2].[O-2].[O-2].[O-2].[O-2].[O-2].[Mg+2].[Al+3].[Si].[Si].[Si].[Si]
5311083,3776,0,CC1=CN=C(C(=C1OC)C)CS(=O)C2=NC3=C([N-]2)C=CC(=C3)OC.CC1=CN=C(C(=C1OC)C)CS(=O)C2=NC3=C([N-]2)C=CC(=C3)OC.[Mg+2],CC(C)O
5362119,131751496,0,C1CC(N(C1)C(=O)C(CCCCN)NC(CCC2=CC=CC=C2)C(=O)O)C(=O)O,C1CC(=O)N(C1)C(CP)P
5486971,16211978,0,CC(C)CC(CC(=O)O)CN,O=[Fe].O=[Fe]O[Fe]=O
3058751,26924,1,C1=CC=C(C=C1)C(CCN)OC2=CC=C(C=C2)C(F)(F)F,O[Si](=O)[O-].O[Si](=O)[O-].[O-][Si](=O)[O-].[O-][Si](=O)[O-].[Mg+2].[Mg+2].[Mg+2]
44472635,518696,0,C1CC(NC1CC2=CC=C(C=C2)NC(=O)C3CCC4=NC=CC(=O)N34)C(C5=CC=CC=C5)O,O=[Fe]O[Fe]=O
3033637,6581,0,CNC(=C[N+](=O)[O-])NCCSCC1=CSC(=N1)CN(C)C,C=CC(=O)O
4927,6251,1,CC(CN1C2=CC=CC=C2SC3=CC=CC=C31)N(C)C,C(C(C(C(C(CO)O)O)O)O)O
9838021,6850749,0,CCC(C1=CC(=CC=C1)O)C(C)CN(C)C.Cl,CC1(C2CCC(C23CC1C(=CC3O)C(=O)O)C(=O)O)CO.C(CCCC(C(CCCCCO)O)O)CCCC(=O)O
24755604,174,0,CCCCC(=O)N(CC1=CC=C(C=C1)C2=CC=CC=C2C3=NN=N[N-]3)C(C(C)C)C(=O)[O-].CCOC(=O)C(C)CC(CC1=CC=C(C=C1)C2=CC=CC=C2)NC(=O)CCC(=O)[O-].O.[Na+].[Na+].[Na+],C(CO)O
5281004,44134661,0,CCCC1OC2CC3C4CCC5=CC(=O)C=CC5(C4C(CC3(C2(O1)C(=O)CO)C)O)C,C1C(C(OC1N2C=NC3=C(N=CN=C32)N)COP(=O)(O)OP(=O)([O-])OP(=O)(O)[O-])O.[Na+].[Na+]
219078,16211978,0,CC(=O)NC(COC)C(=O)NCC1=CC=CC=C1,O=[Fe].O=[Fe]O[Fe]=O
24970412,3776,0,CNCC(C(C(C(CO)O)O)O)O.C1=CC2=C(C=C1C(=O)O)OC(=N2)C3=CC(=CC(=C3)Cl)Cl,CC(C)O
16203739,11199,0,CC(C1=CC(=CC(=C1)C(F)(F)F)C(F)(F)F)OCC2(CCC3(CCC(=O)N3)CN2)C4=CC=CC=C4.O.Cl,C=CO
77997,134601,0,CN(C)CCC1=CNC2=C1C=C(C=C2)CN3C=NC=N3.C1=CC=C(C=C1)C(=O)O,COC(=O)C(CC1=CC=CC=C1)NC(=O)C(CC(=O)O)N
11990828,14055602,0,CN1CCN(CC1)CCCOC2=C(C=C3C(=C2)N=CC(=C3NC4=CC(=C(C=C4Cl)Cl)OC)C#N)OC.O,COC1C(OC(C(C1O)O)OC2C(OC(C(C2O)O)OC)CO)CO
11304743,3423265,0,CN(C1=C(N=C(N=C1N)C2=NN(C3=C2C=CC=N3)CC4=CC=CC=C4F)N)C(=O)OC,CCCCCCCCCCCCOS(=O)(=O)[O-].[Na+]
67462786,3423265,0,CC(C)NCCN(C1=CC2=NC(=CN=C2C=C1)C3=CN(N=C3)C)C4=CC(=CC(=C4)OC)OC,CCCCCCCCCCCCOS(=O)(=O)[O-].[Na+]
18283,26924,0,CC1=CN(C(=O)NC1=O)C2C=CC(O2)CO,O[Si](=O)[O-].O[Si](=O)[O-].[O-][Si](=O)[O-].[O-][Si](=O)[O-].[Mg+2].[Mg+2].[Mg+2]
78131177,875,0,CN1CC(C2=C(C1)C(=CC(=C2)Cl)Cl)C3=CC(=CC=C3)S(=O)(=O)NCCOCCOCCNC(=O)NCCCCNC(=O)NCCOCCOCCNS(=O)(=O)C4=CC=CC(=C4)C5CN(CC6=C5C=C(C=C6Cl)Cl)C.Cl.Cl,C(C(C(=O)O)O)(C(=O)O)O
5284359,1117,1,[Cl-].[Cl-].[Ca+2],[O-]S(=O)(=O)[O-]
58460047,121950,0,CN1C(=NNC1=O)CN2C=CC(=C(C2=O)OC3=CC(=CC(=C3)C#N)Cl)C(F)(F)F,CC(CO)O.CC(=O)O.CO.C(CC(=O)O)C(=O)O
11167602,26042,0,CNC(=O)C1=NC=CC(=C1)OC2=CC(=C(C=C2)NC(=O)NC3=CC(=C(C=C3)Cl)C(F)(F)F)F,O=[Ti]=O
11990828,22895896,0,CN1CCN(CC1)CCCOC2=C(C=C3C(=C2)N=CC(=C3NC4=CC(=C(C=C4Cl)Cl)OC)C#N)OC.O,CCCOC(C)COCCO
456199,104938,0,C1C(COC2=NC(=CN21)[N+](=O)[O-])OCC3=CC=C(C=C3)OC(F)(F)F,C(C1C(C(C(C(O1)OC2C(OC(C(C2O)O)O)CO)O)O)O)O.O
6112,7456,1,C1CSSC1CCCCC(=O)O,COC(=O)C1=CC=C(C=C1)O
2249,6581,0,CC(C)NCC(COC1=CC=C(C=C1)CC(=O)N)O,C=CC(=O)O
16203739,6328154,0,CC(C1=CC(=CC(=C1)C(F)(F)F)C(F)(F)F)OCC2(CCC3(CCC(=O)N3)CN2)C4=CC=CC=C4.O.Cl,CC(=O)O.C(C(C(C(C(C=O)O)O)O)O)O.[Na]
11167602,6328154,0,CNC(=O)C1=NC=CC(=C1)OC2=CC(=C(C=C2)NC(=O)NC3=CC(=C(C=C3)Cl)C(F)(F)F)F,CC(=O)O.C(C(C(C(C(C=O)O)O)O)O)O.[Na]
5560,121950,1,C1=C2C(=CC(=C1Cl)S(=O)(=O)N)S(=O)(=O)NC(N2)C(Cl)Cl,CC(CO)O.CC(=O)O.CO.C(CC(=O)O)C(=O)O
5330286,11177,0,CC1=C(C(=O)N(C2=NC(=NC=C12)NC3=NC=C(C=C3)N4CCNCC4)C5CCCC5)C(=O)C,CCCCCCCCCCCCCCCCCC(=O)[O-].CCCCCCCCCCCCCCCCCC(=O)[O-].[Mg+2]
23668479,2723872,0,CC1=NN=C(O1)C(=O)NC(C)(C)C2=NC(=C(C(=O)N2C)[O-])C(=O)NCC3=CC=C(C=C3)F.[K+],C1C(C(C(C(O1)(CO)O)O)O)O
31703,31296,0,CC1C(C(CC(O1)OC2CC(CC3=C2C(=C4C(=C3O)C(=O)C5=C(C4=O)C(=CC=C5)OC)O)(C(=O)CO)O)N)O,C(Cl)(Br)Br
18283,6134,0,CC1=CN(C(=O)NC1=O)C2C=CC(O2)CO,C(C1C(C(C(C(O1)OC2C(OC(C(C2O)O)O)CO)O)O)O)O
49843517,6506,0,CCCCCCOC(C)C1=CC=CC(=C1OC)C2=CSC(=N2)NC(=O)C3=CC(=C(C(=C3)Cl)C=C(C)C(=O)O)Cl,CCOC(=O)CC(CC(=O)OCC)(C(=O)OCC)O
4044,24748,0,CC1=C(C(=CC=C1)NC2=CC=CC=C2C(=O)O)C,CC(=O)O.C(C(C(C(C(C=O)O)O)O)O)O
53239799,104938,0,CCC1=CC2=C(C=C1N3CCC(CC3)N4CCOCC4)C(C5=C(C2=O)C6=C(N5)C=C(C=C6)C#N)(C)C.Cl,C(C1C(C(C(C(O1)OC2C(OC(C(C2O)O)O)CO)O)O)O)O.O
92974,11177,0,C1=CC(=C(C=C1C(C(C(=O)O)N)O)O)O,CCCCCCCCCCCCCCCCCC(=O)[O-].CCCCCCCCCCCCCCCCCC(=O)[O-].[Mg+2]
9933004,24261,0,C1CC2=C(C=CC(=C2)F)OC1C(CNCC(C3CCC4=C(O3)C=CC(=C4)F)O)O.Cl,O=[Si]=O
18004026,445709,0,CC1=CC=C(C=C1)C2=C(N3C=C(C=CC3=N2)C)CC(=O)N(C)C.C(C(C(=O)O)O)(C(=O)O)O,O.O.O.[Fe]
60795,445709,0,C1CC(=O)NC2=C1C=CC(=C2)OCCCCN3CCN(CC3)C4=C(C(=CC=C4)Cl)Cl,O.O.O.[Fe]
1983,174,0,CC(=O)NC1=CC=C(C=C1)O,C(CO)O
3559,131751496,1,C1CN(CCC1(C2=CC=C(C=C2)Cl)O)CCCC(=O)C3=CC=C(C=C3)F,C1CC(=O)N(C1)C(CP)P
148195,26042,0,C1CN(CCC1CC(=O)N2CCC(CC2)C3C4=C(CCC5=C3N=CC(=C5)Br)C=C(C=C4Br)Cl)C(=O)N,O=[Ti]=O
56959086,6328154,0,COCCOCCOCCOCCOCCOCCOCCOC1CCC2(C3CC4=C5C2(C1OC5=C(C=C4)O)CCN3CC=C)O.C(=O)(C(=O)O)O,CC(=O)O.C(C(C(C(C(C=O)O)O)O)O)O.[Na]
4075,4093,0,C1=CC(=C(C=C1N)C(=O)O)O,CC(=C)C(=O)O
9918581,11199,0,C1CCC(CC1)N2CCN(CC2)C3=C(N=C(S3)NC(=O)C4=CC(=C(N=C4)N5CCC(CC5)C(=O)O)Cl)C6=CC(=CS6)Cl.C(=CC(=O)O)C(=O)O,C=CO
6014,656582,0,CC(CN1C2=CC=CC=C2SC3=CC=CC=C31)N(C)C.Cl,C1=CC=C2C(=C1)C(=O)[N-]S2(=O)=O.[Na+]
66860907,11177,0,CC1=CC(=C(C=C1)SC2=CC=CC=C2N3CCNCC3)C.Cl,CCCCCCCCCCCCCCCCCC(=O)[O-].CCCCCCCCCCCCCCCCCC(=O)[O-].[Mg+2]
53239799,26042,0,CCC1=CC2=C(C=C1N3CCC(CC3)N4CCOCC4)C(C5=C(C2=O)C6=C(N5)C=C(C=C6)C#N)(C)C.Cl,O=[Ti]=O
4091,6134,1,CN(C)C(=N)N=C(N)N,C(C1C(C(C(C(O1)OC2C(OC(C(C2O)O)O)CO)O)O)O)O
214348,22895896,0,C1=CC=C(C(=C1)C2=NN(C(=N2)C3=CC=CC=C3O)C4=CC=C(C=C4)C(=O)O)O,CCCOC(C)COCCO
121494085,7175,0,C(C1C(C(C(C(O1)OC2(C(C(C(O2)COS(=O)(=O)O[Al])OS(=O)(=O)O[Al])OS(=O)(=O)O[Al])COS(=O)(=O)O[Al])OS(=O)(=O)O[Al])OS(=O)(=O)O[Al])OS(=O)(=O)O[Al])OS(=O)(=O)O[Al].O.O.O.O.O.O.O.O.O.O.O.O.O.O.O.O.O.O.O.O.[Al],CCCOC(=O)C1=CC=C(C=C1)O
76970819,123706,0,CCC1=C(N=C(C(=N1)C(=O)N)NC2=CC(=C(C=C2)N3CCC(CC3)N4CCN(CC4)C)OC)NC5CCOCC5.CCC1=C(N=C(C(=N1)C(=O)N)NC2=CC(=C(C=C2)N3CCC(CC3)N4CCN(CC4)C)OC)NC5CCOCC5.C(=CC(=O)O)C(=O)O,CCC(C1=C(C=C(C=C1)N(C)C)C)N
169535,131751496,0,CC1=C(C(=O)C=CO1)[O-].CC1=C(C(=O)C=CO1)[O-].CC1=C(C(=O)C=CO1)[O-].[Fe+3],C1CC(=O)N(C1)C(CP)P
2249,6134,0,CC(C)NCC(COC1=CC=C(C=C1)CC(=O)N)O,C(C1C(C(C(C(O1)OC2C(OC(C(C2O)O)O)CO)O)O)O)O
9280,6251,0,COC(=O)C(C1CCCCN1)C2=CC=CC=C2.Cl,C(C(C(C(C(CO)O)O)O)O)O
71009737,26924,0,C1CC2=CN=CN2C1C3=C(C=C(C=C3)C#N)F.OP(=O)(O)O,O[Si](=O)[O-].O[Si](=O)[O-].[O-][Si](=O)[O-].[O-][Si](=O)[O-].[Mg+2].[Mg+2].[Mg+2]
107970,14797,0,CCCCCCCCC1=CC=C(C=C1)CCC(CO)(CO)N,[OH-].[K+]
56959086,174,0,COCCOCCOCCOCCOCCOCCOCCOC1CCC2(C3CC4=C5C2(C1OC5=C(C=C4)O)CCN3CC=C)O.C(=O)(C(=O)O)O,C(CO)O
5479,17730,0,CCS(=O)(=O)CCN1C(=NC=C1[N+](=O)[O-])C,C1=CC(=CC=C1N=NC2=C(C=CC3=C2C=CC(=C3)S(=O)(=O)[O-])O)S(=O)(=O)[O-].[Na+].[Na+]
71731823,24832095,0,CC1C2=C(C=CC(=C2)F)C(=O)N(CC3=NN(C(=C3C4=CC(=C(N=C4)N)O1)C#N)C)C,CC(COCC1C(C(C(C(O1)OC)OCC(C)O)OCC(C)O)OC2C(C(C(C(O2)COC)OC3C(C(C(C(O3)CO)OC)O)O)OC)OC)O
11673085,123706,0,CC1CNCCC2=C1C=C(C=C2)Cl.Cl,CCC(C1=C(C=C(C=C1)N(C)C)C)N
14720269,6251,0,CC1=C(C=CN=C1CS(=O)C2=NC3=CC=CC=C3[N-]2)OCCCOC.[Na+],C(C(C(C(C(CO)O)O)O)O)O
6450551,11177,0,CNC(=O)C1=CC=CC=C1SC2=CC3=C(C=C2)C(=NN3)C=CC4=CC=CC=N4,CCCCCCCCCCCCCCCCCC(=O)[O-].CCCCCCCCCCCCCCCCCC(=O)[O-].[Mg+2]
24821094,14055602,0,C=CC(=O)N1CCCC(C1)N2C3=NC=NC(=C3C(=N2)C4=CC=C(C=C4)OC5=CC=CC=C5)N,COC1C(OC(C(C1O)O)OC2C(OC(C(C2O)O)OC)CO)CO
49846579,26042,0,CC1(CCC(=C(C1)C2=CC=C(C=C2)Cl)CN3CCN(CC3)C4=CC(=C(C=C4)C(=O)NS(=O)(=O)C5=CC(=C(C=C5)NCC6CCOCC6)[N+](=O)[O-])OC7=CN=C8C(=C7)C=CN8)C,O=[Ti]=O
5362119,62344,0,C1CC(N(C1)C(=O)C(CCCCN)NC(CCC2=CC=CC=C2)C(=O)O)C(=O)O,CN(C)C1=CC2=C(C=C1)C=C3C=CC(=CC3=N2)N(C)C
11251522,24261,0,C1CC1C2=NC3=CC=CC=C3C(=C2C=CC(CC(CC(=O)[O-])O)O)C4=CC=C(C=C4)F.C1CC1C2=NC3=CC=CC=C3C(=C2C=CC(CC(CC(=O)[O-])O)O)C4=CC=C(C=C4)F.[Ca+2],O=[Si]=O
10472693,26924,0,CC(C)(CCCCCC(CCCCCC(C)(C)C(=O)O)O)C(=O)O,O[Si](=O)[O-].O[Si](=O)[O-].[O-][Si](=O)[O-].[O-][Si](=O)[O-].[Mg+2].[Mg+2].[Mg+2]
23665037,104938,1,C1=C(C=C(C(=C1I)OC2=CC(=C(C(=C2)I)O)I)I)CC(C(=O)[O-])N.O.O.O.O.O.[Na+],C(C1C(C(C(C(O1)OC2C(OC(C(C2O)O)O)CO)O)O)O)O.O
60871,11177,0,CC(C)(C)C(=O)OCOP(=O)(COCCN1C=NC2=C(N=CN=C21)N)OCOC(=O)C(C)(C)C,CCCCCCCCCCCCCCCCCC(=O)[O-].CCCCCCCCCCCCCCCCCC(=O)[O-].[Mg+2]
23668479,26042,0,CC1=NN=C(O1)C(=O)NC(C)(C)C2=NC(=C(C(=O)N2C)[O-])C(=O)NCC3=CC=C(C=C3)F.[K+],O=[Ti]=O
11250029,24261,0,CC1=CC(=CC(=C1CC(C(=O)N(CC2=CC(=C(C=C2)OC)C(=O)O)C(C)C3=NC=C(N3)C4=CC=CC=C4)N)C)C(=O)N,O=[Si]=O
444030,518696,0,C1CN(CC1C(C2=CC=CC=C2)(C3=CC=CC=C3)C(=O)N)CCC4=CC5=C(C=C4)OCC5.Br,O=[Fe]O[Fe]=O
441358,24261,0,CNCCC=C1C2=CC=CC=C2CCC3=CC=CC=C31.Cl,O=[Si]=O
14720269,26924,0,CC1=C(C=CN=C1CS(=O)C2=NC3=CC=CC=C3[N-]2)OCCCOC.[Na+],O[Si](=O)[O-].O[Si](=O)[O-].[O-][Si](=O)[O-].[O-][Si](=O)[O-].[Mg+2].[Mg+2].[Mg+2]
54681908,516892,0,CN(C)C1C2CC3CC4=C(C=CC(=C4C(=C3C(=O)C2(C(=C(C1=O)C(=O)N)O)O)O)O)CN(C)OC,C(=O)(O)[O-].[Na+]
1349907,6917,0,CN1C=CNC1=S,C=CN1CCCC1=O
45375808,26924,0,CC(C)OC(=O)C(C)NP(=O)(OCC1C(C(C(O1)N2C=CC(=O)NC2=O)(C)F)O)OC3=CC=CC=C3,O[Si](=O)[O-].O[Si](=O)[O-].[O-][Si](=O)[O-].[O-][Si](=O)[O-].[Mg+2].[Mg+2].[Mg+2]
4075,4134690,0,C1=CC(=C(C=C1N)C(=O)O)O,C(CCCCCCCCCCO)CCCCCCCCCO
6918313,174,0,C1CN(CCN1CCCCC2=CNC3=C2C=C(C=C3)C#N)C4=CC5=C(C=C4)OC(=C5)C(=O)N.Cl,C(CO)O
148195,6917,0,C1CN(CCC1CC(=O)N2CCC(CC2)C3C4=C(CCC5=C3N=CC(=C5)Br)C=C(C=C4Br)Cl)C(=O)N,C=CN1CCCC1=O
9918581,174,0,C1CCC(CC1)N2CCN(CC2)C3=C(N=C(S3)NC(=O)C4=CC(=C(N=C4)N5CCC(CC5)C(=O)O)Cl)C6=CC(=CS6)Cl.C(=CC(=O)O)C(=O)O,C(CO)O
60846,11177,0,CCCCC(=O)N(CC1=CC=C(C=C1)C2=CC=CC=C2C3=NNN=N3)C(C(C)C)C(=O)O,CCCCCCCCCCCCCCCCCC(=O)[O-].CCCCCCCCCCCCCCCCCC(=O)[O-].[Mg+2]
14986,105075,1,CC1=C(C=C2CCC(OC2=C1C)(C)CCCC(C)CCCC(C)CCCC(C)C)O,OS(=O)(=O)O.[Fe]
46216142,23665634,0,CC1CCOC2N1C(=O)C3=C(C(=O)C(=CN3C2)C(=O)NCC4=C(C=C(C=C4)F)F)[O-].[Na+],CCCCCCCCCCCCCCCCCCOC(=O)C=CC(=O)[O-].[Na+]
6450800,14055602,0,CCCCN(CCCC)CC(C1=CC(=CC2=C1C3=C(C2=CC4=CC=C(C=C4)Cl)C=C(C=C3)Cl)Cl)O.CC1CCC2C(C(OC3C24C1CCC(O3)(OO4)C)OC)C,COC1C(OC(C(C1O)O)OC2C(OC(C(C2O)O)OC)CO)CO
2130,5541,0,C1C2CC3CC1CC(C2)(C3)N,CC(=O)OCC(COC(=O)C)OC(=O)C
1983,14055602,0,CC(=O)NC1=CC=C(C=C1)O,COC1C(OC(C(C1O)O)OC2C(OC(C(C2O)O)OC)CO)CO
25154713,135436515,0,CC(C)C(C(=O)N1CCCC1C2=NC=C(N2)C3=CC=C(C=C3)C4=CC=C(C=C4)C5=CN=C(N5)C6CCCN6C(=O)C(C(C)C)NC(=O)OC)NC(=O)OC.Cl.Cl,C1=CC2=C(C=C1S(=O)(=O)O)C(=C(N2)C3=NC4=C(C3=O)C=C(C=C4)S(=O)(=O)O)O.[Na+]
86346053,26924,0,CC1CCC23CCC(=O)C2C1(C(CC(C(C3C)O)(C)C=C)OC(=O)CSC4CCC(CC4O)N)C.CC(=O)O,O[Si](=O)[O-].O[Si](=O)[O-].[O-][Si](=O)[O-].[O-][Si](=O)[O-].[Mg+2].[Mg+2].[Mg+2]
25154713,56843209,0,CC(C)C(C(=O)N1CCCC1C2=NC=C(N2)C3=CC=C(C=C3)C4=CC=C(C=C4)C5=CN=C(N5)C6CCCN6C(=O)C(C(C)C)NC(=O)OC)NC(=O)OC.Cl.Cl,C1=CC(=CC=C1N=NC2C(=NN(C2=O)C3=CC=C(C=C3)S(=O)(=O)O)C(=O)O)S(=O)(=O)O.[Al]
58460047,14055602,0,CN1C(=NNC1=O)CN2C=CC(=C(C2=O)OC3=CC(=CC(=C3)C#N)Cl)C(F)(F)F,COC1C(OC(C(C1O)O)OC2C(OC(C(C2O)O)OC)CO)CO
121494085,134601,0,C(C1C(C(C(C(O1)OC2(C(C(C(O2)COS(=O)(=O)O[Al])OS(=O)(=O)O[Al])OS(=O)(=O)O[Al])COS(=O)(=O)O[Al])OS(=O)(=O)O[Al])OS(=O)(=O)O[Al])OS(=O)(=O)O[Al])OS(=O)(=O)O[Al].O.O.O.O.O.O.O.O.O.O.O.O.O.O.O.O.O.O.O.O.[Al],COC(=O)C(CC1=CC=CC=C1)NC(=O)C(CC(=O)O)N
3045381,104938,0,CN(CCCN1CCC2=CC(=C(C=C2CC1=O)OC)OC)CC3CC4=CC(=C(C=C34)OC)OC.Cl,C(C1C(C(C(C(O1)OC2C(OC(C(C2O)O)O)CO)O)O)O)O.O
3476,11177,0,CCC1=C(CN(C1=O)C(=O)NCCC2=CC=C(C=C2)S(=O)(=O)NC(=O)NC3CCC(CC3)C)C,CCCCCCCCCCCCCCCCCC(=O)[O-].CCCCCCCCCCCCCCCCCC(=O)[O-].[Mg+2]
34312,24261,0,C1C2=CC=CC=C2N(C3=CC=CC=C3C1=O)C(=O)N,O=[Si]=O
71586738,1183,0,C1CC(C2=C(C=CC=N2)C(C1C3=C(C(=CC=C3)F)F)N)OC(=O)N4CCC(CC4)N5C6=C(NC5=O)N=CC=C6.C1CC(C2=C(C=CC=N2)C(C1C3=C(C(=CC=C3)F)F)N)OC(=O)N4CCC(CC4)N5C6=C(NC5=O)N=CC=C6.O.O.O.OS(=O)(=O)O,COC1=C(C=CC(=C1)C=O)O
134018,24261,0,CC1=C(SC(=N1)C2=CC(=C(C=C2)OCC(C)C)C#N)C(=O)O,O=[Si]=O
168924,11177,0,C(=O)([O-])[O-].C(=O)([O-])[O-].C(=O)([O-])[O-].[La+3].[La+3],CCCCCCCCCCCCCCCCCC(=O)[O-].CCCCCCCCCCCCCCCCCC(=O)[O-].[Mg+2]
135398739,24832091,0,C1CC(OC1CO)N2C=NC3=C2N=CNC3=O,CCOCC1C(C(C(C(O1)OC)OCC)OCC)OC2C(C(C(C(O2)CO)OC)O)O
10034073,14055602,0,CCC1C=C(C(CC=CC=C(C(=O)OC(CC=C(C=C(C1OC2C(C(C(C(O2)(C)C)OC(=O)C(C)C)O)O)C)C)C(C)O)COC3C(C(C(C(O3)C)OC(=O)C4=C(C(=C(C(=C4O)Cl)O)Cl)CC)O)OC)O)C,COC1C(OC(C(C1O)O)OC2C(OC(C(C2O)O)OC)CO)CO
11597697,445709,0,CC(CC1=CC=CC=C1)NC(=O)C(CCCCN)N.CS(=O)(=O)O.CS(=O)(=O)O,O.O.O.[Fe]
5282379,174,0,CC1=C(C(CCC1)(C)C)C=CC(=CC=CC(=CC(=O)O)C)C,C(CO)O
118988661,14109413,0,C1=CC=NC(=C1)C(C2=CC=C(C=C2)OS(=O)(=O)[O-])C3=CC=C(C=C3)OS(=O)(=O)[O-].C(C(=O)O)C(CC(=O)O)(C(=O)O)O.O=[Mg].[Na+].[Na+],CC(=O)C1CC(=O)C2(C1(CC(=O)C3=C2C(CC4C3(CCC(C4(C)C)O)C)O)C)C
46783232,14055602,0,C1C2CNCC1C3=CC4=NC=CN=C4C=C23.C(C(C(=O)O)O)(C(=O)O)O,COC1C(OC(C(C1O)O)OC2C(OC(C(C2O)O)OC)CO)CO
44516822,16211978,0,CC(C)(C)C1=NC(=C(S1)C2=NC(=NC=C2)N)C3=C(C(=CC=C3)NS(=O)(=O)C4=C(C=CC=C4F)F)F.CS(=O)(=O)O,O=[Fe].O=[Fe]O[Fe]=O
44516822,14055602,0,CC(C)(C)C1=NC(=C(S1)C2=NC(=NC=C2)N)C3=C(C(=CC=C3)NS(=O)(=O)C4=C(C=CC=C4F)F)F.CS(=O)(=O)O,COC1C(OC(C(C1O)O)OC2C(OC(C(C2O)O)OC)CO)CO
58460047,104938,0,CN1C(=NNC1=O)CN2C=CC(=C(C2=O)OC3=CC(=CC(=C3)C#N)Cl)C(F)(F)F,C(C1C(C(C(C(O1)OC2C(OC(C(C2O)O)O)CO)O)O)O)O.O
10034073,11177,0,CCC1C=C(C(CC=CC=C(C(=O)OC(CC=C(C=C(C1OC2C(C(C(C(O2)(C)C)OC(=O)C(C)C)O)O)C)C)C(C)O)COC3C(C(C(C(O3)C)OC(=O)C4=C(C(=C(C(=C4O)Cl)O)Cl)CC)O)OC)O)C,CCCCCCCCCCCCCCCCCC(=O)[O-].CCCCCCCCCCCCCCCCCC(=O)[O-].[Mg+2]
11990828,6328154,0,CN1CCN(CC1)CCCOC2=C(C=C3C(=C2)N=CC(=C3NC4=CC(=C(C=C4Cl)Cl)OC)C#N)OC.O,CC(=O)O.C(C(C(C(C(C=O)O)O)O)O)O.[Na]
118023034,270885,0,CC(C1=CC=C(C=C1)F)(C2=CN=C(N=C2)N3CCN(CC3)C4=NC=NN5C4=CC(=C5)C6=CN(N=C6)C)N,CC(=O)OC=C.C=CN1CCCC1=O
60877,26042,0,C1C(OC(S1)CO)N2C=C(C(=NC2=O)N)F,O=[Ti]=O
46215800,104938,0,CC1COC2N1C(=O)C3=C(C(=O)C(=CN3C2)C(=O)NCC4=C(C=C(C=C4)F)F)[O-].[Na+],C(C1C(C(C(C(O1)OC2C(OC(C(C2O)O)O)CO)O)O)O)O.O
16088021,6251,0,CN1C(=O)C=C(N(C1=O)CC2=CC=CC=C2C#N)N3CCCC(C3)N.C1=CC=C(C=C1)C(=O)O,C(C(C(C(C(CO)O)O)O)O)O
67517580,56841934,0,CC1=CN=C(N=C1NC2=CC(=CC=C2)S(=O)(=O)NC(C)(C)C)NC3=CC=C(C=C3)OCCN4CCCC4.O.Cl.Cl,O.O.O.[Fe].[Fe]
11274333,1030,0,CS(=O)(=O)O.C1CN(CCC1NC(=O)C2=CC=CC=C2C3=CC=C(C=C3)C(F)(F)F)CCCCC4(C5=CC=CC=C5C6=CC=CC=C64)C(=O)NCC(F)(F)F,CC(CO)O
18283,24832091,0,CC1=CN(C(=O)NC1=O)C2C=CC(O2)CO,CCOCC1C(C(C(C(O1)OC)OCC)OCC)OC2C(C(C(C(O2)CO)OC)O)O
10096344,26924,0,CC#CCN1C2=C(N=C1N3CCCC(C3)N)N(C(=O)N(C2=O)CC4=NC5=CC=CC=C5C(=N4)C)C,O[Si](=O)[O-].O[Si](=O)[O-].[O-][Si](=O)[O-].[O-][Si](=O)[O-].[Mg+2].[Mg+2].[Mg+2]
24906252,131751496,0,CCOC1=CC=C(C=C1)CC2=C(C=CC(=C2)C3C(C(C(C(O3)CO)O)O)O)Cl.CC(CO)O.O,C1CC(=O)N(C1)C(CP)P
71586738,244,0,C1CC(C2=C(C=CC=N2)C(C1C3=C(C(=CC=C3)F)F)N)OC(=O)N4CCC(CC4)N5C6=C(NC5=O)N=CC=C6.C1CC(C2=C(C=CC=N2)C(C1C3=C(C(=CC=C3)F)F)N)OC(=O)N4CCC(CC4)N5C6=C(NC5=O)N=CC=C6.O.O.O.OS(=O)(=O)O,C1=CC=C(C=C1)CO
56649450,14055602,0,CC1=C(SC(=N1)NC(=O)N2CCCC2C(=O)N)C3=CC(=NC=C3)C(C)(C)C(F)(F)F,COC1C(OC(C(C1O)O)OC2C(OC(C(C2O)O)OC)CO)CO
214348,104938,0,C1=CC=C(C(=C1)C2=NN(C(=N2)C3=CC=CC=C3O)C4=CC=C(C=C4)C(=O)O)O,C(C1C(C(C(C(O1)OC2C(OC(C(C2O)O)O)CO)O)O)O)O.O
2130,24671,0,C1C2CC3CC1CC(C2)(C3)N,C1=CC=C2C(=C1)C(=O)C(C2=O)C3=NC4=C(C=C(C=C4C=C3)S(=O)(=O)[O-])S(=O)(=O)[O-].[Na+].[Na+]
3784,26924,0,CC1=C(C(C(=C(N1)C)C(=O)OC(C)C)C2=CC=CC3=NON=C32)C(=O)OC,O[Si](=O)[O-].O[Si](=O)[O-].[O-][Si](=O)[O-].[O-][Si](=O)[O-].[Mg+2].[Mg+2].[Mg+2]
163701,26042,0,CCN(CC)C(=O)C1(CC1CN)C2=CC=CC=C2.Cl,O=[Ti]=O
135401907,134601,0,C1=NNC2=C1C(=O)NC=N2,COC(=O)C(CC1=CC=CC=C1)NC(=O)C(CC(=O)O)N
5281792,6328154,1,C1=CC(=C(C=C1CC(C(=O)O)OC(=O)C=CC2=CC(=C(C=C2)O)O)O)O,CC(=O)O.C(C(C(C(C(C=O)O)O)O)O)O.[Na] 
130881,104938,0,CCCC1=NC(=C(N1CC2=CC=C(C=C2)C3=CC=CC=C3C4=NNN=N4)C(=O)OCC5=C(OC(=O)O5)C)C(C)(C)O,C(C1C(C(C(C(O1)OC2C(OC(C(C2O)O)O)CO)O)O)O)O.O
9941095,11177,0,CC1=CC=C(C=C1)S(=O)(=O)O.CC1=CC=C(C=C1)S(=O)(=O)O.CS(=O)(=O)CCNCC1=CC=C(O1)C2=CC3=C(C=C2)N=CN=C3NC4=CC(=C(C=C4)OCC5=CC(=CC=C5)F)Cl,CCCCCCCCCCCCCCCCCC(=O)[O-].CCCCCCCCCCCCCCCCCC(=O)[O-].[Mg+2]
23725423,14055602,0,CC1=C(C2=CC=CC=C2N1)CCNCC3=CC=C(C=C3)C=CC(=O)NO.CC(C(=O)O)O,COC1C(OC(C(C1O)O)OC2C(OC(C(C2O)O)OC)CO)CO
169535,14923,0,CC1=C(C(=O)C=CO1)[O-].CC1=C(C(=O)C=CO1)[O-].CC1=C(C(=O)C=CO1)[O-].[Fe+3],[NH4+].[OH-]
25008120,6251,0,CC1(C(=O)N(C2=C(O1)C=CC(=N2)NC3=NC(=NC=C3F)NC4=CC(=C(C(=C4)OC)OC)OC)COP(=O)([O-])[O-])C.[Na+].[Na+],C(C(C(C(C(CO)O)O)O)O)O
10096344,6251,0,CC#CCN1C2=C(N=C1N3CCCC(C3)N)N(C(=O)N(C2=O)CC4=NC5=CC=CC=C5C(=N4)C)C,C(C(C(C(C(CO)O)O)O)O)O
129228,56841934,0,C1=CC(=C(C(=C1)F)CN2C=C(N=N2)C(=O)N)F,O.O.O.[Fe].[Fe]
6014,6731,0,CC(CN1C2=CC=CC=C2SC3=CC=CC=C31)N(C)C.Cl,C1=CC=C2C(=C1)C=CC(=N2)C3C(=O)C4=CC=CC=C4C3=O
156391,6635,0,CC(C1=CC2=C(C=C1)C=C(C=C2)OC)C(=O)O,C1=CC(=CC=C1OS(=O)(=O)C2=CC=C(C=C2)Cl)Cl
121396,3423265,0,C(CC(=O)O)C(C(=O)O)NC(=O)N,CCCCCCCCCCCCOS(=O)(=O)[O-].[Na+]
58557659,6251,0,CCC1CN(CC1C2=CN=C3N2C4=C(NC=C4)N=C3)C(=O)NCC(F)(F)F,C(C(C(C(C(CO)O)O)O)O)O
71586738,6251,0,C1CC(C2=C(C=CC=N2)C(C1C3=C(C(=CC=C3)F)F)N)OC(=O)N4CCC(CC4)N5C6=C(NC5=O)N=CC=C6.C1CC(C2=C(C=CC=N2)C(C1C3=C(C(=CC=C3)F)F)N)OC(=O)N4CCC(CC4)N5C6=C(NC5=O)N=CC=C6.O.O.O.OS(=O)(=O)O,C(C(C(C(C(CO)O)O)O)O)O
447715,11177,0,CCC1C2CC(CCC2(C3CCC4(C(C3C1O)CCC4C(C)CCC(=O)O)C)C)O,CCCCCCCCCCCCCCCCCC(=O)[O-].CCCCCCCCCCCCCCCCCC(=O)[O-].[Mg+2]
15951529,56841934,0,CC1(C(=O)N(C(=S)N1C2=CC(=C(C=C2)C(=O)NC)F)C3=CC(=C(C=C3)C#N)C(F)(F)F)C,O.O.O.[Fe].[Fe]
23665037,24261,0,C1=C(C=C(C(=C1I)OC2=CC(=C(C(=C2)I)O)I)I)CC(C(=O)[O-])N.O.O.O.O.O.[Na+],O=[Si]=O
445643,5287971,0,CC1CC(C2C(CC(C(O2)(C(=O)C(=O)N3CCCCC3C(=O)OC(C(C(CC(=O)C(C=C(C1)C)CC=C)O)C)C(=CC4CCC(C(C4)OC)O)C)O)C)OC)OC,CCCCCCCCCCCCCCCC(=O)OCC(COP(=O)([O-])OCC[N+](C)(C)C)OC(=O)CCCCCCCC=CCC=CCCCCC
447715,518696,0,CCC1C2CC(CCC2(C3CCC4(C(C3C1O)CCC4C(C)CCC(=O)O)C)C)O,O=[Fe]O[Fe]=O
46908927,26924,0,CC1=C(C=C(C=C1)C(=O)NC2=CC(=C(C=C2)CN3CCN(CC3)C)C(F)(F)F)C#CC4=CN=C5N4N=CC=C5.Cl,O[Si](=O)[O-].O[Si](=O)[O-].[O-][Si](=O)[O-].[O-][Si](=O)[O-].[Mg+2].[Mg+2].[Mg+2]
3386,11177,0,CNCCC(C1=CC=CC=C1)OC2=CC=C(C=C2)C(F)(F)F,CCCCCCCCCCCCCCCCCC(=O)[O-].CCCCCCCCCCCCCCCCCC(=O)[O-].[Mg+2]
86707828,24181099,0,CC1=CC=C(C=C1)S(=O)(=O)O.CC(C)OC1=C(C=C(C=C1)C2=NN(C3=NC=NC(=C23)N)C(C)C4=C(C(=O)C5=C(O4)C=CC(=C5)F)C6=CC(=CC=C6)F)F,C1=CC(=CC=C1N=NC2C(=NN(C2=O)C3=CC=C(C=C3)S(=O)(=O)O)C(=O)O)S(=O)(=O)O.[Na+]
16124688,19700,0,C1C2C1C3C=CC2C4C3C(=O)N(C4=O)NC(=O)C5=CC=C(C=C5)C(F)(F)F,CCN(CC1=CC(=CC=C1)S(=O)(=O)[O-])C2=CC=C(C=C2)C(=C3C=CC(=[N+](CC)CC4=CC(=CC=C4)S(=O)(=O)[O-])C=C3)C5=CC=CC=C5S(=O)(=O)[O-].[Na+].[Na+]
44472635,104938,0,C1CC(NC1CC2=CC=C(C=C2)NC(=O)C3CCC4=NC=CC(=O)N34)C(C5=CC=CC=C5)O,C(C1C(C(C(C(O1)OC2C(OC(C(C2O)O)O)CO)O)O)O)O.O
107970,91502,0,CCCCCCCCC1=CC=C(C=C1)CCC(CO)(CO)N,O[Fe]=O
656631,61817,0,CN1CCCC1CC2=CNC3=C2C=C(C=C3)CCS(=O)(=O)C4=CC=CC=C4.Br,C1=CC(=CC=C1N=NC2=C(C=CC3=C2C=CC(=C3)S(=O)(=O)[O-])[O-])S(=O)(=O)[O-].[Al+3]
130564,131751496,0,CC1=CN=C(C(=C1OC)C)CS(=O)C2=NC3=C([N-]2)C=CC(=C3)OC.CC1=CN=C(C(=C1OC)C)CS(=O)C2=NC3=C([N-]2)C=CC(=C3)OC.[Mg+2],C1CC(=O)N(C1)C(CP)P
67505836,24261,0,CC(C)C(C(=O)N1CC2(CC2)CC1C3=NC=C(N3)C4=CC5=C(C=C4)C6=C(C5(F)F)C=C(C=C6)C7=CC8=C(C=C7)N=C(N8)C9C1CCC(C1)N9C(=O)C(C(C)C)NC(=O)OC)NC(=O)OC,O=[Si]=O
6324616,174,0,CC1C=CC=C(C(=O)NC2=CC(=C3C(=C2O)C(=C(C4=C3C(=O)C(O4)(OC=CC(C(C(C(C(C(C1O)C)O)C)OC(=O)C)C)OC)C)C)O)O)C,C(CO)O
11990828,174,0,CN1CCN(CC1)CCCOC2=C(C=C3C(=C2)N=CC(=C3NC4=CC(=C(C=C4Cl)Cl)OC)C#N)OC.O,C(CO)O
67505836,26042,0,CC(C)C(C(=O)N1CC2(CC2)CC1C3=NC=C(N3)C4=CC5=C(C=C4)C6=C(C5(F)F)C=C(C=C6)C7=CC8=C(C=C7)N=C(N8)C9C1CCC(C1)N9C(=O)C(C(C)C)NC(=O)OC)NC(=O)OC,O=[Ti]=O
3081361,24832095,0,CN1CCC(CC1)COC2=C(C=C3C(=C2)N=CN=C3NC4=C(C=C(C=C4)Br)F)OC,CC(COCC1C(C(C(C(O1)OC)OCC(C)O)OCC(C)O)OC2C(C(C(C(O2)COC)OC3C(C(C(C(O3)CO)OC)O)O)OC)OC)O
441308,57503849,0,CC(C)NCC(COC1=CC=C(C=C1)CCOC)O.CC(C)NCC(COC1=CC=C(C=C1)CCOC)O.C(C(C(=O)O)O)(C(=O)O)O,CC(COCC1C(C(C(C(O1)OC2C(OC(C(C2OCC(C)O)OCC(C)O)OCC(C)O)COCC(C)O)OCC(C)O)OCC(C)O)OCC(C)O)O.COCC1C(C(C(C(O1)OC2C(OC(C(C2OC)OC)OC)COC)OC)OC)OC
68844,174,1,CCNC1CN(S(=O)(=O)C2=C1C=C(S2)S(=O)(=O)N)CCCOC,C(CO)O
17747012,24261,0,CC1=CN=C(C(=C1OC)C)CS(=O)C2=NC3=C([N-]2)C=CC(=C3)OC.CC1=CN=C(C(=C1OC)C)CS(=O)C2=NC3=C([N-]2)C=CC(=C3)OC.O.O.[Mg+2],O=[Si]=O
9913767,11177,0,CC(C)N(CCCCOCC(=O)NS(=O)(=O)C)C1=CN=C(C(=N1)C2=CC=CC=C2)C3=CC=CC=C3,CCCCCCCCCCCCCCCCCC(=O)[O-].CCCCCCCCCCCCCCCCCC(=O)[O-].[Mg+2]
25008120,26042,0,CC1(C(=O)N(C2=C(O1)C=CC(=N2)NC3=NC(=NC=C3F)NC4=CC(=C(C(=C4)OC)OC)OC)COP(=O)([O-])[O-])C.[Na+].[Na+],O=[Ti]=O
5717,62551,0,CC1=CC=CC=C1S(=O)(=O)NC(=O)C2=CC(=C(C=C2)CC3=CN(C4=C3C=C(C=C4)NC(=O)OC5CCCC5)C)OC,C(COCCOCCOCCOCCO)O
10288191,26042,0,CN1C=NC2=C1C=C(C(=C2F)NC3=C(C=C(C=C3)Br)F)C(=O)NOCCO,O=[Ti]=O
3639,26924,0,C1NC2=CC(=C(C=C2S(=O)(=O)N1)S(=O)(=O)N)Cl,O[Si](=O)[O-].O[Si](=O)[O-].[O-][Si](=O)[O-].[O-][Si](=O)[O-].[Mg+2].[Mg+2].[Mg+2]
2369,14055602,0,CC(C)NCC(COC1=CC=C(C=C1)CCOCC2CC2)O,COC1C(OC(C(C1O)O)OC2C(OC(C(C2O)O)OC)CO)CO
27447,135350084,0,CC1=C(N2C(C(C2=O)NC(=O)C(C3=CC=CC=C3)N)SC1)C(=O)O,COC1=C(C=CC2=C(C=CN=C21)OC3=C(C=C(C=C3)NC(=O)C(=O)NCCC4=CC5=C(C=C4)OCO5)F)OCC6CCNCC6
42611257,121950,0,CCCS(=O)(=O)NC1=C(C(=C(C=C1)F)C(=O)C2=CNC3=C2C=C(C=N3)C4=CC=C(C=C4)Cl)F,CC(CO)O.CC(=O)O.CO.C(CC(=O)O)C(=O)O
58557659,24261,0,CCC1CN(CC1C2=CN=C3N2C4=C(NC=C4)N=C3)C(=O)NCC(F)(F)F,O=[Si]=O
17397714,26924,0,COC1=CC=CC=C1CNC(=O)C2=NOC(=C2)C3=CC=CC=C3,O[Si](=O)[O-].O[Si](=O)[O-].[O-][Si](=O)[O-].[O-][Si](=O)[O-].[Mg+2].[Mg+2].[Mg+2]
24872560,6328154,0,CNC(=O)C1=C(C=C(C=C1)N2C(=S)N(C(=O)C23CCC3)C4=CC(=C(N=C4)C#N)C(F)(F)F)F,CC(=O)O.C(C(C(C(C(C=O)O)O)O)O)O.[Na]
92974,263,0,C1=CC(=C(C=C1C(C(C(=O)O)N)O)O)O,CCCCO
25008120,518696,0,CC1(C(=O)N(C2=C(O1)C=CC(=N2)NC3=NC(=NC=C3F)NC4=CC(=C(C(=C4)OC)OC)OC)COP(=O)([O-])[O-])C.[Na+].[Na+],O=[Fe]O[Fe]=O
50922675,1110,0,CC(C)N1C=C(C(=N1)C2=C(C(=CC(=C2)Cl)NS(=O)(=O)C)F)C3=NC(=NC=C3)NCC(C)NC(=O)OC,C(CC(=O)O)C(=O)O
23668479,23665634,0,CC1=NN=C(O1)C(=O)NC(C)(C)C2=NC(=C(C(=O)N2C)[O-])C(=O)NCC3=CC=C(C=C3)F.[K+],CCCCCCCCCCCCCCCCCCOC(=O)C=CC(=O)[O-].[Na+]
24872560,174,0,CNC(=O)C1=C(C=C(C=C1)N2C(=S)N(C(=O)C23CCC3)C4=CC(=C(N=C4)C#N)C(F)(F)F)F,C(CO)O
11949652,11177,1,CC1=NN(C(=C1)N2CCN(CC2)C3CC(NC3)C(=O)N4CCSC4)C5=CC=CC=C5,CCCCCCCCCCCCCCCCCC(=O)[O-].CCCCCCCCCCCCCCCCCC(=O)[O-].[Mg+2]
2082,14055602,0,CCCSC1=CC2=C(C=C1)N=C(N2)NC(=O)OC,COC1C(OC(C(C1O)O)OC2C(OC(C(C2O)O)OC)CO)CO
71424,26924,0,CCOC1=CC=CC=C1OCC2CNCCO2.Cl,O[Si](=O)[O-].O[Si](=O)[O-].[O-][Si](=O)[O-].[O-][Si](=O)[O-].[Mg+2].[Mg+2].[Mg+2]
10174505,6850749,0,CC1CCN(CC1N(C)C2=NC=NC3=C2C=CN3)C(=O)CC#N.C(C(=O)O)C(CC(=O)O)(C(=O)O)O,CC1(C2CCC(C23CC1C(=CC3O)C(=O)O)C(=O)O)CO.C(CCCC(C(CCCCCO)O)O)CCCC(=O)O
71360,24261,0,CC(=O)C1=CC(=C(C=C1)OCCCN2CCC(CC2)C3=NOC4=C3C=CC(=C4)F)OC,O=[Si]=O
44610678,131751496,0,CC1=CC=C(C=C1)S(=O)(=O)O.CN1CCC2=C(C1)SC(=N2)C(=O)NC3CC(CCC3NC(=O)C(=O)NC4=NC=C(C=C4)Cl)C(=O)N(C)C,C1CC(=O)N(C1)C(CP)P
46700777,131751496,0,CCC1=C(C=CC(=C1)C(=NOCC2=CC(=C(C=C2)C3CCCCC3)C(F)(F)F)C)CN4CC(C4)C(=O)O.CCC1=C(C=CC(=C1)C(=NOCC2=CC(=C(C=C2)C3CCCCC3)C(F)(F)F)C)CN4CC(C4)C(=O)O.C(=CC(=O)O)C(=O)O,C1CC(=O)N(C1)C(CP)P
55245,123706,0,CC#CC1(CCC2C1(CC(C3=C4CCC(=O)C=C4CCC23)C5=CC=C(C=C5)N(C)C)C)O,CCC(C1=C(C=C(C=C1)N(C)C)C)N
5977,5311266,1,CC(C)(C(Cl)(Cl)Cl)O,[O-][Si](=O)O[Si]([O-])([O-])O[Si](=O)[O-].[Mg+2].[Mg+2]
5391,56841934,0,CN1C2=C(C=C(C=C2)Cl)C(=NC(C1=O)O)C3=CC=CC=C3,O.O.O.[Fe].[Fe]
44610678,26924,0,CC1=CC=C(C=C1)S(=O)(=O)O.CN1CCC2=C(C1)SC(=N2)C(=O)NC3CC(CCC3NC(=O)C(=O)NC4=NC=C(C=C4)Cl)C(=O)N(C)C,O[Si](=O)[O-].O[Si](=O)[O-].[O-][Si](=O)[O-].[O-][Si](=O)[O-].[Mg+2].[Mg+2].[Mg+2]
11476460,11199,0,CN1N=C(N=N1)C2=NC=C(C=C2)C3=C(C=C(C=C3)N4CC(OC4=O)COP(=O)(O)O)F,C=CO
169535,1030,0,CC1=C(C(=O)C=CO1)[O-].CC1=C(C(=O)C=CO1)[O-].CC1=C(C(=O)C=CO1)[O-].[Fe+3],CC(CO)O
60871,26924,0,CC(C)(C)C(=O)OCOP(=O)(COCCN1C=NC2=C(N=CN=C21)N)OCOC(=O)C(C)(C)C,O[Si](=O)[O-].O[Si](=O)[O-].[O-][Si](=O)[O-].[O-][Si](=O)[O-].[Mg+2].[Mg+2].[Mg+2]
15951529,24261,0,CC1(C(=O)N(C(=S)N1C2=CC(=C(C=C2)C(=O)NC)F)C3=CC(=C(C=C3)C#N)C(F)(F)F)C,O=[Si]=O
59248,11177,0,CC[NH+](CC)CCN(CC(=O)NC1=C(C=CC=C1C)C)C(=O)C.[Cl-],CCCCCCCCCCCCCCCCCC(=O)[O-].CCCCCCCCCCCCCCCCCC(=O)[O-].[Mg+2]
5702160,104938,0,C1=C(N=C(S1)N=C(N)N)CSCCC(=NS(=O)(=O)N)N,C(C1C(C(C(C(O1)OC2C(OC(C(C2O)O)O)CO)O)O)O)O.O
5282379,16211032,0,CC1=C(C(CCC1)(C)C)C=CC(=CC=CC(=CC(=O)O)C)C,C(C1C(C(C(C(O1)OC2C(OC(C(C2O)O)O)CO)O)O)O)O
11065,23706213,0,CN(C)CCC=C1C2=CC=CC=C2CCC3=CC=CC=C31.Cl,CC(=O)[O-].C(C(C(C(C(C=O)O)O)O)O)O.[Na+]
24872560,518696,0,CNC(=O)C1=C(C=C(C=C1)N2C(=S)N(C(=O)C23CCC3)C4=CC(=C(N=C4)C#N)C(F)(F)F)F,O=[Fe]O[Fe]=O
135476717,135436510,0,CCS(=O)(=O)O.CN1CCN(CC1)CC(=O)N(C)C2=CC=C(C=C2)N=C(C3=CC=CC=C3)C4=C(NC5=C4C=CC(=C5)C(=O)OC)O,C1=CC=C(C=C1)N=NC2=C(C3=C(C(=C(C=C3C=C2S(=O)(=O)O)S(=O)(=O)O)N=NC4=CC=C(C=C4)[N+](=O)[O-])N)O.[Na+]
54681908,14055602,0,CN(C)C1C2CC3CC4=C(C=CC(=C4C(=C3C(=O)C2(C(=C(C1=O)C(=O)N)O)O)O)O)CN(C)OC,COC1C(OC(C(C1O)O)OC2C(OC(C(C2O)O)OC)CO)CO
4763,134601,0,CCC1(C(=O)NC(=O)NC1=O)C2=CC=CC=C2,COC(=O)C(CC1=CC=CC=C1)NC(=O)C(CC(=O)O)N
10174505,56841934,0,CC1CCN(CC1N(C)C2=NC=NC3=C2C=CN3)C(=O)CC#N.C(C(=O)O)C(CC(=O)O)(C(=O)O)O,O.O.O.[Fe].[Fe]
24812758,26924,0,CC1=C(C=C(C=C1)C2C(C(C(C(O2)CO)O)O)O)CC3=CC=C(S3)C4=CC=C(C=C4)F,O[Si](=O)[O-].O[Si](=O)[O-].[O-][Si](=O)[O-].[O-][Si](=O)[O-].[Mg+2].[Mg+2].[Mg+2]
3062316,14055602,0,CC1=C(C(=CC=C1)Cl)NC(=O)C2=CN=C(S2)NC3=CC(=NC(=N3)C)N4CCN(CC4)CCO,COC1C(OC(C(C1O)O)OC2C(OC(C(C2O)O)OC)CO)CO
6014,19116,0,CC(CN1C2=CC=CC=C2SC3=CC=CC=C31)N(C)C.Cl,C1=CC=C(C=C1)N=NC2=C(C3=C(C=C(C=C3C=C2S(=O)(=O)[O-])S(=O)(=O)[O-])N)O.[Na+].[Na+]
67171867,24441,0,CC(CN1C=CC(=N1)C2=CC(=C(C=C2)C#N)Cl)NC(=O)C3=NNC(=C3)C(C)O,OP(=O)([O-])[O-].[Ca+2]
2369,26042,0,CC(C)NCC(COC1=CC=C(C=C1)CCOCC2CC2)O,O=[Ti]=O
3476,5281,0,CCC1=C(CN(C1=O)C(=O)NCCC2=CC=C(C=C2)S(=O)(=O)NC(=O)NC3CCC(CC3)C)C,CCCCCCCCCCCCCCCCCC(=O)O
16088021,6328154,0,CN1C(=O)C=C(N(C1=O)CC2=CC=CC=C2C#N)N3CCCC(C3)N.C1=CC=C(C=C1)C(=O)O,CC(=O)O.C(C(C(C(C(C=O)O)O)O)O)O.[Na]
14250,9840857,1,CCCCCCCCCCCCCC[N+](C)(C)C.[Br-],C1=CC=C(C=C1)[Hg+].[N+](=O)([O-])[O-]
163701,26924,0,CCN(CC)C(=O)C1(CC1CN)C2=CC=CC=C2.Cl,O[Si](=O)[O-].O[Si](=O)[O-].[O-][Si](=O)[O-].[O-][Si](=O)[O-].[Mg+2].[Mg+2].[Mg+2]
115366,5541,0,COC(=O)C(C1=CC=CC=C1Cl)N2CCC3=C(C2)C=CS3.OS(=O)(=O)O,CC(=O)OCC(COC(=O)C)OC(=O)C
67505836,3082248,0,CC(C)C(C(=O)N1CC2(CC2)CC1C3=NC=C(N3)C4=CC5=C(C=C4)C6=C(C5(F)F)C=C(C=C6)C7=CC8=C(C=C7)N=C(N8)C9C1CCC(C1)N9C(=O)C(C(C)C)NC(=O)OC)NC(=O)OC,C=CN1CCCC1=O.C=CO
11978813,104938,0,C1CN(CCN1CCCCOC2=CC3=C(C=C2)C=CC(=O)N3)C4=C5C=CSC5=CC=C4,C(C1C(C(C(C(O1)OC2C(OC(C(C2O)O)O)CO)O)O)O)O.O
16004692,47932,0,CCCNS(=O)(=O)NC1=C(C(=NC=N1)OCCOC2=NC=C(C=N2)Br)C3=CC=C(C=C3)Br,C1=CC(=C(C=C1N)N)OCCO.Cl.Cl
60795,123706,0,C1CC(=O)NC2=C1C=CC(=C2)OCCCCN3CCN(CC3)C4=C(C(=CC=C4)Cl)Cl,CCC(C1=C(C=C(C=C1)N(C)C)C)N
60606,11177,1,COC(=O)C(C1=CC=CC=C1Cl)N2CCC3=C(C2)C=CS3,CCCCCCCCCCCCCCCCCC(=O)[O-].CCCCCCCCCCCCCCCCCC(=O)[O-].[Mg+2]
3081361,6917,0,CN1CCC(CC1)COC2=C(C=C3C(=C2)N=CN=C3NC4=C(C=C(C=C4)Br)F)OC,C=CN1CCCC1=O
156391,4448381,0,CC(C1=CC2=C(C=C1)C=C(C=C2)OC)C(=O)O,CSCCC(C(=O)NC(CO)C(=O)O)N
71329,14055602,0,CN(CCC1=CC=C(C=C1)NS(=O)(=O)C)CCOC2=CC=C(C=C2)NS(=O)(=O)C,COC1C(OC(C(C1O)O)OC2C(OC(C(C2O)O)OC)CO)CO
47576,24261,1,CC(=O)N1CCN(CC1)C2=CC=C(C=C2)OCC3COC(O3)(CN4C=CN=C4)C5=C(C=C(C=C5)Cl)Cl,O=[Si]=O
11304743,1030,0,CN(C1=C(N=C(N=C1N)C2=NN(C3=C2C=CC=N3)CC4=CC=CC=C4F)N)C(=O)OC,CC(CO)O
10158453,5988,0,CC(=O)OC1=CC2=C(S1)CCN(C2)C(C3=CC=CC=C3F)C(=O)C4CC4.Cl,C(C1C(C(C(C(O1)OC2(C(C(C(O2)CO)O)O)CO)O)O)O)O
45375808,445709,0,CC(C)OC(=O)C(C)NP(=O)(OCC1C(C(C(O1)N2C=CC(=O)NC2=O)(C)F)O)OC3=CC=CC=C3,O.O.O.[Fe]
135565903,3259,0,CC1=C(C(=[N+](C(=C1Cl)C)[O-])Cl)C2=NOC(=N2)C3=CC(=C(C(=C3)O)O)[N+](=O)[O-],C1=CC=C2C(=C1)C(=O)OC23C4=CC(=C(C(=C4OC5=C(C(=C(C=C35)I)O)I)I)O)I
25154713,6328154,0,CC(C)C(C(=O)N1CCCC1C2=NC=C(N2)C3=CC=C(C=C3)C4=CC=C(C=C4)C5=CN=C(N5)C6CCCN6C(=O)C(C(C)C)NC(=O)OC)NC(=O)OC.Cl.Cl,CC(=O)O.C(C(C(C(C(C=O)O)O)O)O)O.[Na]
56649450,6251,0,CC1=C(SC(=N1)NC(=O)N2CCCC2C(=O)N)C3=CC(=NC=C3)C(C)(C)C(F)(F)F,C(C(C(C(C(CO)O)O)O)O)O
23668479,24748,0,CC1=NN=C(O1)C(=O)NC(C)(C)C2=NC(=C(C(=O)N2C)[O-])C(=O)NCC3=CC=C(C=C3)F.[K+],CC(=O)O.C(C(C(C(C(C=O)O)O)O)O)O
6842999,3423265,0,CC1CS(=O)(=O)CCN1N=CC2=CC=C(O2)[N+](=O)[O-],CCCCCCCCCCCCOS(=O)(=O)[O-].[Na+]
67171867,11177,0,CC(CN1C=CC(=N1)C2=CC(=C(C=C2)C#N)Cl)NC(=O)C3=NNC(=C3)C(C)O,CCCCCCCCCCCCCCCCCC(=O)[O-].CCCCCCCCCCCCCCCCCC(=O)[O-].[Mg+2]
24785956,2735133,0,CC1=C(C(=O)N(C(=O)N1CC2=C(C=CC=C2F)C(F)(F)F)CC(C3=CC=CC=C3)NCCCC(=O)[O-])C4=C(C(=CC=C4)OC)F.[Na+],C(=O)([O-])[O-].O.[Na+].[Na+]
46216142,71485,0,CC1CCOC2N1C(=O)C3=C(C(=O)C(=CN3C2)C(=O)NCC4=C(C=C(C=C4)F)F)[O-].[Na+],C(C1C(C(C(C(O1)OC2(C(C(C(O2)CCl)O)O)CCl)O)O)Cl)O
11001318,753,0,C1=CC2=C(C=C1C(=O)O)OC(=N2)C3=CC(=CC(=C3)Cl)Cl,C(C(CO)O)O
135413536,14055602,0,CC(C1=CC(=CC(=C1)C(F)(F)F)C(F)(F)F)OC2C(N(CCO2)CC3=NNC(=O)N3)C4=CC=C(C=C4)F,COC1C(OC(C(C1O)O)OC2C(OC(C(C2O)O)OC)CO)CO
3672,270885,0,CC(C)CC1=CC=C(C=C1)C(C)C(=O)O,CC(=O)OC=C.C=CN1CCCC1=O
23699544,123706,0,CCOC1=NC2=CC=CC(=C2N1CC3=CC=C(C=C3)C4=CC=CC=C4C5=NOC(=O)[N-]5)C(=O)OCC6=C(OC(=O)O6)C.[K+],CCC(C1=C(C=C(C=C1)N(C)C)C)N
124087,104938,0,C1CC2=C(C=CC(=C2)Cl)C(=C3CCNCC3)C4=C1C=CC=N4,C(C1C(C(C(C(O1)OC2C(OC(C(C2O)O)O)CO)O)O)O)O.O
59248,56841934,0,CC[NH+](CC)CCN(CC(=O)NC1=C(C=CC=C1C)C)C(=O)C.[Cl-],O.O.O.[Fe].[Fe]
9280,134601,0,COC(=O)C(C1CCCCN1)C2=CC=CC=C2.Cl,COC(=O)C(CC1=CC=CC=C1)NC(=O)C(CC(=O)O)N
23668479,518696,0,CC1=NN=C(O1)C(=O)NC(C)(C)C2=NC(=C(C(=O)N2C)[O-])C(=O)NCC3=CC=C(C=C3)F.[K+],O=[Fe]O[Fe]=O
6450800,11177,0,CCCCN(CCCC)CC(C1=CC(=CC2=C1C3=C(C2=CC4=CC=C(C=C4)Cl)C=C(C=C3)Cl)Cl)O.CC1CCC2C(C(OC3C24C1CCC(O3)(OO4)C)OC)C,CCCCCCCCCCCCCCCCCC(=O)[O-].CCCCCCCCCCCCCCCCCC(=O)[O-].[Mg+2]
42611257,26042,0,CCCS(=O)(=O)NC1=C(C(=C(C=C1)F)C(=O)C2=CNC3=C2C=C(C=N3)C4=CC=C(C=C4)Cl)F,O=[Ti]=O
5330286,1110,0,CC1=C(C(=O)N(C2=NC(=NC=C12)NC3=NC=C(C=C3)N4CCNCC4)C5CCCC5)C(=O)C,C(CC(=O)O)C(=O)O
9800068,17730,0,CN(C)CC(C1=CC=C(C=C1)O)C2(CCCCC2)O.C(CC(=O)O)C(=O)O,C1=CC(=CC=C1N=NC2=C(C=CC3=C2C=CC(=C3)S(=O)(=O)[O-])O)S(=O)(=O)[O-].[Na+].[Na+]
441308,24261,0,CC(C)NCC(COC1=CC=C(C=C1)CCOC)O.CC(C)NCC(COC1=CC=C(C=C1)CCOC)O.C(C(C(=O)O)O)(C(=O)O)O,O=[Si]=O
6112,10960,1,C1CSSC1CCCCC(=O)O,CC(=O)OCCO
50905713,14055602,0,CC(C1=CC2=C(C(=CC=C2)Cl)C(=O)N1C3=CC=CC=C3)NC4=NC=NC5=C4NC=N5,COC1C(OC(C(C1O)O)OC2C(OC(C(C2O)O)OC)CO)CO
637568,445709,0,COC(=O)C=CC(=O)OC,O.O.O.[Fe]
5509,24832091,0,CC1=CC=C(C=C1)C(=O)C2=CC=C(N2C)CC(=O)O,CCOCC1C(C(C(C(O1)OC)OCC)OCC)OC2C(C(C(C(O2)CO)OC)O)O
50992434,518696,0,CC1=C2C(=C(N(C1=O)C)NC3=C(C=C(C=C3)I)F)C(=O)N(C(=O)N2C4=CC=CC(=C4)NC(=O)C)C5CC5.CS(=O)C,O=[Fe]O[Fe]=O
6918493,174,0,CC1=CC(=NC(=N1)OC(C(=O)O)C(C2=CC=CC=C2)(C3=CC=CC=C3)OC)C,C(CO)O
118988661,54670067,0,C1=CC=NC(=C1)C(C2=CC=C(C=C2)OS(=O)(=O)[O-])C3=CC=C(C=C3)OS(=O)(=O)[O-].C(C(=O)O)C(CC(=O)O)(C(=O)O)O.O=[Mg].[Na+].[Na+],C(C(C1C(=C(C(=O)O1)O)O)O)O
176871,26042,0,COCCOC1=C(C=C2C(=C1)C(=NC=N2)NC3=CC=CC(=C3)C#C)OCCOC.Cl,O=[Ti]=O
10348973,11177,0,CN(C)CC1=C(SC2=C1C(=O)N(C(=O)N2CC3=C(C=CC=C3F)F)C4=NN=C(C=C4)OC)C5=CC=C(C=C5)NC(=O)NOC,CCCCCCCCCCCCCCCCCC(=O)[O-].CCCCCCCCCCCCCCCCCC(=O)[O-].[Mg+2]
119607,11177,0,CC1=C(C(=NO1)C2=CC=CC=C2)C3=CC=C(C=C3)S(=O)(=O)N,CCCCCCCCCCCCCCCCCC(=O)[O-].CCCCCCCCCCCCCCCCCC(=O)[O-].[Mg+2]
443872,26924,0,CC12CCC(=O)C=C1CC(C3C24C(O4)CC5(C3CCC56CCC(=O)O6)C)C(=O)OC,O[Si](=O)[O-].O[Si](=O)[O-].[O-][Si](=O)[O-].[O-][Si](=O)[O-].[Mg+2].[Mg+2].[Mg+2]
24755604,16211978,0,CCCCC(=O)N(CC1=CC=C(C=C1)C2=CC=CC=C2C3=NN=N[N-]3)C(C(C)C)C(=O)[O-].CCOC(=O)C(C)CC(CC1=CC=C(C=C1)C2=CC=CC=C2)NC(=O)CCC(=O)[O-].O.[Na+].[Na+].[Na+],O=[Fe].O=[Fe]O[Fe]=O
443953,24832091,0,CCC1C(C(C(C(=O)C(CC(C(C(C(C(C(=O)O1)C)OC2CC(C(C(O2)C)O)(C)OC)C)OC3C(C(CC(O3)C)N(C)C)OC(=O)CCC(=O)OCC)(C)O)C)C)O)(C)O,CCOCC1C(C(C(C(O1)OC)OCC)OCC)OC2C(C(C(C(O2)CO)OC)O)O
60795,89597,0,C1CC(=O)NC2=C1C=CC(=C2)OCCCCN3CCN(CC3)C4=C(C(=CC=C4)Cl)Cl,CC1=CC(=C(C=C1)NC(=O)C(C(=O)C)N=NC2=C(C=C(C(=C2)Cl)C3=CC(=C(C=C3Cl)N=NC(C(=O)C)C(=O)NC4=C(C=C(C=C4)C)C)Cl)Cl)C
11001318,31404,0,C1=CC2=C(C=C1C(=O)O)OC(=N2)C3=CC(=CC(=C3)Cl)Cl,CC1=CC(=C(C(=C1)C(C)(C)C)O)C(C)(C)C
71424,14923,0,CCOC1=CC=CC=C1OCC2CNCCO2.Cl,[NH4+].[OH-]
158550,6433516,0,CC(C)(C)C(C(=O)NC(CC1=CC=CC=C1)C(CN(CC2=CC=C(C=C2)C3=CC=CC=N3)NC(=O)C(C(C)(C)C)NC(=O)OC)O)NC(=O)OC.OS(=O)(=O)O,CO[Si](C)(C)O[Si](C)(C)C.O=[Si]=O
46700774,24261,0,CN1CCC(CC1)COC2=CN=C(N=C2)C3=CC=CC(=C3)CN4C(=O)C=CC(=N4)C5=CC=CC(=C5)C#N.O.Cl,O=[Si]=O
135398508,56841934,0,C=C1C(CC(C1CO)O)N2C=NC3=C2N=C(NC3=O)N,O.O.O.[Fe].[Fe]
23668479,123706,0,CC1=NN=C(O1)C(=O)NC(C)(C)C2=NC(=C(C(=O)N2C)[O-])C(=O)NCC3=CC=C(C=C3)F.[K+],CCC(C1=C(C=C(C=C1)N(C)C)C)N
154256,104938,0,CC1=C(N(C2=C1C=C(C=C2)O)CC3=CC=C(C=C3)OCCN4CCCCCC4)C5=CC=C(C=C5)O.CC(=O)O,C(C1C(C(C(C(O1)OC2C(OC(C(C2O)O)O)CO)O)O)O)O.O
5312125,3423265,0,CC(CC1=CC2=C(C(=C1)C(=O)N)N(CC2)CCCO)NCCOC3=CC=CC=C3OCC(F)(F)F,CCCCCCCCCCCCOS(=O)(=O)[O-].[Na+]
6918493,26924,0,CC1=CC(=NC(=N1)OC(C(=O)O)C(C2=CC=CC=C2)(C3=CC=CC=C3)OC)C,O[Si](=O)[O-].O[Si](=O)[O-].[O-][Si](=O)[O-].[O-][Si](=O)[O-].[Mg+2].[Mg+2].[Mg+2]
5479,6328154,0,CCS(=O)(=O)CCN1C(=NC=C1[N+](=O)[O-])C,CC(=O)O.C(C(C(C(C(C=O)O)O)O)O)O.[Na]
17747012,138843,0,CC1=CN=C(C(=C1OC)C)CS(=O)C2=NC3=C([N-]2)C=CC(=C3)OC.CC1=CN=C(C(=C1OC)C)CS(=O)C2=NC3=C([N-]2)C=CC(=C3)OC.O.O.[Mg+2],C#P
753,516875,1,C(C(CO)O)O,[O-][Mn](=O)(=O)=O.[K+]
11978813,56841934,0,C1CN(CCN1CCCCOC2=CC3=C(C=C2)C=CC(=O)N3)C4=C5C=CSC5=CC=C4,O.O.O.[Fe].[Fe]
124081896,14055602,0,COC(=O)OCOC1=C2C(=O)N3CCOCC3N(N2C=CC1=O)C4C5=C(CSC6=CC=CC=C46)C(=C(C=C5)F)F,COC1C(OC(C(C1O)O)OC2C(OC(C(C2O)O)OC)CO)CO
135565082,56841934,0,CN1C(=NC=N1)C2C(NC3=CC(=CC4=C3C2=NNC4=O)F)C5=CC=C(C=C5)F,O.O.O.[Fe].[Fe]
441308,6251,0,CC(C)NCC(COC1=CC=C(C=C1)CCOC)O.CC(C)NCC(COC1=CC=C(C=C1)CCOC)O.C(C(C(=O)O)O)(C(=O)O)O,C(C(C(C(C(CO)O)O)O)O)O
51039094,14055602,0,CC1=C(C=CC(=C1)NC2=NC=NC3=C2C=C(C=C3)NC4=NC(CO4)(C)C)OC5=CC6=NC=NN6C=C5,COC1C(OC(C(C1O)O)OC2C(OC(C(C2O)O)OC)CO)CO
9444,6251,0,C1=NC(=NC(=O)N1C2C(C(C(O2)CO)O)O)N,C(C(C(C(C(CO)O)O)O)O)O
46700777,16211978,0,CCC1=C(C=CC(=C1)C(=NOCC2=CC(=C(C=C2)C3CCCCC3)C(F)(F)F)C)CN4CC(C4)C(=O)O.CCC1=C(C=CC(=C1)C(=NOCC2=CC(=C(C=C2)C3CCCCC3)C(F)(F)F)C)CN4CC(C4)C(=O)O.C(=CC(=O)O)C(=O)O,O=[Fe].O=[Fe]O[Fe]=O
6456015,1030,0,CCN(CC)CCNC(=O)C1=C(NC(=C1C)C=C2C3=C(C=CC(=C3)F)NC2=O)C.C(C(C(=O)O)O)C(=O)O,CC(CO)O
46216142,26924,0,CC1CCOC2N1C(=O)C3=C(C(=O)C(=CN3C2)C(=O)NCC4=C(C=C(C=C4)F)F)[O-].[Na+],O[Si](=O)[O-].O[Si](=O)[O-].[O-][Si](=O)[O-].[O-][Si](=O)[O-].[Mg+2].[Mg+2].[Mg+2]
129228,26924,0,C1=CC(=C(C(=C1)F)CN2C=C(N=N2)C(=O)N)F,O[Si](=O)[O-].O[Si](=O)[O-].[O-][Si](=O)[O-].[O-][Si](=O)[O-].[Mg+2].[Mg+2].[Mg+2]
2678,134601,0,C1CN(CCN1CCOCC(=O)O)C(C2=CC=CC=C2)C3=CC=C(C=C3)Cl,COC(=O)C(CC1=CC=CC=C1)NC(=O)C(CC(=O)O)N
3308,11177,0,CCC1=C2C(=CC=C1)C3=C(N2)C(OCC3)(CC)CC(=O)O,CCCCCCCCCCCCCCCCCC(=O)[O-].CCCCCCCCCCCCCCCCCC(=O)[O-].[Mg+2]
6093208,7903,1,[OH-].[OH-].[Ca+2],CCC[N+](=O)[O-]
9552079,24462,1,C1=CC(=CC=C1NC(=NC(=NCCCCCCN=C(N)N=C(N)NC2=CC=C(C=C2)Cl)N)N)Cl,[O-]S(=O)(=O)[O-].[Cu+2]
9874560,174,0,CCCCC(=O)OC1CCC2C1(CCC3C2CCC4=C3C=CC(=C4)O)C.CC12CCC3=C4CCC(=O)C=C4CCC3C1CCC2(CC#N)O,C(CO)O
5362065,517055,0,C=CC1=C(N2C(C(C2=O)NC(=O)C(=NOCC(=O)O)C3=CSC(=N3)N)SC1)C(=O)O,C1=CC=C(C=C1)C(=O)[O-].[Na+]
27447,24497,1,CC1=C(N2C(C(C2=O)NC(=O)C(C3=CC=CC=C3)N)SC1)C(=O)O,[O-]S(=O)(=O)[O-].[Ca+2]
54684141,11177,0,CC(=C(C#N)C(=O)NC1=CC=C(C=C1)C(F)(F)F)O,CCCCCCCCCCCCCCCCCC(=O)[O-].CCCCCCCCCCCCCCCCCC(=O)[O-].[Mg+2]
56959,518696,0,CC1=C(C(=CC=C1)C)NC(=O)CN2CCN(CC2)CC(COC3=CC=CC=C3OC)O,O=[Fe]O[Fe]=O
5702160,131751496,0,C1=C(N=C(S1)N=C(N)N)CSCCC(=NS(=O)(=O)N)N,C1CC(=O)N(C1)C(CP)P
10176082,19660,1,[OH-].[OH-].[OH-].[Al+3],C(=O)([O-])[O-]
6436173,24261,0,CC1C=CC=C(C(=O)NC2=C(C3=C(C4=C(C(=C3O)C)OC(C4=O)(OC=CC(C(C(C(C(C(C1O)C)O)C)OC(=O)C)C)OC)C)C5=C2N6C=CC(=CC6=N5)C)O)C,O=[Si]=O
6456015,6850749,0,CCN(CC)CCNC(=O)C1=C(NC(=C1C)C=C2C3=C(C=CC(=C3)F)NC2=O)C.C(C(C(=O)O)O)C(=O)O,CC1(C2CCC(C23CC1C(=CC3O)C(=O)O)C(=O)O)CO.C(CCCC(C(CCCCCO)O)O)CCCC(=O)O
54840,6917,0,CC1=CC=CC=C1OC(CCNC)C2=CC=CC=C2.Cl,C=CN1CCCC1=O
169535,104938,0,CC1=C(C(=O)C=CO1)[O-].CC1=C(C(=O)C=CO1)[O-].CC1=C(C(=O)C=CO1)[O-].[Fe+3],C(C1C(C(C(C(O1)OC2C(OC(C(C2O)O)O)CO)O)O)O)O.O
134436906,14797,0,CC(C)(COC1=CN2C(=C(C=N2)C#N)C(=C1)C3=CN=C(C=C3)N4CC5CC(C4)N5CC6=CN=C(C=C6)OC)O,[OH-].[K+]
30667,104938,0,CC(C1=NCCN1)OC2=C(C=CC=C2Cl)Cl.Cl,C(C1C(C(C(C(O1)OC2C(OC(C(C2O)O)O)CO)O)O)O)O.O
9444,26042,0,C1=NC(=NC(=O)N1C2C(C(C(O2)CO)O)O)N,O=[Ti]=O
11237860,135800280,0,C1CCC(C(C1)CN2CCN(CC2)C3=NSC4=CC=CC=C43)CN5C(=O)C6C7CCC(C7)C6C5=O.Cl,C1=CC2=C(C=C1S(=O)(=O)[O-])C(=C(N2)C3=NC4=C(C3=O)C=C(C=C4)S(=O)(=O)[O-])O.C1=CC2=C(C=C1S(=O)(=O)[O-])C(=C(N2)C3=NC4=C(C3=O)C=C(C=C4)S(=O)(=O)[O-])O.C1=CC2=C(C=C1S(=O)(=O)[O-])C(=C(N2)C3=NC4=C(C3=O)C=C(C=C4)S(=O)(=O)[O-])O.[Al+3].[Al+3]
3308,24441,0,CCC1=C2C(=CC=C1)C3=C(N2)C(OCC3)(CC)CC(=O)O,OP(=O)([O-])[O-].[Ca+2]
71657455,26042,0,C1CC(=O)N(C1C(=O)N(C2=CC(=CN=C2)F)C(C3=CC=CC=C3Cl)C(=O)NC4CC(C4)(F)F)C5=NC=CC(=C5)C#N,O=[Ti]=O
60606,5284448,0,COC(=O)C(C1=CC=CC=C1Cl)N2CCC3=C(C2)C=CS3,CCCCCCCCC=CCCCCCCCC(=O)OCCOCC(C1C(CC(O1)OCCO)OCCO)OCCO
15008962,26924,0,COC1=C(C(=NC=C1)CS(=O)C2=NC3=C([N-]2)C=CC(=C3)OC(F)F)OC.[Na+],O[Si](=O)[O-].O[Si](=O)[O-].[O-][Si](=O)[O-].[O-][Si](=O)[O-].[Mg+2].[Mg+2].[Mg+2]
441358,17466,0,CNCCC=C1C2=CC=CC=C2CCC3=CC=CC=C31.Cl,C1=CC=C2C(=C1)C(=CC=C2S(=O)(=O)[O-])N=NC3=C(C=CC4=CC(=CC(=C43)S(=O)(=O)[O-])S(=O)(=O)[O-])O.[Na+].[Na+].[Na+]
25127112,6917,0,C1CCC(C1)C(CC#N)N2C=C(C=N2)C3=C4C=CNC4=NC=N3.OP(=O)(O)O,C=CN1CCCC1=O
62937,23320441,0,CC(C)NCC(COC1=CC=C(C=C1)CCOC)O.CC(C)NCC(COC1=CC=C(C=C1)CCOC)O.C(CC(=O)O)C(=O)O,O.[OH-].[O-2].[Fe+3]
16220172,135436515,0,CC(C)(C)C1=CC(=C(C=C1NC(=O)C2=CNC3=CC=CC=C3C2=O)O)C(C)(C)C,C1=CC2=C(C=C1S(=O)(=O)O)C(=C(N2)C3=NC4=C(C3=O)C=C(C=C4)S(=O)(=O)O)O.[Na+]
9552079,5959,1,C1=CC(=CC=C1NC(=NC(=NCCCCCCN=C(N)N=C(N)NC2=CC=C(C=C2)Cl)N)N)Cl,C1=CC(=CC=C1C(C(CO)NC(=O)C(Cl)Cl)O)[N+](=O)[O-]
214350,712,1,COC1=C(C=C(C=C1)Cl)[C@]2(C3=C(C=C(C=C3)C(F)(F)F)NC2=O)F,C=O
9578005,5988,0,CC1=C(C=CN=C1CS(=O)C2=NC3=CC=CC=C3N2)OCC(F)(F)F,C(C1C(C(C(C(O1)OC2(C(C(C(O2)CO)O)O)CO)O)O)O)O
44232548,174,0,CC(C)C1=NC(=CS1)CN(C)C(=O)NC(CCN2CCOCC2)C(=O)NC(CCC(CC3=CC=CC=C3)NC(=O)OCC4=CN=CS4)CC5=CC=CC=C5.CC(C)C(CO)N1C=C(C(=O)C2=C1C=C(C(=C2)CC3=C(C(=CC=C3)Cl)F)OC)C(=O)O.CC(C)OC(=O)OCOP(=O)(COC(C)CN1C=NC2=C(N=CN=C21)N)OCOC(=O)OC(C)C.C1C(OC(S1)CO)N2C=C(C(=NC2=O)N)F.C(=CC(=O)O)C(=O)O,C(CO)O
34359,261,1,CC(CC1=CC(=C(C=C1)O)O)(C(=O)O)NN,CCCC=O
9865528,123706,0,C1=CC=C(C=C1)C(CNCCC2=CC=C(C=C2)NC(=O)CC3=CSC(=N3)N)O,CCC(C1=C(C=C(C=C1)N(C)C)C)N
15951529,26042,0,CC1(C(=O)N(C(=S)N1C2=CC(=C(C=C2)C(=O)NC)F)C3=CC(=C(C=C3)C#N)C(F)(F)F)C,O=[Ti]=O
1983,14778,1,CC(=O)NC1=CC=C(C=C1)O,O=[Ca]
77997,14055602,0,CN(C)CCC1=CNC2=C1C=C(C=C2)CN3C=NC=N3.C1=CC=C(C=C1)C(=O)O,COC1C(OC(C(C1O)O)OC2C(OC(C(C2O)O)OC)CO)CO
25008120,174,0,CC1(C(=O)N(C2=C(O1)C=CC(=N2)NC3=NC(=NC=C3F)NC4=CC(=C(C(=C4)OC)OC)OC)COP(=O)([O-])[O-])C.[Na+].[Na+],C(CO)O
4075,26042,0,C1=CC(=C(C=C1N)C(=O)O)O,O=[Ti]=O
3308,24261,0,CCC1=C2C(=CC=C1)C3=C(N2)C(OCC3)(CC)CC(=O)O,O=[Si]=O
91618104,16211978,0,CC(C)OC1=C(C=C(C=C1)C2=NC(=NO2)C3=C4CCC(C4=CC=C3)NCCO)C#N.Cl,O=[Fe].O=[Fe]O[Fe]=O
1983,24261,0,CC(=O)NC1=CC=C(C=C1)O,O=[Si]=O
5391,263,0,CN1C2=C(C=C(C=C2)Cl)C(=NC(C1=O)O)C3=CC=CC=C3,CCCCO
62969,26924,0,CC(C)C(CCCN(C)CCC1=CC(=C(C=C1)OC)OC)(C#N)C2=CC(=C(C=C2)OC)OC.Cl,O[Si](=O)[O-].O[Si](=O)[O-].[O-][Si](=O)[O-].[O-][Si](=O)[O-].[Mg+2].[Mg+2].[Mg+2]
214348,6917,0,C1=CC=C(C(=C1)C2=NN(C(=N2)C3=CC=CC=C3O)C4=CC=C(C=C4)C(=O)O)O,C=CN1CCCC1=O
64139,6917,0,C1CC1C#CC2(C3=C(C=CC(=C3)Cl)NC(=O)O2)C(F)(F)F,C=CN1CCCC1=O
135398508,14055602,0,C=C1C(CC(C1CO)O)N2C=NC3=C2N=C(NC3=O)N,COC1C(OC(C(C1O)O)OC2C(OC(C(C2O)O)OC)CO)CO
121396,24261,0,C(CC(=O)O)C(C(=O)O)NC(=O)N,O=[Si]=O
24776445,16211978,0,CS(=O)(=O)C1=CC(=C(C=C1)C(=O)NC2=CC(=C(C=C2)Cl)C3=CC=CC=N3)Cl,O=[Fe].O=[Fe]O[Fe]=O
110635,14055602,0,CN1CC(=O)N2C(C1=O)CC3=C(C2C4=CC5=C(C=C4)OCO5)NC6=CC=CC=C36,COC1C(OC(C(C1O)O)OC2C(OC(C(C2O)O)OC)CO)CO
54681908,174,0,CN(C)C1C2CC3CC4=C(C=CC(=C4C(=C3C(=O)C2(C(=C(C1=O)C(=O)N)O)O)O)O)CN(C)OC,C(CO)O
5311454,26042,0,CC(C)(C)C(C=CC1=CC2=C(C=C1)OCO2)O,O=[Ti]=O
34312,131751496,0,C1C2=CC=CC=C2N(C3=CC=CC=C3C1=O)C(=O)N,C1CC(=O)N(C1)C(CP)P
221493,26042,0,CC(CCC(=O)O)C1CCC2C1(C(CC3C2C(CC4C3(CCC(C4)O)C)O)O)C,O=[Ti]=O
44232548,104938,0,CC(C)C1=NC(=CS1)CN(C)C(=O)NC(CCN2CCOCC2)C(=O)NC(CCC(CC3=CC=CC=C3)NC(=O)OCC4=CN=CS4)CC5=CC=CC=C5.CC(C)C(CO)N1C=C(C(=O)C2=C1C=C(C(=C2)CC3=C(C(=CC=C3)Cl)F)OC)C(=O)O.CC(C)OC(=O)OCOP(=O)(COC(C)CN1C=NC2=C(N=CN=C21)N)OCOC(=O)OC(C)C.C1C(OC(S1)CO)N2C=C(C(=NC2=O)N)F.C(=CC(=O)O)C(=O)O,C(C1C(C(C(C(O1)OC2C(OC(C(C2O)O)O)CO)O)O)O)O.O
3884,62238,1,CC(=CCC1=C(C2=CC=CC=C2C(=O)C1=O)O)C,CCCCCCCCCCCCCCCCCCO.CCCCCCCCCCCCCCCCO
31404,24401,1,CC1=CC(=C(C(=C1)C(C)(C)C)O)C(C)(C)C,[O-][Mn](=O)(=O)=O
67462786,26042,0,CC(C)NCCN(C1=CC2=NC(=CN=C2C=C1)C3=CN(N=C3)C)C4=CC(=CC(=C4)OC)OC,O=[Ti]=O
3478,24832091,0,CC1=CN=C(C=N1)C(=O)NCCC2=CC=C(C=C2)S(=O)(=O)NC(=O)NC3CCCCC3,CCOCC1C(C(C(C(O1)OC)OCC)OCC)OC2C(C(C(C(O2)CO)OC)O)O
119607,3423265,0,CC1=C(C(=NO1)C2=CC=CC=C2)C3=CC=C(C=C3)S(=O)(=O)N,CCCCCCCCCCCCOS(=O)(=O)[O-].[Na+]
3639,6251,0,C1NC2=CC(=C(C=C2S(=O)(=O)N1)S(=O)(=O)N)Cl,C(C(C(C(C(CO)O)O)O)O)O
46700774,5541,0,CN1CCC(CC1)COC2=CN=C(N=C2)C3=CC=CC(=C3)CN4C(=O)C=CC(=N4)C5=CC=CC(=C5)C#N.O.Cl,CC(=O)OCC(COC(=O)C)OC(=O)C
11547978,445709,0,CC1=CC(=NO1)NC(=O)NC2=C(C=C(C=C2)OC3=C4C=C(C(=CC4=NC=C3)OC)OC)Cl.O.Cl,O.O.O.[Fe]
4908,5284448,0,CC(CCCN)NC1=C2C(=CC(=C1)OC)C=CC=N2,CCCCCCCCC=CCCCCCCCC(=O)OCCOCC(C1C(CC(O1)OCCO)OCCO)OCCO
3062316,123706,0,CC1=C(C(=CC=C1)Cl)NC(=O)C2=CN=C(S2)NC3=CC(=NC(=N3)C)N4CCN(CC4)CCO,CCC(C1=C(C=C(C=C1)N(C)C)C)N
66370,16204922,1,C(C1C(C(C(C(O1)O)O)O)O)O.O,CC(=O)CC(C1=CC=CC=C1)C2=C(C3=CC=CC=C3OC2=O)[O-].[Na+]
54840,26924,0,CC1=CC=CC=C1OC(CCNC)C2=CC=CC=C2.Cl,O[Si](=O)[O-].O[Si](=O)[O-].[O-][Si](=O)[O-].[O-][Si](=O)[O-].[Mg+2].[Mg+2].[Mg+2]
44093,73981,1,CC(CS)C(=O)N1CCCC1C(=O)O,[OH-].[OH-].[Mg+2]
122201352,6251,0,CNC(=O)C1=C(C=C(C=C1)C2=NN3C(=CN=C3N=C2)CC4=CC5=C(C=C4)N=CC=C5)F.O.Cl.Cl,C(C(C(C(C(CO)O)O)O)O)O
4908,6436062,0,CC(CCCN)NC1=C2C(=CC(=C1)OC)C=CC=N2,CCCCCCCCC=CCCCCCCCC(=O)OCCOCCO
24965990,5541,0,CC1CCN(CCN1C(=O)C2=C(C=CC(=C2)C)N3N=CC=N3)C4=NC5=C(O4)C=CC(=C5)Cl,CC(=O)OCC(COC(=O)C)OC(=O)C
35370,14109413,0,CC1=CN(C(=O)NC1=O)C2CC(C(O2)CO)N=[N+]=[N-],CC(=O)C1CC(=O)C2(C1(CC(=O)C3=C2C(CC4C3(CCC(C4(C)C)O)C)O)C)C
24872560,26924,0,CNC(=O)C1=C(C=C(C=C1)N2C(=S)N(C(=O)C23CCC3)C4=CC(=C(N=C4)C#N)C(F)(F)F)F,O[Si](=O)[O-].O[Si](=O)[O-].[O-][Si](=O)[O-].[O-][Si](=O)[O-].[Mg+2].[Mg+2].[Mg+2]
67171867,26042,0,CC(CN1C=CC(=N1)C2=CC(=C(C=C2)C#N)Cl)NC(=O)C3=NNC(=C3)C(C)O,O=[Ti]=O
3308,6581,0,CCC1=C2C(=CC=C1)C3=C(N2)C(OCC3)(CC)CC(=O)O,C=CC(=O)O
5702160,10340,0,C1=C(N=C(S1)N=C(N)N)CSCCC(=NS(=O)(=O)N)N,C(=O)([O-])[O-].[Na+].[Na+]
406563,5746,0,CC1=CC=C(C=C1)S(=O)(=O)O.CNC(=O)C1=NC=CC(=C1)OC2=CC=C(C=C2)NC(=O)NC3=CC(=C(C=C3)Cl)C(F)(F)F,CC1=C(C(=O)C2=C(C1=O)N3CC4C(C3(C2COC(=O)N)OC)N4)N
11673085,24261,0,CC1CNCCC2=C1C=C(C=C2)Cl.Cl,O=[Si]=O
49846579,23665634,0,CC1(CCC(=C(C1)C2=CC=C(C=C2)Cl)CN3CCN(CC3)C4=CC(=C(C=C4)C(=O)NS(=O)(=O)C5=CC(=C(C=C5)NCC6CCOCC6)[N+](=O)[O-])OC7=CN=C8C(=C7)C=CN8)C,CCCCCCCCCCCCCCCCCCOC(=O)C=CC(=O)[O-].[Na+]
10220503,26042,0,CCC(=O)NCC1CC1C2=C3CCOC3=CC=C2,O=[Ti]=O
3883,4093,0,CC1=C(C=CN=C1CS(=O)C2=NC3=CC=CC=C3N2)OCC(F)(F)F,CC(=C)C(=O)O
969472,14055602,0,CN1CCN(CC1)C(=O)OC2C3=NC=CN=C3C(=O)N2C4=NC=C(C=C4)Cl,COC1C(OC(C(C1O)O)OC2C(OC(C(C2O)O)OC)CO)CO
3002977,174,0,CC1=NN=C(N1C2CC3CCC(C2)N3CCC(C4=CC=CC=C4)NC(=O)C5CCC(CC5)(F)F)C(C)C,C(CO)O
9913767,56841934,0,CC(C)N(CCCCOCC(=O)NS(=O)(=O)C)C1=CN=C(C(=N1)C2=CC=CC=C2)C3=CC=CC=C3,O.O.O.[Fe].[Fe]
9433,104938,0,CN1C2=C(C(=O)N(C1=O)C)NC=N2.CN1C2=C(C(=O)N(C1=O)C)NC=N2.C(CN)N,C(C1C(C(C(C(O1)OC2C(OC(C(C2O)O)O)CO)O)O)O)O.O
5483,26924,0,CC(C(=O)NCC(=O)O)S,O[Si](=O)[O-].O[Si](=O)[O-].[O-][Si](=O)[O-].[O-][Si](=O)[O-].[Mg+2].[Mg+2].[Mg+2]
3475,24441,0,CC1=CC=C(C=C1)S(=O)(=O)NC(=O)NN2CC3CCCC3C2,OP(=O)([O-])[O-].[Ca+2]
46700777,6438359,0,CCC1=C(C=CC(=C1)C(=NOCC2=CC(=C(C=C2)C3CCCCC3)C(F)(F)F)C)CN4CC(C4)C(=O)O.CCC1=C(C=CC(=C1)C(=NOCC2=CC(=C(C=C2)C3CCCCC3)C(F)(F)F)C)CN4CC(C4)C(=O)O.C(=CC(=O)O)C(=O)O,CCCCCCCCCCCCCCCC(=O)OCC(COP(=O)([O-])OCC[N+](C)(C)C)OC(=O)CCCCCCCC=CCC=CCCCCC
4075,174,0,C1=CC(=C(C=C1N)C(=O)O)O,C(CO)O
148195,6328154,0,C1CN(CCC1CC(=O)N2CCC(CC2)C3C4=C(CCC5=C3N=CC(=C5)Br)C=C(C=C4Br)Cl)C(=O)N,CC(=O)O.C(C(C(C(C(C=O)O)O)O)O)O.[Na]
24755604,26924,0,CCCCC(=O)N(CC1=CC=C(C=C1)C2=CC=CC=C2C3=NN=N[N-]3)C(C(C)C)C(=O)[O-].CCOC(=O)C(C)CC(CC1=CC=C(C=C1)C2=CC=CC=C2)NC(=O)CCC(=O)[O-].O.[Na+].[Na+].[Na+],O[Si](=O)[O-].O[Si](=O)[O-].[O-][Si](=O)[O-].[O-][Si](=O)[O-].[Mg+2].[Mg+2].[Mg+2]
4631,6134,1,CC(C)NCC(COC1=CC=CC=C1OCC=C)O,C(C1C(C(C(C(O1)OC2C(OC(C(C2O)O)O)CO)O)O)O)O
10472693,26042,0,CC(C)(CCCCCC(CCCCCC(C)(C)C(=O)O)O)C(=O)O,O=[Ti]=O
6055,11177,0,CC(CC1=CC=CC=C1)N.CC(CC1=CC=CC=C1)N.OS(=O)(=O)O,CCCCCCCCCCCCCCCCCC(=O)[O-].CCCCCCCCCCCCCCCCCC(=O)[O-].[Mg+2]
169535,17730,0,CC1=C(C(=O)C=CO1)[O-].CC1=C(C(=O)C=CO1)[O-].CC1=C(C(=O)C=CO1)[O-].[Fe+3],C1=CC(=CC=C1N=NC2=C(C=CC3=C2C=CC(=C3)S(=O)(=O)[O-])O)S(=O)(=O)[O-].[Na+].[Na+]
92974,56841934,0,C1=CC(=C(C=C1C(C(C(=O)O)N)O)O)O,O.O.O.[Fe].[Fe]
443872,104938,0,CC12CCC(=O)C=C1CC(C3C24C(O4)CC5(C3CCC56CCC(=O)O6)C)C(=O)OC,C(C1C(C(C(C(O1)OC2C(OC(C(C2O)O)O)CO)O)O)O)O.O
3052775,6251,0,CS(=O)(=O)O.C#CCNC1CCC2=CC=CC=C12,C(C(C(C(C(CO)O)O)O)O)O
121892,26924,0,CCOC(=O)NC1=C(C=C(C=C1)NCC2=CC=C(C=C2)F)N,O[Si](=O)[O-].O[Si](=O)[O-].[O-][Si](=O)[O-].[O-][Si](=O)[O-].[Mg+2].[Mg+2].[Mg+2]
86707828,146156863,0,CC1=CC=C(C=C1)S(=O)(=O)O.CC(C)OC1=C(C=C(C=C1)C2=NN(C3=NC=NC(=C23)N)C(C)C4=C(C(=O)C5=C(O4)C=CC(=C5)F)C6=CC(=CC=C6)F)F,CC(COCC1C2C(C(C(O1)OC3C(OC(C(C3O)O)OC4C(OC(C(C4O)O)OC5C(OC(C(C5O)O)OC6C(OC(C(C6O)O)OC7C(OC(C(C7O)O)OC8C(OC(O2)C(C8O)O)CO)CO)COCC(C)O)CO)COCC(C)O)CO)O)O)O
9849808,104938,0,CC(C)C(=O)OC1=C(C=C(C=C1)CO)C(CCN(C(C)C)C(C)C)C2=CC=CC=C2.C(=CC(=O)O)C(=O)O,C(C1C(C(C(C(O1)OC2C(OC(C(C2O)O)O)CO)O)O)O)O.O
35370,26924,0,CC1=CN(C(=O)NC1=O)C2CC(C(O2)CO)N=[N+]=[N-],O[Si](=O)[O-].O[Si](=O)[O-].[O-][Si](=O)[O-].[O-][Si](=O)[O-].[Mg+2].[Mg+2].[Mg+2]
9933004,5281955,0,C1CC2=C(C=CC(=C2)F)OC1C(CNCC(C3CCC4=C(O3)C=CC(=C4)F)O)O.Cl,CCCCCCCCC=CCCCCCCCC(=O)OCCOCC(C1C(C(CO1)OCCO)OCCO)OCCO
2972,174,0,CC1=C(C(=O)C=CN1C)O,C(CO)O
5284583,56843209,0,CCC(C(=O)N)N1CCCC1=O,C1=CC(=CC=C1N=NC2C(=NN(C2=O)C3=CC=C(C=C3)S(=O)(=O)O)C(=O)O)S(=O)(=O)O.[Al]
181458,24261,0,CC12CC3CC(C1)(CC(C3)(C2)N)C.Cl,O=[Si]=O
54840,26042,0,CC1=CC=CC=C1OC(CCNC)C2=CC=CC=C2.Cl,O=[Ti]=O
156418,11177,0,CC(C1=CC=CC2=CC=CC=C21)NCCCC3=CC(=CC=C3)C(F)(F)F.Cl,CCCCCCCCCCCCCCCCCC(=O)[O-].CCCCCCCCCCCCCCCCCC(=O)[O-].[Mg+2]
5284583,14055602,0,CCC(C(=O)N)N1CCCC1=O,COC1C(OC(C(C1O)O)OC2C(OC(C(C2O)O)OC)CO)CO
3478,8567,1,CC1=CN=C(C=N1)C(=O)NCCC2=CC=C(C=C2)S(=O)(=O)NC(=O)NC3CCCCC3,CNCC(C(C(C(CO)O)O)O)O
135565082,445709,0,CN1C(=NC=N1)C2C(NC3=CC(=CC4=C3C2=NNC4=O)F)C5=CC=C(C=C5)F,O.O.O.[Fe]
6321416,3423265,0,CC(OC(=O)C)OC(=O)C1=C(CSC2N1C(=O)C2NC(=O)C(=NOC)C3=CC=CO3)COC(=O)N,CCCCCCCCCCCCOS(=O)(=O)[O-].[Na+]
2249,26924,0,CC(C)NCC(COC1=CC=C(C=C1)CC(=O)N)O,O[Si](=O)[O-].O[Si](=O)[O-].[O-][Si](=O)[O-].[O-][Si](=O)[O-].[Mg+2].[Mg+2].[Mg+2]
2802,14055602,0,C1C(=O)NC2=C(C=C(C=C2)[N+](=O)[O-])C(=N1)C3=CC=CC=C3Cl,COC1C(OC(C(C1O)O)OC2C(OC(C(C2O)O)OC)CO)CO
54697325,104938,0,CC(C)(C)CNCC1=CC(=C2CC3CC4C(C(=O)C(=C(C4(C(=O)C3=C(C2=C1O)O)O)O)C(=O)N)N(C)C)N(C)C,C(C1C(C(C(C(O1)OC2C(OC(C(C2O)O)O)CO)O)O)O)O.O
4631,11177,1,CC(C)NCC(COC1=CC=CC=C1OCC=C)O,CCCCCCCCCCCCCCCCCC(=O)[O-].CCCCCCCCCCCCCCCCCC(=O)[O-].[Mg+2]
23668479,14923,0,CC1=NN=C(O1)C(=O)NC(C)(C)C2=NC(=C(C(=O)N2C)[O-])C(=O)NCC3=CC=C(C=C3)F.[K+],[NH4+].[OH-]
154256,1030,0,CC1=C(N(C2=C1C=C(C=C2)O)CC3=CC=C(C=C3)OCCN4CCCCCC4)C5=CC=C(C=C5)O.CC(=O)O,CC(CO)O
49846579,5284448,0,CC1(CCC(=C(C1)C2=CC=C(C=C2)Cl)CN3CCN(CC3)C4=CC(=C(C=C4)C(=O)NS(=O)(=O)C5=CC(=C(C=C5)NCC6CCOCC6)[N+](=O)[O-])OC7=CN=C8C(=C7)C=CN8)C,CCCCCCCCC=CCCCCCCCC(=O)OCCOCC(C1C(CC(O1)OCCO)OCCO)OCCO
3001055,11177,0,CNC(=C[N+](=O)[O-])NCCSCC1=CC=C(O1)CN(C)C,CCCCCCCCCCCCCCCCCC(=O)[O-].CCCCCCCCCCCCCCCCCC(=O)[O-].[Mg+2]
24883443,11177,0,[H+].C1=C(N=C(S1)N=C(N)N)CSCCC(=NS(=O)(=O)N)N.[Cl-],CCCCCCCCCCCCCCCCCC(=O)[O-].CCCCCCCCCCCCCCCCCC(=O)[O-].[Mg+2]
49800073,174,0,C1C2CC2N(C1C#N)C(=O)C(C34CC5CC(C3)CC(C5)(C4)O)N.Cl,C(CO)O
637568,6506,0,COC(=O)C=CC(=O)OC,CCOC(=O)CC(CC(=O)OCC)(C(=O)OCC)O
49843517,26924,0,CCCCCCOC(C)C1=CC=CC(=C1OC)C2=CSC(=N2)NC(=O)C3=CC(=C(C(=C3)Cl)C=C(C)C(=O)O)Cl,O[Si](=O)[O-].O[Si](=O)[O-].[O-][Si](=O)[O-].[O-][Si](=O)[O-].[Mg+2].[Mg+2].[Mg+2]
5486971,86278134,0,CC(C)CC(CC(=O)O)CN,C(C1C(C(C(C(O1)OC2C(OC(C(C2O)O)OCC3C(C(C(C(O3)OC4C(OC(C(C4O)O)OC5C(OC(C(C5O)O)O)CO)CO)O)O)OC6C(C(C(C(O6)CO)OC7C(C(C(C(O7)CO)O)O)O)O)O)CO)O)O)O)O
3883,5988,0,CC1=C(C=CN=C1CS(=O)C2=NC3=CC=CC=C3N2)OCC(F)(F)F,C(C1C(C(C(C(O1)OC2(C(C(C(O2)CO)O)O)CO)O)O)O)O
60822,6134,0,CC(C)C1=C(C(=C(N1CCC(CC(CC(=O)[O-])O)O)C2=CC=C(C=C2)F)C3=CC=CC=C3)C(=O)NC4=CC=CC=C4.CC(C)C1=C(C(=C(N1CCC(CC(CC(=O)[O-])O)O)C2=CC=C(C=C2)F)C3=CC=CC=C3)C(=O)NC4=CC=CC=C4.[Ca+2],C(C1C(C(C(C(O1)OC2C(OC(C(C2O)O)O)CO)O)O)O)O
63013,5102882,0,CN(C)CC1CCCCC1(C2=CC(=CC=C2)OC)O.Cl,C1(C(C(OC(C1O)O)C(=O)[O-])O)O.[Na+]
134780,6433516,0,C1CC(=O)NC(=O)C1N2C(=O)C3=C(C2=O)C(=CC=C3)N,CO[Si](C)(C)O[Si](C)(C)C.O=[Si]=O
443872,14055602,0,CC12CCC(=O)C=C1CC(C3C24C(O4)CC5(C3CCC56CCC(=O)O6)C)C(=O)OC,COC1C(OC(C(C1O)O)OC2C(OC(C(C2O)O)OC)CO)CO
23668479,6328154,0,CC1=NN=C(O1)C(=O)NC(C)(C)C2=NC(=C(C(=O)N2C)[O-])C(=O)NCC3=CC=C(C=C3)F.[K+],CC(=O)O.C(C(C(C(C(C=O)O)O)O)O)O.[Na]
2249,10112,0,CC(C)NCC(COC1=CC=C(C=C1)CC(=O)N)O,C(=O)([O-])[O-].[Ca+2]
11511120,174,0,COC1=C(C=C2C(=C1)N=CN=C2NC3=CC(=C(C=C3)F)Cl)NC(=O)C=CCN4CCCCC4,C(CO)O
2249,6932,1,CC(C)NCC(COC1=CC=C(C=C1)CC(=O)N)O,CC(C)(C)C1=C(C=CC(=C1)O)OC
23670359,24261,0,CCCCCN(C)CCC(O)(P(=O)(O)O)P(=O)(O)[O-].[Na+],O=[Si]=O
11274333,24261,0,CS(=O)(=O)O.C1CN(CCC1NC(=O)C2=CC=CC=C2C3=CC=C(C=C3)C(F)(F)F)CCCCC4(C5=CC=CC=C5C6=CC=CC=C64)C(=O)NCC(F)(F)F,O=[Si]=O
9875401,14055602,0,C1COCC(=O)N1C2=CC=C(C=C2)N3CC(OC3=O)CNC(=O)C4=CC=C(S4)Cl,COC1C(OC(C(C1O)O)OC2C(OC(C(C2O)O)OC)CO)CO
3045381,86278134,0,CN(CCCN1CCC2=CC(=C(C=C2CC1=O)OC)OC)CC3CC4=CC(=C(C=C34)OC)OC.Cl,C(C1C(C(C(C(O1)OC2C(OC(C(C2O)O)OCC3C(C(C(C(O3)OC4C(OC(C(C4O)O)OC5C(OC(C(C5O)O)O)CO)CO)O)O)OC6C(C(C(C(O6)CO)OC7C(C(C(C(O7)CO)O)O)O)O)O)CO)O)O)O)O
158550,26042,0,CC(C)(C)C(C(=O)NC(CC1=CC=CC=C1)C(CN(CC2=CC=C(C=C2)C3=CC=CC=N3)NC(=O)C(C(C)(C)C)NC(=O)OC)O)NC(=O)OC.OS(=O)(=O)O,O=[Ti]=O
3883,26924,0,CC1=C(C=CN=C1CS(=O)C2=NC3=CC=CC=C3N2)OCC(F)(F)F,O[Si](=O)[O-].O[Si](=O)[O-].[O-][Si](=O)[O-].[O-][Si](=O)[O-].[Mg+2].[Mg+2].[Mg+2]
2249,131751496,1,CC(C)NCC(COC1=CC=C(C=C1)CC(=O)N)O,C1CC(=O)N(C1)C(CP)P
9351,6144,1,C1=CC=C2C(=C1)C=NN=C2NN.Cl,C(CN(CC(=O)[O-])CC(=O)[O-])N(CC(=O)[O-])CC(=O)[O-].[Na+].[Na+].[Na+].[Na+]
24776445,6850749,0,CS(=O)(=O)C1=CC(=C(C=C1)C(=O)NC2=CC(=C(C=C2)Cl)C3=CC=CC=N3)Cl,CC1(C2CCC(C23CC1C(=CC3O)C(=O)O)C(=O)O)CO.C(CCCC(C(CCCCCO)O)O)CCCC(=O)O
118023034,26924,0,CC(C1=CC=C(C=C1)F)(C2=CN=C(N=C2)N3CCN(CC3)C4=NC=NN5C4=CC(=C5)C6=CN(N=C6)C)N,O[Si](=O)[O-].O[Si](=O)[O-].[O-][Si](=O)[O-].[O-][Si](=O)[O-].[Mg+2].[Mg+2].[Mg+2]
3386,104938,0,CNCCC(C1=CC=CC=C1)OC2=CC=C(C=C2)C(F)(F)F,C(C1C(C(C(C(O1)OC2C(OC(C(C2O)O)O)CO)O)O)O)O.O
10174505,174,0,CC1CCN(CC1N(C)C2=NC=NC3=C2C=CN3)C(=O)CC#N.C(C(=O)O)C(CC(=O)O)(C(=O)O)O,C(CO)O
45375808,14055602,0,CC(C)OC(=O)C(C)NP(=O)(OCC1C(C(C(O1)N2C=CC(=O)NC2=O)(C)F)O)OC3=CC=CC=C3,COC1C(OC(C(C1O)O)OC2C(OC(C(C2O)O)OC)CO)CO
5284583,443314,0,CCC(C(=O)N)N1CCCC1=O,CCCCCCCCCCCC(=O)OCCOCC(C1C(C(CO1)OCCO)OCCO)OCCO
115366,26042,0,COC(=O)C(C1=CC=CC=C1Cl)N2CCC3=C(C2)C=CS3.OS(=O)(=O)O,O=[Ti]=O
56959,4093,0,CC1=C(C(=CC=C1)C)NC(=O)CN2CCN(CC2)CC(COC3=CC=CC=C3OC)O,CC(=C)C(=O)O
148195,24261,0,C1CN(CCC1CC(=O)N2CCC(CC2)C3C4=C(CCC5=C3N=CC(=C5)Br)C=C(C=C4Br)Cl)C(=O)N,O=[Si]=O
135398739,11177,0,C1CC(OC1CO)N2C=NC3=C2N=CNC3=O,CCCCCCCCCCCCCCCCCC(=O)[O-].CCCCCCCCCCCCCCCCCC(=O)[O-].[Mg+2]
5391,11177,1,CN1C2=C(C=C(C=C2)Cl)C(=NC(C1=O)O)C3=CC=CC=C3,CCCCCCCCCCCCCCCCCC(=O)[O-].CCCCCCCCCCCCCCCCCC(=O)[O-].[Mg+2]
11597697,11177,0,CC(CC1=CC=CC=C1)NC(=O)C(CCCCN)N.CS(=O)(=O)O.CS(=O)(=O)O,CCCCCCCCCCCCCCCCCC(=O)[O-].CCCCCCCCCCCCCCCCCC(=O)[O-].[Mg+2]
9875401,3423265,0,C1COCC(=O)N1C2=CC=C(C=C2)N3CC(OC3=O)CNC(=O)C4=CC=C(S4)Cl,CCCCCCCCCCCCOS(=O)(=O)[O-].[Na+]
5743,14055602,0,CC1CC2C3CCC4=CC(=O)C=CC4(C3(C(CC2(C1(C(=O)CO)O)C)O)F)C,COC1C(OC(C(C1O)O)OC2C(OC(C(C2O)O)OC)CO)CO
5330286,5541,0,CC1=C(C(=O)N(C2=NC(=NC=C12)NC3=NC=C(C=C3)N4CCNCC4)C5CCCC5)C(=O)C,CC(=O)OCC(COC(=O)C)OC(=O)C
62882,44630049,1,CC(C)NCC(COC1=CC=CC2=CC=CC=C21)O.Cl,C1(C(C(OC(C1O)OC2C(C(C(OC2C(=O)O)OC3C(C(C(OC3C(=O)[O-])O)O)O)O)O)C(=O)[O-])O)O.[Ca+2]
124081896,23665634,0,COC(=O)OCOC1=C2C(=O)N3CCOCC3N(N2C=CC1=O)C4C5=C(CSC6=CC=CC=C46)C(=C(C=C5)F)F,CCCCCCCCCCCCCCCCCCOC(=O)C=CC(=O)[O-].[Na+]
24965990,11177,0,CC1CCN(CCN1C(=O)C2=C(C=CC(=C2)C)N3N=CC=N3)C4=NC5=C(O4)C=CC(=C5)Cl,CCCCCCCCCCCCCCCCCC(=O)[O-].CCCCCCCCCCCCCCCCCC(=O)[O-].[Mg+2]
5391,26042,0,CN1C2=C(C=C(C=C2)Cl)C(=NC(C1=O)O)C3=CC=CC=C3,O=[Ti]=O
216457,174,0,C1CN2CCC1C(C2)OC(=O)N3CCC4=CC=CC=C4C3C5=CC=CC=C5.C(CC(=O)O)C(=O)O,C(CO)O
179344,6328154,0,CC(=O)OC1CC2=CC=CC=C2N(C3=CC=CC=C13)C(=O)N,CC(=O)O.C(C(C(C(C(C=O)O)O)O)O)O.[Na]
10182969,3037558,0,COC1=CC=C(C=C1)N2C3=C(CCN(C3=O)C4=CC=C(C=C4)N5CCCCC5=O)C(=N2)C(=O)N,C(C1C(C(C(C(O1)OC(C(CO)O)C(C(C=O)O)O)O)O)O)O
148195,24751,0,C1CN(CCC1CC(=O)N2CCC(CC2)C3C4=C(CCC5=C3N=CC(=C5)Br)C=C(C=C4Br)Cl)C(=O)N,CC1CO1.C1CO1
51039094,5234,0,CC1=C(C=CC(=C1)NC2=NC=NC3=C2C=C(C=C3)NC4=NC(CO4)(C)C)OC5=CC6=NC=NN6C=C5,[Na+].[Cl-]
59248,24261,0,CC[NH+](CC)CCN(CC(=O)NC1=C(C=CC=C1C)C)C(=O)C.[Cl-],O=[Si]=O
51634,26042,0,CCCCN1CC(C(C(C1CO)O)O)O,O=[Ti]=O
66558664,104938,0,CCN(C1CCOCC1)C2=CC(=CC(=C2C)C(=O)NCC3=C(C=C(NC3=O)C)C)C4=CC=C(C=C4)CN5CCOCC5,C(C1C(C(C(C(O1)OC2C(OC(C(C2O)O)O)CO)O)O)O)O.O
15606394,24261,0,CN(C)CC=CC(=O)NC1=C(C=C2C(=C1)C(=NC=N2)NC3=CC(=C(C=C3)F)Cl)OC4CCOC4.C(=CC(=O)O)C(=O)O.C(=CC(=O)O)C(=O)O,O=[Si]=O
10034073,123706,0,CCC1C=C(C(CC=CC=C(C(=O)OC(CC=C(C=C(C1OC2C(C(C(C(O2)(C)C)OC(=O)C(C)C)O)O)C)C)C(C)O)COC3C(C(C(C(O3)C)OC(=O)C4=C(C(=C(C(=C4O)Cl)O)Cl)CC)O)OC)O)C,CCC(C1=C(C=C(C=C1)N(C)C)C)N
24965990,14055602,0,CC1CCN(CCN1C(=O)C2=C(C=CC(=C2)C)N3N=CC=N3)C4=NC5=C(O4)C=CC(=C5)Cl,COC1C(OC(C(C1O)O)OC2C(OC(C(C2O)O)OC)CO)CO
208902,270885,0,CCC(=O)NCCC1CCC2=C1C3=C(C=C2)OCC3,CC(=O)OC=C.C=CN1CCCC1=O
10174505,5541,0,CC1CCN(CC1N(C)C2=NC=NC3=C2C=CN3)C(=O)CC#N.C(C(=O)O)C(CC(=O)O)(C(=O)O)O,CC(=O)OCC(COC(=O)C)OC(=O)C
169535,24261,0,CC1=C(C(=O)C=CO1)[O-].CC1=C(C(=O)C=CO1)[O-].CC1=C(C(=O)C=CO1)[O-].[Fe+3],O=[Si]=O
40632,6328154,0,CC1=CN(C(=O)C=C1)C2=CC=CC=C2,CC(=O)O.C(C(C(C(C(C=O)O)O)O)O)O.[Na]
24883443,516892,0,[H+].C1=C(N=C(S1)N=C(N)N)CSCCC(=NS(=O)(=O)N)N.[Cl-],C(=O)(O)[O-].[Na+]
11990828,6917,0,CN1CCN(CC1)CCCOC2=C(C=C3C(=C2)N=CC(=C3NC4=CC(=C(C=C4Cl)Cl)OC)C#N)OC.O,C=CN1CCCC1=O
135398513,6134,1,C1=NC2=C(N1COCCO)N=C(NC2=O)N,C(C1C(C(C(C(O1)OC2C(OC(C(C2O)O)O)CO)O)O)O)O
6112,7175,1,C1CSSC1CCCCC(=O)O,CCCOC(=O)C1=CC=C(C=C1)O
121494085,14055602,0,C(C1C(C(C(C(O1)OC2(C(C(C(O2)COS(=O)(=O)O[Al])OS(=O)(=O)O[Al])OS(=O)(=O)O[Al])COS(=O)(=O)O[Al])OS(=O)(=O)O[Al])OS(=O)(=O)O[Al])OS(=O)(=O)O[Al])OS(=O)(=O)O[Al].O.O.O.O.O.O.O.O.O.O.O.O.O.O.O.O.O.O.O.O.[Al],COC1C(OC(C(C1O)O)OC2C(OC(C(C2O)O)OC)CO)CO
156391,114690,1,CC(C1=CC2=C(C=C1)C=C(C=C2)OC)C(=O)O,CCCCCCCCCCCCCCCCCC(=O)O.CCCCCCCCCCCCCCCC(=O)O.C(C(CO)O)O
67462786,22146182,0,CC(C)NCCN(C1=CC2=NC(=CN=C2C=C1)C3=CN(N=C3)C)C4=CC(=CC(=C4)OC)OC,CC(=O)OC=C.C=CO
135413536,3423265,0,CC(C1=CC(=CC(=C1)C(F)(F)F)C(F)(F)F)OC2C(N(CCO2)CC3=NNC(=O)N3)C4=CC=C(C=C4)F,CCCCCCCCCCCCOS(=O)(=O)[O-].[Na+]
24497,5359268,1,[O-]S(=O)(=O)[O-].[Ca+2],[Al]
9871419,23320441,0,CCCSC1=NC(=C2C(=N1)N(N=N2)C3CC(C(C3O)O)OCCO)NC4CC4C5=CC(=C(C=C5)F)F,O.[OH-].[O-2].[Fe+3]
2345,14797,1,C1=CC=C(C=C1)COC(=O)C2=CC=CC=C2,[OH-].[K+]
86707828,6328154,0,CC1=CC=C(C=C1)S(=O)(=O)O.CC(C)OC1=C(C=C(C=C1)C2=NN(C3=NC=NC(=C23)N)C(C)C4=C(C(=O)C5=C(O4)C=CC(=C5)F)C6=CC(=CC=C6)F)F,CC(=O)O.C(C(C(C(C(C=O)O)O)O)O)O.[Na]
3151,6251,0,C1CN(CCC1N2C3=C(C=C(C=C3)Cl)NC2=O)CCCN4C5=CC=CC=C5NC4=O,C(C(C(C(C(CO)O)O)O)O)O
3001055,311,0,CNC(=C[N+](=O)[O-])NCCSCC1=CC=C(O1)CN(C)C,C(C(=O)O)C(CC(=O)O)(C(=O)O)O
31239,51063134,1,CCCCCCCCCCCCCCCC[N+]1=CC=CC=C1.[Cl-],COCC1C(C(C(C(O1)OC2C(OC(C(C2OC)OC)OC)COC)OC)OC)OC
54900,6850749,0,C1CCN(CC1)CCOC2=CC=C(C=C2)C(=O)C3=C(SC4=C3C=CC(=C4)O)C5=CC=C(C=C5)O.Cl,CC1(C2CCC(C23CC1C(=CC3O)C(=O)O)C(=O)O)CO.C(CCCC(C(CCCCCO)O)O)CCCC(=O)O
969472,26042,0,CN1CCN(CC1)C(=O)OC2C3=NC=CN=C3C(=O)N2C4=NC=C(C=C4)Cl,O=[Ti]=O
9865528,518696,0,C1=CC=C(C=C1)C(CNCCC2=CC=C(C=C2)NC(=O)CC3=CSC(=N3)N)O,O=[Fe]O[Fe]=O
18283,8314,0,CC1=CN(C(=O)NC1=O)C2C=CC(O2)CO,CCC(C)C(=O)O
11978813,14055602,0,C1CN(CCN1CCCCOC2=CC3=C(C=C2)C=CC(=O)N3)C4=C5C=CSC5=CC=C4,COC1C(OC(C(C1O)O)OC2C(OC(C(C2O)O)OC)CO)CO
118023034,6328154,0,CC(C1=CC=C(C=C1)F)(C2=CN=C(N=C2)N3CCN(CC3)C4=NC=NN5C4=CC(=C5)C6=CN(N=C6)C)N,CC(=O)O.C(C(C(C(C(C=O)O)O)O)O)O.[Na]
71360,14055602,0,CC(=O)C1=CC(=C(C=C1)OCCCN2CCC(CC2)C3=NOC4=C3C=CC(=C4)F)OC,COC1C(OC(C(C1O)O)OC2C(OC(C(C2O)O)OC)CO)CO
60560,16211032,0,CCC1=CN=C(C=C1)CCOC2=CC=C(C=C2)CC3C(=O)NC(=O)S3.Cl,C(C1C(C(C(C(O1)OC2C(OC(C(C2O)O)O)CO)O)O)O)O
84003,26924,0,C1CN2C(=CC=C2C(=O)C3=CC=CC=C3)C1C(=O)O.C(C(CO)(CO)N)O,O[Si](=O)[O-].O[Si](=O)[O-].[O-][Si](=O)[O-].[O-][Si](=O)[O-].[Mg+2].[Mg+2].[Mg+2]
44205240,11177,0,CCS(=O)(=O)N1CC(C1)(CC#N)N2C=C(C=N2)C3=C4C=CNC4=NC=N3,CCCCCCCCCCCCCCCCCC(=O)[O-].CCCCCCCCCCCCCCCCCC(=O)[O-].[Mg+2]
243,14798,1,C1=CC=C(C=C1)C(=O)O,[OH-].[Na+]
5035,134601,0,C1CCN(CC1)CCOC2=CC=C(C=C2)C(=O)C3=C(SC4=C3C=CC(=C4)O)C5=CC=C(C=C5)O,COC(=O)C(CC1=CC=CC=C1)NC(=O)C(CC(=O)O)N
159269,174,0,CC1=CN(C(=O)NC1=O)C2CC(C(O2)CO)O,C(CO)O
16004692,5281955,0,CCCNS(=O)(=O)NC1=C(C(=NC=N1)OCCOC2=NC=C(C=N2)Br)C3=CC=C(C=C3)Br,CCCCCCCCC=CCCCCCCCC(=O)OCCOCC(C1C(C(CO1)OCCO)OCCO)OCCO
24883443,131750926,0,[H+].C1=C(N=C(S1)N=C(N)N)CSCCC(=NS(=O)(=O)N)N.[Cl-],CC(=O)OCC1C(C(C(C(O1)OC2C(C(OC(C2OC3C(C(C(C(O3)CO)OP)O)O)CO)CP)O)OC4C(C(C(C(O4)C(=O)O)OC5C(C(C6C(O5)COC(O6)(C)C(=O)O)O)O)O)O)O)O
10174505,24832095,0,CC1CCN(CC1N(C)C2=NC=NC3=C2C=CN3)C(=O)CC#N.C(C(=O)O)C(CC(=O)O)(C(=O)O)O,CC(COCC1C(C(C(C(O1)OC)OCC(C)O)OCC(C)O)OC2C(C(C(C(O2)COC)OC3C(C(C(C(O3)CO)OC)O)O)OC)OC)O
31703,3082361,0,CC1C(C(CC(O1)OC2CC(CC3=C2C(=C4C(=C3O)C(=O)C5=C(C4=O)C(=CC=C5)OC)O)(C(=O)CO)O)N)O,CC(=C)C(=O)OC.C1=CC=C(C=C1)COC(=O)CCC(C(=O)O)N
54900,3037558,0,C1CCN(CC1)CCOC2=CC=C(C=C2)C(=O)C3=C(SC4=C3C=CC(=C4)O)C5=CC=C(C=C5)O.Cl,C(C1C(C(C(C(O1)OC(C(CO)O)C(C(C=O)O)O)O)O)O)O
17747012,6917,0,CC1=CN=C(C(=C1OC)C)CS(=O)C2=NC3=C([N-]2)C=CC(=C3)OC.CC1=CN=C(C(=C1OC)C)CS(=O)C2=NC3=C([N-]2)C=CC(=C3)OC.O.O.[Mg+2],C=CN1CCCC1=O
3033332,104931,1,CNC(=C[N+](=O)[O-])NCCSCC1=CC=C(O1)CN(C)C.Cl,CCOC(=O)C=C.CC(=C)C(=O)OC.CC(=C)C(=O)OCC[N+](C)(C)C.[Cl-]
6451150,445709,0,C1CN2C(=NN=C2C(F)(F)F)CN1C(=O)CC(CC3=CC(=C(C=C3F)F)F)N.OP(=O)(O)O,O.O.O.[Fe]
130881,11177,0,CCCC1=NC(=C(N1CC2=CC=C(C=C2)C3=CC=CC=C3C4=NNN=N4)C(=O)OCC5=C(OC(=O)O5)C)C(C)(C)O,CCCCCCCCCCCCCCCCCC(=O)[O-].CCCCCCCCCCCCCCCCCC(=O)[O-].[Mg+2]
4614,8434,0,C1=CC=C(C=C1)C2=C(OC(=N2)CCC(=O)O)C3=CC=CC=C3,CCOC(=O)C1=CC=C(C=C1)O
66860907,26042,0,CC1=CC(=C(C=C1)SC2=CC=CC=C2N3CCNCC3)C.Cl,O=[Ti]=O
169535,3423265,0,CC1=C(C(=O)C=CO1)[O-].CC1=C(C(=O)C=CO1)[O-].CC1=C(C(=O)C=CO1)[O-].[Fe+3],CCCCCCCCCCCCOS(=O)(=O)[O-].[Na+]
118988661,516893,0,C1=CC=NC(=C1)C(C2=CC=C(C=C2)OS(=O)(=O)[O-])C3=CC=C(C=C3)OS(=O)(=O)[O-].C(C(=O)O)C(CC(=O)O)(C(=O)O)O.O=[Mg].[Na+].[Na+],C(=O)(O)[O-].[K+]
23725083,26042,0,CCO.CC(C)CN(CC(C(CC1=CC=CC=C1)NC(=O)OC2COC3C2CCO3)O)S(=O)(=O)C4=CC=C(C=C4)N,O=[Ti]=O
122201352,518696,0,CNC(=O)C1=C(C=C(C=C1)C2=NN3C(=CN=C3N=C2)CC4=CC5=C(C=C4)N=CC=C5)F.O.Cl.Cl,O=[Fe]O[Fe]=O
2756,6328154,0,CC1=C(N=CN1)CSCCNC(=NC)NC#N,CC(=O)O.C(C(C(C(C(C=O)O)O)O)O)O.[Na]
71731823,26042,0,CC1C2=C(C=CC(=C2)F)C(=O)N(CC3=NN(C(=C3C4=CC(=C(N=C4)N)O1)C#N)C)C,O=[Ti]=O
63013,26924,0,CN(C)CC1CCCCC1(C2=CC(=CC=C2)OC)O.Cl,O[Si](=O)[O-].O[Si](=O)[O-].[O-][Si](=O)[O-].[O-][Si](=O)[O-].[Mg+2].[Mg+2].[Mg+2]
67683363,26042,0,CC1CCC(N1C(=O)C(C(C)C)NC(=O)OC)C2=NC3=C(N2)C=CC4=CC5=C(C=C43)OCC6=C5C=CC(=C6)C7=CN=C(N7)C8CC(CN8C(=O)C(C9=CC=CC=C9)NC(=O)OC)COC,O=[Ti]=O
6450800,5281955,0,CCCCN(CCCC)CC(C1=CC(=CC2=C1C3=C(C2=CC4=CC=C(C=C4)Cl)C=C(C=C3)Cl)Cl)O.CC1CCC2C(C(OC3C24C1CCC(O3)(OO4)C)OC)C,CCCCCCCCC=CCCCCCCCC(=O)OCCOCC(C1C(C(CO1)OCCO)OCCO)OCCO
135565903,11177,0,CC1=C(C(=[N+](C(=C1Cl)C)[O-])Cl)C2=NOC(=N2)C3=CC(=C(C(=C3)O)O)[N+](=O)[O-],CCCCCCCCCCCCCCCCCC(=O)[O-].CCCCCCCCCCCCCCCCCC(=O)[O-].[Mg+2]
71424,3776,0,CCOC1=CC=CC=C1OCC2CNCCO2.Cl,CC(C)O
3825,6917,0,CC(C1=CC(=CC=C1)C(=O)C2=CC=CC=C2)C(=O)O,C=CN1CCCC1=O
46216142,131751496,0,CC1CCOC2N1C(=O)C3=C(C(=O)C(=CN3C2)C(=O)NCC4=C(C=C(C=C4)F)F)[O-].[Na+],C1CC(=O)N(C1)C(CP)P
5362065,757,0,C=CC1=C(N2C(C(C2=O)NC(=O)C(=NOCC(=O)O)C3=CSC(=N3)N)SC1)C(=O)O,C(C(=O)O)O
5311083,11177,0,CC1=CN=C(C(=C1OC)C)CS(=O)C2=NC3=C([N-]2)C=CC(=C3)OC.CC1=CN=C(C(=C1OC)C)CS(=O)C2=NC3=C([N-]2)C=CC(=C3)OC.[Mg+2],CCCCCCCCCCCCCCCCCC(=O)[O-].CCCCCCCCCCCCCCCCCC(=O)[O-].[Mg+2]
23670359,26042,0,CCCCCN(C)CCC(O)(P(=O)(O)O)P(=O)(O)[O-].[Na+],O=[Ti]=O
44232548,11177,0,CC(C)C1=NC(=CS1)CN(C)C(=O)NC(CCN2CCOCC2)C(=O)NC(CCC(CC3=CC=CC=C3)NC(=O)OCC4=CN=CS4)CC5=CC=CC=C5.CC(C)C(CO)N1C=C(C(=O)C2=C1C=C(C(=C2)CC3=C(C(=CC=C3)Cl)F)OC)C(=O)O.CC(C)OC(=O)OCOP(=O)(COC(C)CN1C=NC2=C(N=CN=C21)N)OCOC(=O)OC(C)C.C1C(OC(S1)CO)N2C=C(C(=NC2=O)N)F.C(=CC(=O)O)C(=O)O,CCCCCCCCCCCCCCCCCC(=O)[O-].CCCCCCCCCCCCCCCCCC(=O)[O-].[Mg+2]
3672,23706213,0,CC(C)CC1=CC=C(C=C1)C(C)C(=O)O,CC(=O)[O-].C(C(C(C(C(C=O)O)O)O)O)O.[Na+]
6474107,5997,1,CC1CCC2(C(C3C(O2)C(C4C3(CCC5C4CCC6C5(CC(C(C6)OC7C(C(C(C(O7)CO)OC8C(C(C(C(O8)CO)O)OC9C(C(C(CO9)O)O)O)OC2C(C(C(C(O2)CO)O)OC2C(C(C(C(O2)CO)O)O)O)O)O)O)O)C)C)O)C)OC1,CC(C)CCCC(C)C1CCC2C1(CCC3C2CC=C4C3(CCC(C4)O)C)C
5362065,123706,0,C=CC1=C(N2C(C(C2=O)NC(=O)C(=NOCC(=O)O)C3=CSC(=N3)N)SC1)C(=O)O,CCC(C1=C(C=C(C=C1)N(C)C)C)N
11711114,294,0,CC1=CC(=CC(=C1NC2=NC(=NC=C2)NC3=CC=C(C=C3)C#N)C)C=CC#N.Cl,C(C1C(C(C(C(O1)OC2C(OC(C(C2O)O)O)CO)O)O)O)O
25166913,11177,0,CN1CCC(CC1C2=NC3=CC=CC=C3N2)NC(=O)NC4=CC=C(C=C4)C#N,CCCCCCCCCCCCCCCCCC(=O)[O-].CCCCCCCCCCCCCCCCCC(=O)[O-].[Mg+2]
11547978,6251,0,CC1=CC(=NO1)NC(=O)NC2=C(C=C(C=C2)OC3=C4C=C(C(=CC4=NC=C3)OC)OC)Cl.O.Cl,C(C(C(C(C(CO)O)O)O)O)O
54681908,11199,0,CN(C)C1C2CC3CC4=C(C=CC(=C4C(=C3C(=O)C2(C(=C(C1=O)C(=O)N)O)O)O)O)CN(C)OC,C=CO
44610678,4134690,0,CC1=CC=C(C=C1)S(=O)(=O)O.CN1CCC2=C(C1)SC(=N2)C(=O)NC3CC(CCC3NC(=O)C(=O)NC4=NC=C(C=C4)Cl)C(=O)N(C)C,C(CCCCCCCCCCO)CCCCCCCCCO
5702160,5281,0,C1=C(N=C(S1)N=C(N)N)CSCCC(=NS(=O)(=O)N)N,CCCCCCCCCCCCCCCCCC(=O)O
78357807,11199,0,CN1C=C(C2=CC=CC=C21)C3=NC(=NC=C3)NC4=C(C=C(C(=C4)NC(=O)C=C)N(C)CCN(C)C)OC.CS(=O)(=O)O,C=CO
1983,10112,1,CC(=O)NC1=CC=C(C=C1)O,C(=O)([O-])[O-].[Ca+2]
60825,14055602,0,C1C(OC(S1)CO)N2C=CC(=NC2=O)N,COC1C(OC(C(C1O)O)OC2C(OC(C(C2O)O)OC)CO)CO
130881,6917,0,CCCC1=NC(=C(N1CC2=CC=C(C=C2)C3=CC=CC=C3C4=NNN=N4)C(=O)OCC5=C(OC(=O)O5)C)C(C)(C)O,C=CN1CCCC1=O
445643,174,0,CC1CC(C2C(CC(C(O2)(C(=O)C(=O)N3CCCCC3C(=O)OC(C(C(CC(=O)C(C=C(C1)C)CC=C)O)C)C(=CC4CCC(C(C4)OC)O)C)O)C)OC)OC,C(CO)O
71584930,131751496,0,CCN1C2=CC(=NC=C2C=C(C1=O)C3=CC(=C(C=C3Br)F)NC(=O)NC4=CC=CC=C4)NC,C1CC(=O)N(C1)C(CP)P
6442177,104938,0,CC1CCC2CC(C(=CC=CC=CC(CC(C(=O)C(C(C(=CC(C(=O)CC(OC(=O)C3CCCCN3C(=O)C(=O)C1(O2)O)C(C)CC4CCC(C(C4)OC)OCCO)C)C)O)OC)C)C)C)OC,C(C1C(C(C(C(O1)OC2C(OC(C(C2O)O)O)CO)O)O)O)O.O
23725625,14789,0,C1CC1C(=O)N2CCN(CC2)C(=O)C3=C(C=CC(=C3)CC4=NNC(=O)C5=CC=CC=C54)F,O[Fe]=O.O[Fe]=O.[Fe]
3036505,26042,0,C1=CC=C(C=C1)C(=C(C2=CC=CC=C2)C3=CC=C(C=C3)OCCO)CCCl,O=[Ti]=O
214348,131751496,0,C1=CC=C(C(=C1)C2=NN(C(=N2)C3=CC=CC=C3O)C4=CC=C(C=C4)C(=O)O)O,C1CC(=O)N(C1)C(CP)P
2802,24261,0,C1C(=O)NC2=C(C=C(C=C2)[N+](=O)[O-])C(=N1)C3=CC=CC=C3Cl,O=[Si]=O
60560,24261,0,CCC1=CN=C(C=C1)CCOC2=CC=C(C=C2)CC3C(=O)NC(=O)S3.Cl,O=[Si]=O
10130337,174,0,C1=CC=C(C=C1)CC(COC(=O)N)N,C(CO)O
45375808,11199,0,CC(C)OC(=O)C(C)NP(=O)(OCC1C(C(C(O1)N2C=CC(=O)NC2=O)(C)F)O)OC3=CC=CC=C3,C=CO
969472,174,0,CN1CCN(CC1)C(=O)OC2C3=NC=CN=C3C(=O)N2C4=NC=C(C=C4)Cl,C(CO)O
11237860,6328154,0,C1CCC(C(C1)CN2CCN(CC2)C3=NSC4=CC=CC=C43)CN5C(=O)C6C7CCC(C7)C6C5=O.Cl,CC(=O)O.C(C(C(C(C(C=O)O)O)O)O)O.[Na]
56649450,174,0,CC1=C(SC(=N1)NC(=O)N2CCCC2C(=O)N)C3=CC(=NC=C3)C(C)(C)C(F)(F)F,C(CO)O
441308,23706213,0,CC(C)NCC(COC1=CC=C(C=C1)CCOC)O.CC(C)NCC(COC1=CC=C(C=C1)CCOC)O.C(C(C(=O)O)O)(C(=O)O)O,CC(=O)[O-].C(C(C(C(C(C=O)O)O)O)O)O.[Na+]
17397714,6506,0,COC1=CC=CC=C1CNC(=O)C2=NOC(=C2)C3=CC=CC=C3,CCOC(=O)CC(CC(=O)OCC)(C(=O)OCC)O
11673085,11177,0,CC1CNCCC2=C1C=C(C=C2)Cl.Cl,CCCCCCCCCCCCCCCCCC(=O)[O-].CCCCCCCCCCCCCCCCCC(=O)[O-].[Mg+2]
25096873,16211978,0,CN(C)C(=O)NC1CCC(CC1)CCN2CCN(CC2)C3=C(C(=CC=C3)Cl)Cl.Cl,O=[Fe].O=[Fe]O[Fe]=O
6324616,26042,0,CC1C=CC=C(C(=O)NC2=CC(=C3C(=C2O)C(=C(C4=C3C(=O)C(O4)(OC=CC(C(C(C(C(C(C1O)C)O)C)OC(=O)C)C)OC)C)C)O)O)C,O=[Ti]=O
50922675,24751,0,CC(C)N1C=C(C(=N1)C2=C(C(=CC(=C2)Cl)NS(=O)(=O)C)F)C3=NC(=NC=C3)NCC(C)NC(=O)OC,CC1CO1.C1CO1
193962,14055602,0,CC1=CC(=CC(=C1OC2=NC(=NC(=C2Br)N)NC3=CC=C(C=C3)C#N)C)C#N,COC1C(OC(C(C1O)O)OC2C(OC(C(C2O)O)OC)CO)CO
45138699,24261,0,CC1CN(CC(O1)C)C2=NC=C(C=C2)NC(=O)C3=CC=CC(=C3C)C4=CC=C(C=C4)OC(F)(F)F.OP(=O)(O)O.OP(=O)(O)O,O=[Si]=O
2369,4134690,0,CC(C)NCC(COC1=CC=C(C=C1)CCOCC2CC2)O,C(CCCCCCCCCCO)CCCCCCCCCO
5311083,131751496,0,CC1=CN=C(C(=C1OC)C)CS(=O)C2=NC3=C([N-]2)C=CC(=C3)OC.CC1=CN=C(C(=C1OC)C)CS(=O)C2=NC3=C([N-]2)C=CC(=C3)OC.[Mg+2],C1CC(=O)N(C1)C(CP)P
51039094,516892,0,CC1=C(C=CC(=C1)NC2=NC=NC3=C2C=C(C=C3)NC4=NC(CO4)(C)C)OC5=CC6=NC=NN6C=C5,C(=O)(O)[O-].[Na+]
9838021,11177,0,CCC(C1=CC(=CC=C1)O)C(C)CN(C)C.Cl,CCCCCCCCCCCCCCCCCC(=O)[O-].CCCCCCCCCCCCCCCCCC(=O)[O-].[Mg+2]
6917875,6251,0,CN1CC2C(C1)C3=C(C=CC(=C3)Cl)OC4=CC=CC=C24.C(=CC(=O)O)C(=O)O,C(C(C(C(C(CO)O)O)O)O)O
16088021,14055602,0,CN1C(=O)C=C(N(C1=O)CC2=CC=CC=C2C#N)N3CCCC(C3)N.C1=CC=C(C=C1)C(=O)O,COC1C(OC(C(C1O)O)OC2C(OC(C(C2O)O)OC)CO)CO
84029,26924,0,CCC1C(C(C(C(=O)C(CC(C(C(C(C(C(=O)O1)C)OC2CC(C(C(O2)C)O)(C)OC)C)OC3C(C(CC(O3)C)N(C)C)O)(C)OC)C)C)O)(C)O,O[Si](=O)[O-].O[Si](=O)[O-].[O-][Si](=O)[O-].[O-][Si](=O)[O-].[Mg+2].[Mg+2].[Mg+2]
216237,14055602,0,CC1=CC=CC=C1C(=O)NC2=CC(=C(C=C2)C(=O)N3CCCC(C4=C3C=CC(=C4)Cl)O)C,COC1C(OC(C(C1O)O)OC2C(OC(C(C2O)O)OC)CO)CO
25102846,518696,0,COC1=CC2=C(C=CN=C2C=C1OC)OC3=CC=C(C=C3)NC(=O)C4(CC4)C(=O)NC5=CC=C(C=C5)F.C(C(C(=O)O)O)C(=O)O,O=[Fe]O[Fe]=O
11167602,6917,0,CNC(=O)C1=NC=CC(=C1)OC2=CC(=C(C=C2)NC(=O)NC3=CC(=C(C=C3)Cl)C(F)(F)F)F,C=CN1CCCC1=O
3059,104931,1,C1=CC(=C(C=C1C2=C(C=C(C=C2)F)F)C(=O)O)O,CCOC(=O)C=C.CC(=C)C(=O)OC.CC(=C)C(=O)OCC[N+](C)(C)C.[Cl-]
2249,5281,0,CC(C)NCC(COC1=CC=C(C=C1)CC(=O)N)O,CCCCCCCCCCCCCCCCCC(=O)O
53239799,4134690,0,CCC1=CC2=C(C=C1N3CCC(CC3)N4CCOCC4)C(C5=C(C2=O)C6=C(N5)C=C(C=C6)C#N)(C)C.Cl,C(CCCCCCCCCCO)CCCCCCCCCO
9280,6917,0,COC(=O)C(C1CCCCN1)C2=CC=CC=C2.Cl,C=CN1CCCC1=O
2678,5780,0,C1CN(CCN1CCOCC(=O)O)C(C2=CC=CC=C2)C3=CC=C(C=C3)Cl,C(C(C(C(C(CO)O)O)O)O)O
176871,123706,0,COCCOC1=C(C=C2C(=C1)C(=NC=N2)NC3=CC=CC(=C3)C#C)OCCOC.Cl,CCC(C1=C(C=C(C=C1)N(C)C)C)N
78357807,14055602,0,CN1C=C(C2=CC=CC=C21)C3=NC(=NC=C3)NC4=C(C=C(C(=C4)NC(=O)C=C)N(C)CCN(C)C)OC.CS(=O)(=O)O,COC1C(OC(C(C1O)O)OC2C(OC(C(C2O)O)OC)CO)CO
5311037,56841934,0,CCN1C2=C(C(=O)N(C1=O)CC)N(C(=N2)C=CC3=CC(=C(C=C3)OC)OC)C,O.O.O.[Fe].[Fe]
44205240,11199,0,CCS(=O)(=O)N1CC(C1)(CC#N)N2C=C(C=N2)C3=C4C=CNC4=NC=N3,C=CO
11626560,14055602,0,CC(C1=C(C=CC(=C1Cl)F)Cl)OC2=C(N=CC(=C2)C3=CN(N=C3)C4CCNCC4)N,COC1C(OC(C(C1O)O)OC2C(OC(C(C2O)O)OC)CO)CO
25102846,14055602,0,COC1=CC2=C(C=CN=C2C=C1OC)OC3=CC=C(C=C3)NC(=O)C4(CC4)C(=O)NC5=CC=C(C=C5)F.C(C(C(=O)O)O)C(=O)O,COC1C(OC(C(C1O)O)OC2C(OC(C(C2O)O)OC)CO)CO
40632,14923,0,CC1=CN(C(=O)C=C1)C2=CC=CC=C2,[NH4+].[OH-]
16220172,104938,0,CC(C)(C)C1=CC(=C(C=C1NC(=O)C2=CNC3=CC=CC=C3C2=O)O)C(C)(C)C,C(C1C(C(C(C(O1)OC2C(OC(C(C2O)O)O)CO)O)O)O)O.O
67462786,8567,0,CC(C)NCCN(C1=CC2=NC(=CN=C2C=C1)C3=CN(N=C3)C)C4=CC(=CC(=C4)OC)OC,CNCC(C(C(C(CO)O)O)O)O
49846579,24261,0,CC1(CCC(=C(C1)C2=CC=C(C=C2)Cl)CN3CCN(CC3)C4=CC(=C(C=C4)C(=O)NS(=O)(=O)C5=CC(=C(C=C5)NCC6CCOCC6)[N+](=O)[O-])OC7=CN=C8C(=C7)C=CN8)C,O=[Si]=O
16088021,123706,0,CN1C(=O)C=C(N(C1=O)CC2=CC=CC=C2C#N)N3CCCC(C3)N.C1=CC=C(C=C1)C(=O)O,CCC(C1=C(C=C(C=C1)N(C)C)C)N
16214875,26042,0,CN1C=NC2=C1C=C(C(=C2F)NC3=C(C=C(C=C3)Br)Cl)C(=O)NOCCO.OS(=O)(=O)O,O=[Ti]=O
25166913,104938,0,CN1CCC(CC1C2=NC3=CC=CC=C3N2)NC(=O)NC4=CC=C(C=C4)C#N,C(C1C(C(C(C(O1)OC2C(OC(C(C2O)O)O)CO)O)O)O)O.O
2450,24477,1,C(C(CO)([N+](=O)[O-])Br)O,[O-]S(=O)(=S)[O-].[Na+].[Na+]
11626560,26042,0,CC(C1=C(C=CC(=C1Cl)F)Cl)OC2=C(N=CC(=C2)C3=CN(N=C3)C4CCNCC4)N,O=[Ti]=O
56959086,14055602,0,COCCOCCOCCOCCOCCOCCOCCOC1CCC2(C3CC4=C5C2(C1OC5=C(C=C4)O)CCN3CC=C)O.C(=O)(C(=O)O)O,COC1C(OC(C(C1O)O)OC2C(OC(C(C2O)O)OC)CO)CO
10182969,11177,0,COC1=CC=C(C=C1)N2C3=C(CCN(C3=O)C4=CC=C(C=C4)N5CCCCC5=O)C(=N2)C(=O)N,CCCCCCCCCCCCCCCCCC(=O)[O-].CCCCCCCCCCCCCCCCCC(=O)[O-].[Mg+2]
135565903,26042,0,CC1=C(C(=[N+](C(=C1Cl)C)[O-])Cl)C2=NOC(=N2)C3=CC(=C(C(=C3)O)O)[N+](=O)[O-],O=[Ti]=O
11711114,174,0,CC1=CC(=CC(=C1NC2=NC(=NC=C2)NC3=CC=C(C=C3)C#N)C)C=CC#N.Cl,C(CO)O
9933004,135436515,0,C1CC2=C(C=CC(=C2)F)OC1C(CNCC(C3CCC4=C(O3)C=CC(=C4)F)O)O.Cl,C1=CC2=C(C=C1S(=O)(=O)O)C(=C(N2)C3=NC4=C(C3=O)C=C(C=C4)S(=O)(=O)O)O.[Na+]
5388962,104938,0,CCOC(=O)C(CCC1=CC=CC=C1)NC(C)C(=O)N2CCCC2C(=O)O,C(C1C(C(C(C(O1)OC2C(OC(C(C2O)O)O)CO)O)O)O)O.O
71009737,24261,0,C1CC2=CN=CN2C1C3=C(C=C(C=C3)C#N)F.OP(=O)(O)O,O=[Si]=O
107970,6251,0,CCCCCCCCC1=CC=C(C=C1)CCC(CO)(CO)N,C(C(C(C(C(CO)O)O)O)O)O
91558,1732,1,COC1=CC2=C(C=CN=C2C=C1)C(C3CC4CCN3CC4C=C)O.Cl,CC1=C(C=CC(=C1)O)Cl
62923,26924,0,CN(C)CC(C1=CC=C(C=C1)OC)C2(CCCCC2)O.Cl,O[Si](=O)[O-].O[Si](=O)[O-].[O-][Si](=O)[O-].[O-][Si](=O)[O-].[Mg+2].[Mg+2].[Mg+2]
154256,872,0,CC1=C(N(C2=C1C=C(C=C2)O)CC3=CC=C(C=C3)OCCN4CCCCCC4)C5=CC=C(C=C5)O.CC(=O)O,C(C1C(C(C(C(O1)OCC2C(C(C(C(O2)O)O)O)O)O)O)O)O
24970412,5780,0,CNCC(C(C(C(CO)O)O)O)O.C1=CC2=C(C=C1C(=O)O)OC(=N2)C3=CC(=CC(=C3)Cl)Cl,C(C(C(C(C(CO)O)O)O)O)O
3476,6134,0,CCC1=C(CN(C1=O)C(=O)NCCC2=CC=C(C=C2)S(=O)(=O)NC(=O)NC3CCC(CC3)C)C,C(C1C(C(C(C(O1)OC2C(OC(C(C2O)O)O)CO)O)O)O)O
10158453,56841934,0,CC(=O)OC1=CC2=C(S1)CCN(C2)C(C3=CC=CC=C3F)C(=O)C4CC4.Cl,O.O.O.[Fe].[Fe]
11551689,11177,0,C1CCN(CC1)CCCOCCCC2=CC=C(C=C2)Cl.Cl,CCCCCCCCCCCCCCCCCC(=O)[O-].CCCCCCCCCCCCCCCCCC(=O)[O-].[Mg+2]
67505836,104938,0,CC(C)C(C(=O)N1CC2(CC2)CC1C3=NC=C(N3)C4=CC5=C(C=C4)C6=C(C5(F)F)C=C(C=C6)C7=CC8=C(C=C7)N=C(N8)C9C1CCC(C1)N9C(=O)C(C(C)C)NC(=O)OC)NC(=O)OC,C(C1C(C(C(C(O1)OC2C(OC(C(C2O)O)O)CO)O)O)O)O.O
154256,11177,0,CC1=C(N(C2=C1C=C(C=C2)O)CC3=CC=C(C=C3)OCCN4CCCCCC4)C5=CC=C(C=C5)O.CC(=O)O,CCCCCCCCCCCCCCCCCC(=O)[O-].CCCCCCCCCCCCCCCCCC(=O)[O-].[Mg+2]
216326,6328154,0,C1CC(=O)NC(=O)C1N2CC3=C(C2=O)C=CC=C3N,CC(=O)O.C(C(C(C(C(C=O)O)O)O)O)O.[Na]
5311037,174,0,CCN1C2=C(C(=O)N(C1=O)CC)N(C(=N2)C=CC3=CC(=C(C=C3)OC)OC)C,C(CO)O
135565082,14797,0,CN1C(=NC=N1)C2C(NC3=CC(=CC4=C3C2=NNC4=O)F)C5=CC=C(C=C5)F,[OH-].[K+]
11673085,5281,0,CC1CNCCC2=C1C=C(C=C2)Cl.Cl,CCCCCCCCCCCCCCCCCC(=O)O
44516822,11177,0,CC(C)(C)C1=NC(=C(S1)C2=NC(=NC=C2)N)C3=C(C(=CC=C3)NS(=O)(=O)C4=C(C=CC=C4F)F)F.CS(=O)(=O)O,CCCCCCCCCCCCCCCCCC(=O)[O-].CCCCCCCCCCCCCCCCCC(=O)[O-].[Mg+2]
11167602,11199,0,CNC(=O)C1=NC=CC(=C1)OC2=CC(=C(C=C2)NC(=O)NC3=CC(=C(C=C3)Cl)C(F)(F)F)F,C=CO
5962,875,0,C(CCN)CC(C(=O)O)N,C(C(C(=O)O)O)(C(=O)O)O
16088021,104938,0,CN1C(=O)C=C(N(C1=O)CC2=CC=CC=C2C#N)N3CCCC(C3)N.C1=CC=C(C=C1)C(=O)O,C(C1C(C(C(C(O1)OC2C(OC(C(C2O)O)O)CO)O)O)O)O.O
216326,135436510,0,C1CC(=O)NC(=O)C1N2CC3=C(C2=O)C=CC=C3N,C1=CC=C(C=C1)N=NC2=C(C3=C(C(=C(C=C3C=C2S(=O)(=O)O)S(=O)(=O)O)N=NC4=CC=C(C=C4)[N+](=O)[O-])N)O.[Na+]
9552079,12449,1,C1=CC(=CC=C1NC(=NC(=NCCCCCCN=C(N)N=C(N)NC2=CC=C(C=C2)Cl)N)N)Cl,CCN(CC)C1=CC=C(C=C1)C(=C2C=CC(=[N+](CC)CC)C=C2)C3=CC=CC=C3.OS(=O)(=O)[O-]
5391,26924,0,CN1C2=C(C=C(C=C2)Cl)C(=NC(C1=O)O)C3=CC=CC=C3,O[Si](=O)[O-].O[Si](=O)[O-].[O-][Si](=O)[O-].[O-][Si](=O)[O-].[Mg+2].[Mg+2].[Mg+2]
5639,16211032,0,CN1C(=CC(=O)N(C1=O)C)NCCCN2CCN(CC2)C3=CC=CC=C3OC,C(C1C(C(C(C(O1)OC2C(OC(C(C2O)O)O)CO)O)O)O)O
5284359,19660,1,[Cl-].[Cl-].[Ca+2],C(=O)([O-])[O-]
148195,263,0,C1CN(CCC1CC(=O)N2CCC(CC2)C3C4=C(CCC5=C3N=CC(=C5)Br)C=C(C=C4Br)Cl)C(=O)N,CCCCO
11673085,294,0,CC1CNCCC2=C1C=C(C=C2)Cl.Cl,C(C1C(C(C(C(O1)OC2C(OC(C(C2O)O)O)CO)O)O)O)O
10288191,6328154,0,CN1C=NC2=C1C=C(C(=C2F)NC3=C(C=C(C=C3)Br)F)C(=O)NOCCO,CC(=O)O.C(C(C(C(C(C=O)O)O)O)O)O.[Na]
10174505,16211978,0,CC1CCN(CC1N(C)C2=NC=NC3=C2C=CN3)C(=O)CC#N.C(C(=O)O)C(CC(=O)O)(C(=O)O)O,O=[Fe].O=[Fe]O[Fe]=O
92974,6251,0,C1=CC(=C(C=C1C(C(C(=O)O)N)O)O)O,C(C(C(C(C(CO)O)O)O)O)O
135565903,104938,0,CC1=C(C(=[N+](C(=C1Cl)C)[O-])Cl)C2=NOC(=N2)C3=CC(=C(C(=C3)O)O)[N+](=O)[O-],C(C1C(C(C(C(O1)OC2C(OC(C(C2O)O)O)CO)O)O)O)O.O
135398508,104938,0,C=C1C(CC(C1CO)O)N2C=NC3=C2N=C(NC3=O)N,C(C1C(C(C(C(O1)OC2C(OC(C(C2O)O)O)CO)O)O)O)O.O
441358,71485,0,CNCCC=C1C2=CC=CC=C2CCC3=CC=CC=C31.Cl,C(C1C(C(C(C(O1)OC2(C(C(C(O2)CCl)O)O)CCl)O)O)Cl)O
5361917,174,0,C[N+]1(CCC23C4C(=O)CCC2(C1CC5=C3C(=C(C=C5)O)O4)O)CC6CC6.[Br-],C(CO)O
11547978,2723854,0,CC1=CC(=NO1)NC(=O)NC2=C(C=C(C=C2)OC3=C4C=C(C(=CC4=NC=C3)OC)OC)Cl.O.Cl,C1=CC2=C(C=C1S(=O)(=O)[O-])C(=C(N2)C3=NC4=C(C3=O)C=C(C=C4)S(=O)(=O)[O-])O.[Na+].[Na+]
5284583,26042,0,CCC(C(=O)N)N1CCCC1=O,O=[Ti]=O
30667,15324,0,CC(C1=NCCN1)OC2=C(C=CC=C2Cl)Cl.Cl,CCCCCCCCCCCCCCCCCC(=O)[O-].CCCCCCCCCCCCCCCCCC(=O)[O-].[Ca+2]
71491931,11199,0,C1CCNC(C1)C2(CN(C2)C(=O)C3=C(C(=C(C=C3)F)F)NC4=C(C=C(C=C4)I)F)O.C1CCNC(C1)C2(CN(C2)C(=O)C3=C(C(=C(C=C3)F)F)NC4=C(C=C(C=C4)I)F)O.C(=CC(=O)O)C(=O)O,C=CO
5362065,1030,0,C=CC1=C(N2C(C(C2=O)NC(=O)C(=NOCC(=O)O)C3=CSC(=N3)N)SC1)C(=O)O,CC(CO)O
4539,26042,0,CCN1C=C(C(=O)C2=CC(=C(C=C21)N3CCNCC3)F)C(=O)O,O=[Ti]=O
16757572,26042,0,CC1=C(C=C(C=C1)C(=O)NC2=CC(=CC(=C2)C(F)(F)F)N3C=C(N=C3)C)NC4=NC=CC(=N4)C5=CN=CC=C5.O.Cl,O=[Ti]=O
24776445,11177,0,CS(=O)(=O)C1=CC(=C(C=C1)C(=O)NC2=CC(=C(C=C2)Cl)C3=CC=CC=N3)Cl,CCCCCCCCCCCCCCCCCC(=O)[O-].CCCCCCCCCCCCCCCCCC(=O)[O-].[Mg+2]
4409,14055602,0,CC(=O)CCC1=CC2=C(C=C1)C=C(C=C2)OC,COC1C(OC(C(C1O)O)OC2C(OC(C(C2O)O)OC)CO)CO
158550,11177,0,CC(C)(C)C(C(=O)NC(CC1=CC=CC=C1)C(CN(CC2=CC=C(C=C2)C3=CC=CC=N3)NC(=O)C(C(C)(C)C)NC(=O)OC)O)NC(=O)OC.OS(=O)(=O)O,CCCCCCCCCCCCCCCCCC(=O)[O-].CCCCCCCCCCCCCCCCCC(=O)[O-].[Mg+2]
6442177,131751496,0,CC1CCC2CC(C(=CC=CC=CC(CC(C(=O)C(C(C(=CC(C(=O)CC(OC(=O)C3CCCCN3C(=O)C(=O)C1(O2)O)C(C)CC4CCC(C(C4)OC)OCCO)C)C)O)OC)C)C)C)OC,C1CC(=O)N(C1)C(CP)P
9832912,11177,0,CC1CC(=CCC2CC(CC3(O2)CC(=NOC)C(C(O3)C(=CC(C)C)C)C)OC(=O)C4C=C(C(C5C4(C(=CC=C1)CO5)O)O)C)C,CCCCCCCCCCCCCCCCCC(=O)[O-].CCCCCCCCCCCCCCCCCC(=O)[O-].[Mg+2]
25102846,26042,0,COC1=CC2=C(C=CN=C2C=C1OC)OC3=CC=C(C=C3)NC(=O)C4(CC4)C(=O)NC5=CC=C(C=C5)F.C(C(C(=O)O)O)C(=O)O,O=[Ti]=O
9433,270885,0,CN1C2=C(C(=O)N(C1=O)C)NC=N2.CN1C2=C(C(=O)N(C1=O)C)NC=N2.C(CN)N,CC(=O)OC=C.C=CN1CCCC1=O
59768,6255,1,CC(C)NCC(COC1=CC=C(C=C1)CCC(=O)OC)O,C(C1C(C(C(C(O1)OC2C(OC(C(C2O)O)O)CO)O)O)O)O
11363176,11177,0,CCCN=C1N(C(=O)C(=CC2=CC(=C(C=C2)OCC(CO)O)Cl)S1)C3=CC=CC=C3C,CCCCCCCCCCCCCCCCCC(=O)[O-].CCCCCCCCCCCCCCCCCC(=O)[O-].[Mg+2]
9433,24261,0,CN1C2=C(C(=O)N(C1=O)C)NC=N2.CN1C2=C(C(=O)N(C1=O)C)NC=N2.C(CN)N,O=[Si]=O
67462786,518696,0,CC(C)NCCN(C1=CC2=NC(=CN=C2C=C1)C3=CN(N=C3)C)C4=CC(=CC(=C4)OC)OC,O=[Fe]O[Fe]=O
163761,26042,0,CC1=CC(=NC2=C1C(=C(C=C2NC(C)CCCN)OC)OC3=CC=CC(=C3)C(F)(F)F)OC.C(CC(=O)O)C(=O)O,O=[Ti]=O
5487,16211032,0,C1CN=C(N1)NC2=C(C=CC3=NSN=C32)Cl,C(C1C(C(C(C(O1)OC2C(OC(C(C2O)O)O)CO)O)O)O)O
78000,23706213,0,CCC(CC)OC1C=C(CC(C1NC(=O)C)N)C(=O)OCC.OP(=O)(O)O,CC(=O)[O-].C(C(C(C(C(C=O)O)O)O)O)O.[Na+]
24755604,14055602,0,CCCCC(=O)N(CC1=CC=C(C=C1)C2=CC=CC=C2C3=NN=N[N-]3)C(C(C)C)C(=O)[O-].CCOC(=O)C(C)CC(CC1=CC=C(C=C1)C2=CC=CC=C2)NC(=O)CCC(=O)[O-].O.[Na+].[Na+].[Na+],COC1C(OC(C(C1O)O)OC2C(OC(C(C2O)O)OC)CO)CO
23668479,445709,0,CC1=NN=C(O1)C(=O)NC(C)(C)C2=NC(=C(C(=O)N2C)[O-])C(=O)NCC3=CC=C(C=C3)F.[K+],O.O.O.[Fe]
65999,62698,0,CCCC1=NC2=C(N1CC3=CC=C(C=C3)C4=CC=CC=C4C(=O)O)C=C(C=C2C)C5=NC6=CC=CC=C6N5C,C(C1C(C(C(C(O1)OC2C(OC(C(C2O)O)OC3C(OC(C(C3O)O)O)CO)CO)O)O)O)O
11250029,26042,0,CC1=CC(=CC(=C1CC(C(=O)N(CC2=CC(=C(C=C2)OC)C(=O)O)C(C)C3=NC=C(N3)C4=CC=CC=C4)N)C)C(=O)N,O=[Ti]=O
5284583,11177,0,CCC(C(=O)N)N1CCCC1=O,CCCCCCCCCCCCCCCCCC(=O)[O-].CCCCCCCCCCCCCCCCCC(=O)[O-].[Mg+2]
57379345,11177,0,CC1=CC(=C(C=C1C2CCNCC2)OC(C)C)NC3=NC=C(C(=N3)NC4=CC=CC=C4S(=O)(=O)C(C)C)Cl,CCCCCCCCCCCCCCCCCC(=O)[O-].CCCCCCCCCCCCCCCCCC(=O)[O-].[Mg+2]
157920,56841934,0,CCCCC(C1(CCC2C(O1)CC(=O)C2CCCCCCC(=O)O)O)(F)F,O.O.O.[Fe].[Fe]
9444,56841934,0,C1=NC(=NC(=O)N1C2C(C(C(O2)CO)O)O)N,O.O.O.[Fe].[Fe]
6442177,3037558,0,CC1CCC2CC(C(=CC=CC=CC(CC(C(=O)C(C(C(=CC(C(=O)CC(OC(=O)C3CCCCN3C(=O)C(=O)C1(O2)O)C(C)CC4CCC(C(C4)OC)OCCO)C)C)O)OC)C)C)C)OC,C(C1C(C(C(C(O1)OC(C(CO)O)C(C(C=O)O)O)O)O)O)O
6450551,104938,0,CNC(=O)C1=CC=CC=C1SC2=CC3=C(C=C2)C(=NN3)C=CC4=CC=CC=N4,C(C1C(C(C(C(O1)OC2C(OC(C(C2O)O)O)CO)O)O)O)O.O
54891,656582,0,CCOC(=O)C(CCC1=CC=CC=C1)NC(C)C(=O)N2CC3=CC=CC=C3CC2C(=O)O.Cl,C1=CC=C2C(=C1)C(=O)[N-]S2(=O)=O.[Na+]
115366,123706,0,COC(=O)C(C1=CC=CC=C1Cl)N2CCC3=C(C2)C=CS3.OS(=O)(=O)O,CCC(C1=C(C=C(C=C1)N(C)C)C)N
1983,11029,1,CC(=O)NC1=CC=C(C=C1)O,C(=O)([O-])[O-].[Mg+2]
2244,104805,1,CC(=O)OC1=CC=CC=C1C(=O)O,O.O.OP(=O)([O-])[O-].[Ca+2]
150311,104938,0,C1=CC(=CC=C1C2C(C(=O)N2C3=CC=C(C=C3)F)CCC(C4=CC=C(C=C4)F)O)O,C(C1C(C(C(C(O1)OC2C(OC(C(C2O)O)O)CO)O)O)O)O.O
12560,24497,1,CCC1C(C(C(C(=O)C(CC(C(C(C(C(C(=O)O1)C)OC2CC(C(C(O2)C)O)(C)OC)C)OC3C(C(CC(O3)C)N(C)C)O)(C)O)C)C)O)(C)O,[O-]S(=O)(=O)[O-].[Ca+2]
72722243,518696,0,CC(C)(C)C1=CC(=C(C=C1NC(=O)C2=CNC3=CC=CC=C3C2=O)O)C(C)(C)C.CC(C)(CO)C1=CC2=CC(=C(C=C2N1CC(CO)O)F)NC(=O)C3(CC3)C4=CC5=C(C=C4)OC(O5)(F)F,O=[Fe]O[Fe]=O
15951529,174,0,CC1(C(=O)N(C(=S)N1C2=CC(=C(C=C2)C(=O)NC)F)C3=CC(=C(C=C3)C#N)C(F)(F)F)C,C(CO)O
3386,6134,1,CNCCC(C1=CC=CC=C1)OC2=CC=C(C=C2)C(F)(F)F,C(C1C(C(C(C(O1)OC2C(OC(C(C2O)O)O)CO)O)O)O)O
25008120,26924,0,CC1(C(=O)N(C2=C(O1)C=CC(=N2)NC3=NC(=NC=C3F)NC4=CC(=C(C(=C4)OC)OC)OC)COP(=O)([O-])[O-])C.[Na+].[Na+],O[Si](=O)[O-].O[Si](=O)[O-].[O-][Si](=O)[O-].[O-][Si](=O)[O-].[Mg+2].[Mg+2].[Mg+2]
193962,11177,0,CC1=CC(=CC(=C1OC2=NC(=NC(=C2Br)N)NC3=CC=C(C=C3)C#N)C)C#N,CCCCCCCCCCCCCCCCCC(=O)[O-].CCCCCCCCCCCCCCCCCC(=O)[O-].[Mg+2]
129228,174,0,C1=CC(=C(C(=C1)F)CN2C=C(N=N2)C(=O)N)F,C(CO)O
637568,24261,0,COC(=O)C=CC(=O)OC,O=[Si]=O
9444,6328154,0,C1=NC(=NC(=O)N1C2C(C(C(O2)CO)O)O)N,CC(=O)O.C(C(C(C(C(C=O)O)O)O)O)O.[Na]
118023034,3776,0,CC(C1=CC=C(C=C1)F)(C2=CN=C(N=C2)N3CCN(CC3)C4=NC=NN5C4=CC(=C5)C6=CN(N=C6)C)N,CC(C)O
11711114,24832095,0,CC1=CC(=CC(=C1NC2=NC(=NC=C2)NC3=CC=C(C=C3)C#N)C)C=CC#N.Cl,CC(COCC1C(C(C(C(O1)OC)OCC(C)O)OCC(C)O)OC2C(C(C(C(O2)COC)OC3C(C(C(C(O3)CO)OC)O)O)OC)OC)O
24970412,19700,0,CNCC(C(C(C(CO)O)O)O)O.C1=CC2=C(C=C1C(=O)O)OC(=N2)C3=CC(=CC(=C3)Cl)Cl,CCN(CC1=CC(=CC=C1)S(=O)(=O)[O-])C2=CC=C(C=C2)C(=C3C=CC(=[N+](CC)CC4=CC(=CC=C4)S(=O)(=O)[O-])C=C3)C5=CC=CC=C5S(=O)(=O)[O-].[Na+].[Na+]
6014,6251,0,CC(CN1C2=CC=CC=C2SC3=CC=CC=C31)N(C)C.Cl,C(C(C(C(C(CO)O)O)O)O)O
4680,1732,1,COC1=C(C=C(C=C1)CC2=NC=CC3=CC(=C(C=C32)OC)OC)OC,CC1=C(C=CC(=C1)O)Cl
154256,3776,0,CC1=C(N(C2=C1C=C(C=C2)O)CC3=CC=C(C=C3)OCCN4CCCCCC4)C5=CC=C(C=C5)O.CC(=O)O,CC(C)O
93095,11339,1,CC1C(O1)P(=O)([O-])[O-].[Ca+2],CCCCC(CC)COC(=O)CC(C(=O)OCC(CC)CCCC)S(=O)(=O)O
44232548,24261,0,CC(C)C1=NC(=CS1)CN(C)C(=O)NC(CCN2CCOCC2)C(=O)NC(CCC(CC3=CC=CC=C3)NC(=O)OCC4=CN=CS4)CC5=CC=CC=C5.CC(C)C(CO)N1C=C(C(=O)C2=C1C=C(C(=C2)CC3=C(C(=CC=C3)Cl)F)OC)C(=O)O.CC(C)OC(=O)OCOP(=O)(COC(C)CN1C=NC2=C(N=CN=C21)N)OCOC(=O)OC(C)C.C1C(OC(S1)CO)N2C=C(C(=NC2=O)N)F.C(=CC(=O)O)C(=O)O,O=[Si]=O
59772,5102882,0,CNS(=O)(=O)CC1=CC2=C(C=C1)NC=C2CCN(C)C.C(CC(=O)O)C(=O)O,C1(C(C(OC(C1O)O)C(=O)[O-])O)O.[Na+]
3715,24497,1,CC1=C(C2=C(N1C(=O)C3=CC=C(C=C3)Cl)C=CC(=C2)OC)CC(=O)O,[O-]S(=O)(=O)[O-].[Ca+2]
9924495,123706,0,C1=CC=C(C=C1)N2C=C(C=C(C2=O)C3=CC=CC=C3C#N)C4=CC=CC=N4,CCC(C1=C(C=C(C=C1)N(C)C)C)N
16757572,11177,0,CC1=C(C=C(C=C1)C(=O)NC2=CC(=CC(=C2)C(F)(F)F)N3C=C(N=C3)C)NC4=NC=CC(=N4)C5=CN=CC=C5.O.Cl,CCCCCCCCCCCCCCCCCC(=O)[O-].CCCCCCCCCCCCCCCCCC(=O)[O-].[Mg+2]
15008962,174,0,COC1=C(C(=NC=C1)CS(=O)C2=NC3=C([N-]2)C=CC(=C3)OC(F)F)OC.[Na+],C(CO)O
9838021,6328154,0,CCC(C1=CC(=CC=C1)O)C(C)CN(C)C.Cl,CC(=O)O.C(C(C(C(C(C=O)O)O)O)O)O.[Na]
5479,872,0,CCS(=O)(=O)CCN1C(=NC=C1[N+](=O)[O-])C,C(C1C(C(C(C(O1)OCC2C(C(C(C(O2)O)O)O)O)O)O)O)O
9933004,104938,0,C1CC2=C(C=CC(=C2)F)OC1C(CNCC(C3CCC4=C(O3)C=CC(=C4)F)O)O.Cl,C(C1C(C(C(C(O1)OC2C(OC(C(C2O)O)O)CO)O)O)O)O.O
11511120,11177,0,COC1=C(C=C2C(=C1)N=CN=C2NC3=CC(=C(C=C3)F)Cl)NC(=O)C=CCN4CCCCC4,CCCCCCCCCCCCCCCCCC(=O)[O-].CCCCCCCCCCCCCCCCCC(=O)[O-].[Mg+2]
1983,6917,0,CC(=O)NC1=CC=C(C=C1)O,C=CN1CCCC1=O
51634,16211978,0,CCCCN1CC(C(C(C1CO)O)O)O,O=[Fe].O=[Fe]O[Fe]=O
3033924,26924,0,CC1COC2=C3N1C=C(C(=O)C3=CC(=C2N4CCN(CC4)C)F)C(=O)O.CC1COC2=C3N1C=C(C(=O)C3=CC(=C2N4CCN(CC4)C)F)C(=O)O.O,O[Si](=O)[O-].O[Si](=O)[O-].[O-][Si](=O)[O-].[O-][Si](=O)[O-].[Mg+2].[Mg+2].[Mg+2]
5362065,24261,0,C=CC1=C(N2C(C(C2=O)NC(=O)C(=NOCC(=O)O)C3=CSC(=N3)N)SC1)C(=O)O,O=[Si]=O
5833,517055,1,CC(=O)SC1CC2=CC(=O)CCC2(C3C1C4CCC5(C4(CC3)C)CCC(=O)O5)C,C1=CC=C(C=C1)C(=O)[O-].[Na+]
6018,26924,0,CC(C)CC1CN2CCC3=CC(=C(C=C3C2CC1=O)OC)OC,O[Si](=O)[O-].O[Si](=O)[O-].[O-][Si](=O)[O-].[O-][Si](=O)[O-].[Mg+2].[Mg+2].[Mg+2]
110635,6328154,0,CN1CC(=O)N2C(C1=O)CC3=C(C2C4=CC5=C(C=C4)OCO5)NC6=CC=CC=C36,CC(=O)O.C(C(C(C(C(C=O)O)O)O)O)O.[Na]
3014803,3028194,0,C(N(CO)CO)O,[Li]
11476460,26924,0,CN1N=C(N=N1)C2=NC=C(C=C2)C3=C(C=C(C=C3)N4CC(OC4=O)COP(=O)(O)O)F,O[Si](=O)[O-].O[Si](=O)[O-].[O-][Si](=O)[O-].[O-][Si](=O)[O-].[Mg+2].[Mg+2].[Mg+2]
9933004,14055602,0,C1CC2=C(C=CC(=C2)F)OC1C(CNCC(C3CCC4=C(O3)C=CC(=C4)F)O)O.Cl,COC1C(OC(C(C1O)O)OC2C(OC(C(C2O)O)OC)CO)CO
16203739,11177,0,CC(C1=CC(=CC(=C1)C(F)(F)F)C(F)(F)F)OCC2(CCC3(CCC(=O)N3)CN2)C4=CC=CC=C4.O.Cl,CCCCCCCCCCCCCCCCCC(=O)[O-].CCCCCCCCCCCCCCCCCC(=O)[O-].[Mg+2]
6456015,26042,0,CCN(CC)CCNC(=O)C1=C(NC(=C1C)C=C2C3=C(C=CC(=C3)F)NC2=O)C.C(C(C(=O)O)O)C(=O)O,O=[Ti]=O
3062316,174,0,CC1=C(C(=CC=C1)Cl)NC(=O)C2=CN=C(S2)NC3=CC(=NC(=N3)C)N4CCN(CC4)CCO,C(CO)O
5340,131751496,1,C1=CC(=CC=C1N)S(=O)(=O)NC2=NC=CS2,C1CC(=O)N(C1)C(CP)P
84029,11177,0,CCC1C(C(C(C(=O)C(CC(C(C(C(C(C(=O)O1)C)OC2CC(C(C(O2)C)O)(C)OC)C)OC3C(C(CC(O3)C)N(C)C)O)(C)OC)C)C)O)(C)O,CCCCCCCCCCCCCCCCCC(=O)[O-].CCCCCCCCCCCCCCCCCC(=O)[O-].[Mg+2]
5281040,374707,0,CC(C)(C1=CC=CC=C1CCC(C2=CC=CC(=C2)C=CC3=NC4=C(C=CC(=C4)Cl)C=C3)SCC5(CC5)CC(=O)O)O,CC1=C2C(=CC=C1)C(=C3C(=CC=C(C3=N2)C)[N+](=O)[O-])NCCC[N+](C)(C)O.Cl.[Cl-]
3784,6917,0,CC1=C(C(C(=C(N1)C)C(=O)OC(C)C)C2=CC=CC3=NON=C32)C(=O)OC,C=CN1CCCC1=O
46908927,104938,0,CC1=C(C=C(C=C1)C(=O)NC2=CC(=C(C=C2)CN3CCN(CC3)C)C(F)(F)F)C#CC4=CN=C5N4N=CC=C5.Cl,C(C1C(C(C(C(O1)OC2C(OC(C(C2O)O)O)CO)O)O)O)O.O
24812758,6328154,0,CC1=C(C=C(C=C1)C2C(C(C(C(O2)CO)O)O)O)CC3=CC=C(S3)C4=CC=C(C=C4)F,CC(=O)O.C(C(C(C(C(C=O)O)O)O)O)O.[Na]
4510,88735,0,C(C(CO[N+](=O)[O-])O[N+](=O)[O-])O[N+](=O)[O-],C(C1C(C(C(C(O1)OCC(C(C(C(CO)O)O)O)O)O)O)O)O
23668479,174,0,CC1=NN=C(O1)C(=O)NC(C)(C)C2=NC(=C(C(=O)N2C)[O-])C(=O)NCC3=CC=C(C=C3)F.[K+],C(CO)O
24821094,3423265,0,C=CC(=O)N1CCCC(C1)N2C3=NC=NC(=C3C(=N2)C4=CC=C(C=C4)OC5=CC=CC=C5)N,CCCCCCCCCCCCOS(=O)(=O)[O-].[Na+]
46700774,174,0,CN1CCC(CC1)COC2=CN=C(N=C2)C3=CC=CC(=C3)CN4C(=O)C=CC(=N4)C5=CC=CC(=C5)C#N.O.Cl,C(CO)O
10077129,14055602,0,CCOC(=O)NC1CCC2C(C1)CC3C(C2C=CC4=NC=C(C=C4)C5=CC(=CC=C5)F)C(OC3=O)C.OS(=O)(=O)O,COC1C(OC(C(C1O)O)OC2C(OC(C(C2O)O)OC)CO)CO
41684,11177,0,CC(=O)OC1=CC=CC=C1C(=O)NC2=NC=C(S2)[N+](=O)[O-],CCCCCCCCCCCCCCCCCC(=O)[O-].CCCCCCCCCCCCCCCCCC(=O)[O-].[Mg+2]
44610678,26042,0,CC1=CC=C(C=C1)S(=O)(=O)O.CN1CCC2=C(C1)SC(=N2)C(=O)NC3CC(CCC3NC(=O)C(=O)NC4=NC=C(C=C4)Cl)C(=O)N(C)C,O=[Ti]=O
5362065,131751496,0,C=CC1=C(N2C(C(C2=O)NC(=O)C(=NOCC(=O)O)C3=CSC(=N3)N)SC1)C(=O)O,C1CC(=O)N(C1)C(CP)P
135413536,123706,0,CC(C1=CC(=CC(=C1)C(F)(F)F)C(F)(F)F)OC2C(N(CCO2)CC3=NNC(=O)N3)C4=CC=C(C=C4)F,CCC(C1=C(C=C(C=C1)N(C)C)C)N
66558664,26042,0,CCN(C1CCOCC1)C2=CC(=CC(=C2C)C(=O)NCC3=C(C=C(NC3=O)C)C)C4=CC=C(C=C4)CN5CCOCC5,O=[Ti]=O
11673085,5780,0,CC1CNCCC2=C1C=C(C=C2)Cl.Cl,C(C(C(C(C(CO)O)O)O)O)O
11001318,6917,0,C1=CC2=C(C=C1C(=O)O)OC(=N2)C3=CC(=CC(=C3)Cl)Cl,C=CN1CCCC1=O
60606,26924,0,COC(=O)C(C1=CC=CC=C1Cl)N2CCC3=C(C2)C=CS3,O[Si](=O)[O-].O[Si](=O)[O-].[O-][Si](=O)[O-].[O-][Si](=O)[O-].[Mg+2].[Mg+2].[Mg+2]
71492247,23320441,0,CC(C)OC(=O)C(C)NP(=O)(COC(C)CN1C=NC2=C(N=CN=C21)N)OC3=CC=CC=C3.CC(C)OC(=O)C(C)NP(=O)(COC(C)CN1C=NC2=C(N=CN=C21)N)OC3=CC=CC=C3.C(=CC(=O)O)C(=O)O,O.[OH-].[O-2].[Fe+3]
49846579,174,0,CC1(CCC(=C(C1)C2=CC=C(C=C2)Cl)CN3CCN(CC3)C4=CC(=C(C=C4)C(=O)NS(=O)(=O)C5=CC(=C(C=C5)NCC6CCOCC6)[N+](=O)[O-])OC7=CN=C8C(=C7)C=CN8)C,C(CO)O
121494085,6917,0,C(C1C(C(C(C(O1)OC2(C(C(C(O2)COS(=O)(=O)O[Al])OS(=O)(=O)O[Al])OS(=O)(=O)O[Al])COS(=O)(=O)O[Al])OS(=O)(=O)O[Al])OS(=O)(=O)O[Al])OS(=O)(=O)O[Al])OS(=O)(=O)O[Al].O.O.O.O.O.O.O.O.O.O.O.O.O.O.O.O.O.O.O.O.[Al],C=CN1CCCC1=O
31239,11177,1,CCCCCCCCCCCCCCCC[N+]1=CC=CC=C1.[Cl-],CCCCCCCCCCCCCCCCCC(=O)[O-].CCCCCCCCCCCCCCCCCC(=O)[O-].[Mg+2]
7628,14798,1,B(O)(O)O,[OH-].[Na+]
24821094,26042,0,C=CC(=O)N1CCCC(C1)N2C3=NC=NC(=C3C(=N2)C4=CC=C(C=C4)OC5=CC=CC=C5)N,O=[Ti]=O
9918581,14055602,0,C1CCC(CC1)N2CCN(CC2)C3=C(N=C(S3)NC(=O)C4=CC(=C(N=C4)N5CCC(CC5)C(=O)O)Cl)C6=CC(=CS6)Cl.C(=CC(=O)O)C(=O)O,COC1C(OC(C(C1O)O)OC2C(OC(C(C2O)O)OC)CO)CO
67171867,174,0,CC(CN1C=CC(=N1)C2=CC(=C(C=C2)C#N)Cl)NC(=O)C3=NNC(=C3)C(C)O,C(CO)O
118023034,14055602,0,CC(C1=CC=C(C=C1)F)(C2=CN=C(N=C2)N3CCN(CC3)C4=NC=NN5C4=CC(=C5)C6=CN(N=C6)C)N,COC1C(OC(C(C1O)O)OC2C(OC(C(C2O)O)OC)CO)CO
443872,56841934,0,CC12CCC(=O)C=C1CC(C3C24C(O4)CC5(C3CCC56CCC(=O)O6)C)C(=O)OC,O.O.O.[Fe].[Fe]
6436173,14055602,0,CC1C=CC=C(C(=O)NC2=C(C3=C(C4=C(C(=C3O)C)OC(C4=O)(OC=CC(C(C(C(C(C(C1O)C)O)C)OC(=O)C)C)OC)C)C5=C2N6C=CC(=CC6=N5)C)O)C,COC1C(OC(C(C1O)O)OC2C(OC(C(C2O)O)OC)CO)CO
5280445,11029,1,C1=CC(=C(C=C1C2=CC(=O)C3=C(C=C(C=C3O2)O)O)O)O,C(=O)([O-])[O-].[Mg+2] 
24812732,86278134,0,CN(C)CCC(C1=CC=CC2=CC=CC=C21)(C(C3=CC=CC=C3)C4=C(N=C5C=CC(=CC5=C4)Br)OC)O.C(=CC(=O)O)C(=O)O,C(C1C(C(C(C(O1)OC2C(OC(C(C2O)O)OCC3C(C(C(C(O3)OC4C(OC(C(C4O)O)OC5C(OC(C(C5O)O)O)CO)CO)O)O)OC6C(C(C(C(O6)CO)OC7C(C(C(C(O7)CO)O)O)O)O)O)CO)O)O)O)O
23699544,14055602,0,CCOC1=NC2=CC=CC(=C2N1CC3=CC=C(C=C3)C4=CC=CC=C4C5=NOC(=O)[N-]5)C(=O)OCC6=C(OC(=O)O6)C.[K+],COC1C(OC(C(C1O)O)OC2C(OC(C(C2O)O)OC)CO)CO
4173,174,0,CC1=NC=C(N1CCO)[N+](=O)[O-],C(CO)O
5330286,24832095,0,CC1=C(C(=O)N(C2=NC(=NC=C12)NC3=NC=C(C=C3)N4CCNCC4)C5CCCC5)C(=O)C,CC(COCC1C(C(C(C(O1)OC)OCC(C)O)OCC(C)O)OC2C(C(C(C(O2)COC)OC3C(C(C(C(O3)CO)OC)O)O)OC)OC)O
9849808,26924,0,CC(C)C(=O)OC1=C(C=C(C=C1)CO)C(CCN(C(C)C)C(C)C)C2=CC=CC=C2.C(=CC(=O)O)C(=O)O,O[Si](=O)[O-].O[Si](=O)[O-].[O-][Si](=O)[O-].[O-][Si](=O)[O-].[Mg+2].[Mg+2].[Mg+2]
54891,24832091,0,CCOC(=O)C(CCC1=CC=CC=C1)NC(C)C(=O)N2CC3=CC=CC=C3CC2C(=O)O.Cl,CCOCC1C(C(C(C(O1)OC)OCC)OCC)OC2C(C(C(C(O2)CO)OC)O)O
54674461,518696,0,COC(=O)NC1=C(N=C(N=C1N)C2=NN(C3=C2C=C(C=N3)F)CC4=CC=CC=C4F)N,O=[Fe]O[Fe]=O
9351,516919,1,C1=CC=C2C(=C1)C=NN=C2NN.Cl,OS(=O)(=O)[O-].[Na+]
148195,14797,0,C1CN(CCC1CC(=O)N2CCC(CC2)C3C4=C(CCC5=C3N=CC(=C5)Br)C=C(C=C4Br)Cl)C(=O)N,[OH-].[K+]
5487,6251,0,C1CN=C(N1)NC2=C(C=CC3=NSN=C32)Cl,C(C(C(C(C(CO)O)O)O)O)O
4173,5780,0,CC1=NC=C(N1CCO)[N+](=O)[O-],C(C(C(C(C(CO)O)O)O)O)O
148195,3776,0,C1CN(CCC1CC(=O)N2CCC(CC2)C3C4=C(CCC5=C3N=CC(=C5)Br)C=C(C=C4Br)Cl)C(=O)N,CC(C)O
76970819,26042,0,CCC1=C(N=C(C(=N1)C(=O)N)NC2=CC(=C(C=C2)N3CCC(CC3)N4CCN(CC4)C)OC)NC5CCOCC5.CCC1=C(N=C(C(=N1)C(=O)N)NC2=CC(=C(C=C2)N3CCC(CC3)N4CCN(CC4)C)OC)NC5CCOCC5.C(=CC(=O)O)C(=O)O,O=[Ti]=O
5391,12961638,0,CN1C2=C(C=C(C=C2)Cl)C(=NC(C1=O)O)C3=CC=CC=C3,C1=CC=C2C(=C1)C(=O)OC23C4=CC(=C(C(=C4OC5=C(C(=C(C=C35)I)[O-])I)I)[O-])I.[Na+].[Na+]
24812732,104938,0,CN(C)CCC(C1=CC=CC2=CC=CC=C21)(C(C3=CC=CC=C3)C4=C(N=C5C=CC(=CC5=C4)Br)OC)O.C(=CC(=O)O)C(=O)O,C(C1C(C(C(C(O1)OC2C(OC(C(C2O)O)O)CO)O)O)O)O.O
456199,11177,0,C1C(COC2=NC(=CN21)[N+](=O)[O-])OCC3=CC=C(C=C3)OC(F)(F)F,CCCCCCCCCCCCCCCCCC(=O)[O-].CCCCCCCCCCCCCCCCCC(=O)[O-].[Mg+2]
464205,104938,0,CC(CN1C=NC2=C(N=CN=C21)N)OCP(=O)(O)O,C(C1C(C(C(C(O1)OC2C(OC(C(C2O)O)O)CO)O)O)O)O.O
5330286,2723854,0,CC1=C(C(=O)N(C2=NC(=NC=C12)NC3=NC=C(C=C3)N4CCNCC4)C5CCCC5)C(=O)C,C1=CC2=C(C=C1S(=O)(=O)[O-])C(=C(N2)C3=NC4=C(C3=O)C=C(C=C4)S(=O)(=O)[O-])O.[Na+].[Na+]
2764,516892,0,C1CC1N2C=C(C(=O)C3=CC(=C(C=C32)N4CCNCC4)F)C(=O)O,C(=O)(O)[O-].[Na+]
9865528,174,0,C1=CC=C(C=C1)C(CNCCC2=CC=C(C=C2)NC(=O)CC3=CSC(=N3)N)O,C(CO)O
54840,6850749,0,CC1=CC=CC=C1OC(CCNC)C2=CC=CC=C2.Cl,CC1(C2CCC(C23CC1C(=CC3O)C(=O)O)C(=O)O)CO.C(CCCC(C(CCCCCO)O)O)CCCC(=O)O
122201352,11177,0,CNC(=O)C1=C(C=C(C=C1)C2=NN3C(=CN=C3N=C2)CC4=CC5=C(C=C4)N=CC=C5)F.O.Cl.Cl,CCCCCCCCCCCCCCCCCC(=O)[O-].CCCCCCCCCCCCCCCCCC(=O)[O-].[Mg+2]
54900,1030,0,C1CCN(CC1)CCOC2=CC=C(C=C2)C(=O)C3=C(SC4=C3C=CC(=C4)O)C5=CC=C(C=C5)O.Cl,CC(CO)O
3957,86278134,0,CCOC(=O)N1CCC(=C2C3=C(CCC4=C2N=CC=C4)C=C(C=C3)Cl)CC1,C(C1C(C(C(C(O1)OC2C(OC(C(C2O)O)OCC3C(C(C(C(O3)OC4C(OC(C(C4O)O)OC5C(OC(C(C5O)O)O)CO)CO)O)O)OC6C(C(C(C(O6)CO)OC7C(C(C(C(O7)CO)O)O)O)O)O)CO)O)O)O)O
3026,1118,1,CCCCOC(=O)C1=CC=CC=C1C(=O)OCCCC,OS(=O)(=O)O
4583,11177,0,CC1COC2=C3N1C=C(C(=O)C3=CC(=C2N4CCN(CC4)C)F)C(=O)O,CCCCCCCCCCCCCCCCCC(=O)[O-].CCCCCCCCCCCCCCCCCC(=O)[O-].[Mg+2]
78131177,24261,0,CN1CC(C2=C(C1)C(=CC(=C2)Cl)Cl)C3=CC(=CC=C3)S(=O)(=O)NCCOCCOCCNC(=O)NCCCCNC(=O)NCCOCCOCCNS(=O)(=O)C4=CC=CC(=C4)C5CN(CC6=C5C=C(C=C6Cl)Cl)C.Cl.Cl,O=[Si]=O
23699544,11177,0,CCOC1=NC2=CC=CC(=C2N1CC3=CC=C(C=C3)C4=CC=CC=C4C5=NOC(=O)[N-]5)C(=O)OCC6=C(OC(=O)O6)C.[K+],CCCCCCCCCCCCCCCCCC(=O)[O-].CCCCCCCCCCCCCCCCCC(=O)[O-].[Mg+2]
10096344,174,0,CC#CCN1C2=C(N=C1N3CCCC(C3)N)N(C(=O)N(C2=O)CC4=NC5=CC=CC=C5C(=N4)C)C,C(CO)O
5281040,56841934,0,CC(C)(C1=CC=CC=C1CCC(C2=CC=CC(=C2)C=CC3=NC4=C(C=CC(=C4)Cl)C=C3)SCC5(CC5)CC(=O)O)O,O.O.O.[Fe].[Fe]
54704426,24882991,0,CC1(C2CC3C(C(=O)C(=C(C3(C(=O)C2=C(C4=C1C=CC=C4O)O)O)O)C(=O)N)N(C)C)O.Cl,CCCCCCCCCCCCCCCCCCCC(=O)[O-].CCCCCCCCCCCCCCCCCCCC(=O)[O-].[Ca+2]
5330286,104938,0,CC1=C(C(=O)N(C2=NC(=NC=C12)NC3=NC=C(C=C3)N4CCNCC4)C5CCCC5)C(=O)C,C(C1C(C(C(C(O1)OC2C(OC(C(C2O)O)O)CO)O)O)O)O.O
9941095,6917,0,CC1=CC=C(C=C1)S(=O)(=O)O.CC1=CC=C(C=C1)S(=O)(=O)O.CS(=O)(=O)CCNCC1=CC=C(O1)C2=CC3=C(C=C2)N=CN=C3NC4=CC(=C(C=C4)OCC5=CC(=CC=C5)F)Cl,C=CN1CCCC1=O
54697325,3423265,0,CC(C)(C)CNCC1=CC(=C2CC3CC4C(C(=O)C(=C(C4(C(=O)C3=C(C2=C1O)O)O)O)C(=O)N)N(C)C)N(C)C,CCCCCCCCCCCCOS(=O)(=O)[O-].[Na+]
5362065,134601,0,C=CC1=C(N2C(C(C2=O)NC(=O)C(=NOCC(=O)O)C3=CSC(=N3)N)SC1)C(=O)O,COC(=O)C(CC1=CC=CC=C1)NC(=O)C(CC(=O)O)N
46216142,294,0,CC1CCOC2N1C(=O)C3=C(C(=O)C(=CN3C2)C(=O)NCC4=C(C=C(C=C4)F)F)[O-].[Na+],C(C1C(C(C(C(O1)OC2C(OC(C(C2O)O)O)CO)O)O)O)O
2369,24836924,0,CC(C)NCC(COC1=CC=C(C=C1)CCOCC2CC2)O,CC1C(C(C(C(O1)CO)OC2C(C(C(C(O2)COC3C(C(C(C(O3)CO)OC)O)O)OC4C(C(C(C(O4)CO)OC)O)O)O)O)O)O
4173,14055602,0,CC1=NC=C(N1CCO)[N+](=O)[O-],COC1C(OC(C(C1O)O)OC2C(OC(C(C2O)O)OC)CO)CO
969472,6328154,0,CN1CCN(CC1)C(=O)OC2C3=NC=CN=C3C(=O)N2C4=NC=C(C=C4)Cl,CC(=O)O.C(C(C(C(C(C=O)O)O)O)O)O.[Na]
5361917,14055602,0,C[N+]1(CCC23C4C(=O)CCC2(C1CC5=C3C(=C(C=C5)O)O4)O)CC6CC6.[Br-],COC1C(OC(C(C1O)O)OC2C(OC(C(C2O)O)OC)CO)CO
11065,26924,0,CN(C)CCC=C1C2=CC=CC=C2CCC3=CC=CC=C31.Cl,O[Si](=O)[O-].O[Si](=O)[O-].[O-][Si](=O)[O-].[O-][Si](=O)[O-].[Mg+2].[Mg+2].[Mg+2]
71412,6917,0,CC(CCC1=CC=CC=C1)NCC(C2=CC(=C(C=C2)O)C(=O)N)O.Cl,C=CN1CCCC1=O
10130337,11199,0,C1=CC=C(C=C1)CC(COC(=O)N)N,C=CO
42611257,6328154,0,CCCS(=O)(=O)NC1=C(C(=C(C=C1)F)C(=O)C2=CNC3=C2C=C(C=N3)C4=CC=C(C=C4)Cl)F,CC(=O)O.C(C(C(C(C(C=O)O)O)O)O)O.[Na]
135401907,11177,0,C1=NNC2=C1C(=O)NC=N2,CCCCCCCCCCCCCCCCCC(=O)[O-].CCCCCCCCCCCCCCCCCC(=O)[O-].[Mg+2]
11673085,174,0,CC1CNCCC2=C1C=C(C=C2)Cl.Cl,C(CO)O
65157,5780,0,CCCCCCCCCCC(=O)OC1CCC2C1(CCC3C2CCC4=CC(=O)CCC34C)C,C(C(C(C(C(CO)O)O)O)O)O
5361917,294,0,C[N+]1(CCC23C4C(=O)CCC2(C1CC5=C3C(=C(C=C5)O)O4)O)CC6CC6.[Br-],C(C1C(C(C(C(O1)OC2C(OC(C(C2O)O)O)CO)O)O)O)O
45138699,104938,0,CC1CN(CC(O1)C)C2=NC=C(C=C2)NC(=O)C3=CC=CC(=C3C)C4=CC=C(C=C4)OC(F)(F)F.OP(=O)(O)O.OP(=O)(O)O,C(C1C(C(C(C(O1)OC2C(OC(C(C2O)O)O)CO)O)O)O)O.O
11274333,14055602,0,CS(=O)(=O)O.C1CN(CCC1NC(=O)C2=CC=CC=C2C3=CC=C(C=C3)C(F)(F)F)CCCCC4(C5=CC=CC=C5C6=CC=CC=C64)C(=O)NCC(F)(F)F,COC1C(OC(C(C1O)O)OC2C(OC(C(C2O)O)OC)CO)CO
2783,24836924,1,CC(C)(C)NCC(C1=CC(=C(C(=C1)Cl)N)Cl)O,CC1C(C(C(C(O1)CO)OC2C(C(C(C(O2)COC3C(C(C(C(O3)CO)OC)O)O)OC4C(C(C(C(O4)CO)OC)O)O)O)O)O)O
5311,6328154,0,C1=CC=C(C=C1)NC(=O)CCCCCCC(=O)NO,CC(=O)O.C(C(C(C(C(C=O)O)O)O)O)O.[Na]
11978813,14789,0,C1CN(CCN1CCCCOC2=CC3=C(C=C2)C=CC(=O)N3)C4=C5C=CSC5=CC=C4,O[Fe]=O.O[Fe]=O.[Fe]
11711114,104938,0,CC1=CC(=CC(=C1NC2=NC(=NC=C2)NC3=CC=C(C=C3)C#N)C)C=CC#N.Cl,C(C1C(C(C(C(O1)OC2C(OC(C(C2O)O)O)CO)O)O)O)O.O
23725083,11177,0,CCO.CC(C)CN(CC(C(CC1=CC=CC=C1)NC(=O)OC2COC3C2CCO3)O)S(=O)(=O)C4=CC=C(C=C4)N,CCCCCCCCCCCCCCCCCC(=O)[O-].CCCCCCCCCCCCCCCCCC(=O)[O-].[Mg+2]
8857,23665647,1,CCOC(=O)C,CC(C)(C)[O-].[K+]
45138699,56841934,0,CC1CN(CC(O1)C)C2=NC=C(C=C2)NC(=O)C3=CC=CC(=C3C)C4=CC=C(C=C4)OC(F)(F)F.OP(=O)(O)O.OP(=O)(O)O,O.O.O.[Fe].[Fe]
3081361,26042,0,CN1CCC(CC1)COC2=C(C=C3C(=C2)N=CN=C3NC4=C(C=C(C=C4)Br)F)OC,O=[Ti]=O
44516822,56841934,0,CC(C)(C)C1=NC(=C(S1)C2=NC(=NC=C2)N)C3=C(C(=CC=C3)NS(=O)(=O)C4=C(C=CC=C4F)F)F.CS(=O)(=O)O,O.O.O.[Fe].[Fe]
134018,11177,0,CC1=C(SC(=N1)C2=CC(=C(C=C2)OCC(C)C)C#N)C(=O)O,CCCCCCCCCCCCCCCCCC(=O)[O-].CCCCCCCCCCCCCCCCCC(=O)[O-].[Mg+2]
11251522,11177,0,C1CC1C2=NC3=CC=CC=C3C(=C2C=CC(CC(CC(=O)[O-])O)O)C4=CC=C(C=C4)F.C1CC1C2=NC3=CC=CC=C3C(=C2C=CC(CC(CC(=O)[O-])O)O)C4=CC=C(C=C4)F.[Ca+2],CCCCCCCCCCCCCCCCCC(=O)[O-].CCCCCCCCCCCCCCCCCC(=O)[O-].[Mg+2]
44516822,24261,0,CC(C)(C)C1=NC(=C(S1)C2=NC(=NC=C2)N)C3=C(C(=CC=C3)NS(=O)(=O)C4=C(C=CC=C4F)F)F.CS(=O)(=O)O,O=[Si]=O
656631,26924,0,CN1CCCC1CC2=CNC3=C2C=C(C=C3)CCS(=O)(=O)C4=CC=CC=C4.Br,O[Si](=O)[O-].O[Si](=O)[O-].[O-][Si](=O)[O-].[O-][Si](=O)[O-].[Mg+2].[Mg+2].[Mg+2]
5488548,174,0,CC1CN(CCC1(C)C2=CC(=CC=C2)O)CC(CC3=CC=CC=C3)C(=O)NCC(=O)O,C(CO)O
46892186,11177,0,CC1=NN(C=N1)C2=NC=C(C3=C2N(C=C3C(=O)C(=O)N4CCN(CC4)C(=O)C5=CC=CC=C5)COP(=O)(O)O)OC.C(C(CO)(CO)N)O,CCCCCCCCCCCCCCCCCC(=O)[O-].CCCCCCCCCCCCCCCCCC(=O)[O-].[Mg+2]
121494085,11177,0,C(C1C(C(C(C(O1)OC2(C(C(C(O2)COS(=O)(=O)O[Al])OS(=O)(=O)O[Al])OS(=O)(=O)O[Al])COS(=O)(=O)O[Al])OS(=O)(=O)O[Al])OS(=O)(=O)O[Al])OS(=O)(=O)O[Al])OS(=O)(=O)O[Al].O.O.O.O.O.O.O.O.O.O.O.O.O.O.O.O.O.O.O.O.[Al],CCCCCCCCCCCCCCCCCC(=O)[O-].CCCCCCCCCCCCCCCCCC(=O)[O-].[Mg+2]
16124688,3259,0,C1C2C1C3C=CC2C4C3C(=O)N(C4=O)NC(=O)C5=CC=C(C=C5)C(F)(F)F,C1=CC=C2C(=C1)C(=O)OC23C4=CC(=C(C(=C4OC5=C(C(=C(C=C35)I)O)I)I)O)I
5509,6917,0,CC1=CC=C(C=C1)C(=O)C2=CC=C(N2C)CC(=O)O,C=CN1CCCC1=O
5479530,13136,1,CN1C(=NC(=O)C(=O)N1)SCC2=C(N3C(C(C3=O)NC(=O)C(=NOC)C4=CSC(=N4)N)SC2)C(=O)O,C(C(=O)[O-])C(CC(=O)[O-])(C(=O)[O-])O.C(C(=O)[O-])C(CC(=O)[O-])(C(=O)[O-])O.[Ca+2].[Ca+2].[Ca+2]
71360,104938,0,CC(=O)C1=CC(=C(C=C1)OCCCN2CCC(CC2)C3=NOC4=C3C=CC(=C4)F)OC,C(C1C(C(C(C(O1)OC2C(OC(C(C2O)O)O)CO)O)O)O)O.O
1549000,24261,0,C1CN(CCN1CCOCC(=O)O)C(C2=CC=CC=C2)C3=CC=C(C=C3)Cl,O=[Si]=O
59772,26924,0,CNS(=O)(=O)CC1=CC2=C(C=C1)NC=C2CCN(C)C.C(CC(=O)O)C(=O)O,O[Si](=O)[O-].O[Si](=O)[O-].[O-][Si](=O)[O-].[O-][Si](=O)[O-].[Mg+2].[Mg+2].[Mg+2]
134780,16211978,0,C1CC(=O)NC(=O)C1N2C(=O)C3=C(C2=O)C(=CC=C3)N,O=[Fe].O=[Fe]O[Fe]=O
4631,21862903,1,CC(C)NCC(COC1=CC=CC=C1OCC=C)O,O.O.[O-]P(=O)([O-])[O-].[Ca+2].[Ca+2]
5073,11177,1,CC1=C(C(=O)N2CCCCC2=N1)CCN3CCC(CC3)C4=NOC5=C4C=CC(=C5)F,CCCCCCCCCCCCCCCCCC(=O)[O-].CCCCCCCCCCCCCCCCCC(=O)[O-].[Mg+2]
15606394,26042,0,CN(C)CC=CC(=O)NC1=C(C=C2C(=C1)C(=NC=N2)NC3=CC(=C(C=C3)F)Cl)OC4CCOC4.C(=CC(=O)O)C(=O)O.C(=CC(=O)O)C(=O)O,O=[Ti]=O
6918248,174,0,C1CN(CCN1CCN2C3=CC=CC=C3NC2=O)C4=CC=CC(=C4)C(F)(F)F,C(CO)O
3033,174,0,C1=CC=C(C(=C1)CC(=O)O)NC2=C(C=CC=C2Cl)Cl,C(CO)O
11551689,26924,0,C1CCN(CC1)CCCOCCCC2=CC=C(C=C2)Cl.Cl,O[Si](=O)[O-].O[Si](=O)[O-].[O-][Si](=O)[O-].[O-][Si](=O)[O-].[Mg+2].[Mg+2].[Mg+2]
130881,123706,0,CCCC1=NC(=C(N1CC2=CC=C(C=C2)C3=CC=CC=C3C4=NNN=N4)C(=O)OCC5=C(OC(=O)O5)C)C(C)(C)O,CCC(C1=C(C=C(C=C1)N(C)C)C)N
24812758,11177,0,CC1=C(C=C(C=C1)C2C(C(C(C(O2)CO)O)O)O)CC3=CC=C(S3)C4=CC=C(C=C4)F,CCCCCCCCCCCCCCCCCC(=O)[O-].CCCCCCCCCCCCCCCCCC(=O)[O-].[Mg+2]
5282455,14781,0,CC(C)C1=NC(=NC(=C1C=CC(CC(CC(=O)[O-])O)O)C2=CC=C(C=C2)F)N(C)S(=O)(=O)C.CC(C)C1=NC(=NC(=C1C=CC(CC(CC(=O)[O-])O)O)C2=CC=C(C=C2)F)N(C)S(=O)(=O)C.[Ca+2],[OH-].[O-]P(=O)([O-])[O-].[O-]P(=O)([O-])[O-].[O-]P(=O)([O-])[O-].[Ca+2].[Ca+2].[Ca+2].[Ca+2].[Ca+2]
23725083,24261,0,CCO.CC(C)CN(CC(C(CC1=CC=CC=C1)NC(=O)OC2COC3C2CCO3)O)S(=O)(=O)C4=CC=C(C=C4)N,O=[Si]=O
135413536,56841934,0,CC(C1=CC(=CC(=C1)C(F)(F)F)C(F)(F)F)OC2C(N(CCO2)CC3=NNC(=O)N3)C4=CC=C(C=C4)F,O.O.O.[Fe].[Fe]
159269,6917,0,CC1=CN(C(=O)NC1=O)C2CC(C(O2)CO)O,C=CN1CCCC1=O
406563,26042,0,CC1=CC=C(C=C1)S(=O)(=O)O.CNC(=O)C1=NC=CC(=C1)OC2=CC=C(C=C2)NC(=O)NC3=CC(=C(C=C3)Cl)C(F)(F)F,O=[Ti]=O
2130,3705,0,C1C2CC3CC1CC(C2)(C3)N,C1=CC2=C(C=C1S(=O)(=O)O)C(=C(N2)C3=NC4=C(C3=O)C=C(C=C4)S(=O)(=O)O)O
219025,24751,0,CCCCC1=C(C2=C(O1)C=CC(=C2)NS(=O)(=O)C)C(=O)C3=CC=C(C=C3)OCCCN(CCCC)CCCC.Cl,CC1CO1.C1CO1
135449331,6917,0,CC1=C(C=C(C=C1)N2C(=O)C(=C(N2)C)N=NC3=CC=CC(=C3O)C4=CC(=CC=C4)C(=O)O)C.C(CO)N.C(CO)N,C=CN1CCCC1=O
65999,6251,0,CCCC1=NC2=C(N1CC3=CC=C(C=C3)C4=CC=CC=C4C(=O)O)C=C(C=C2C)C5=NC6=CC=CC=C6N5C,C(C(C(C(C(CO)O)O)O)O)O
110635,26042,0,CN1CC(=O)N2C(C1=O)CC3=C(C2C4=CC5=C(C=C4)OCO5)NC6=CC=CC=C36,O=[Ti]=O
406563,6328154,0,CC1=CC=C(C=C1)S(=O)(=O)O.CNC(=O)C1=NC=CC(=C1)OC2=CC=C(C=C2)NC(=O)NC3=CC(=C(C=C3)Cl)C(F)(F)F,CC(=O)O.C(C(C(C(C(C=O)O)O)O)O)O.[Na]
5311083,702,0,CC1=CN=C(C(=C1OC)C)CS(=O)C2=NC3=C([N-]2)C=CC(=C3)OC.CC1=CN=C(C(=C1OC)C)CS(=O)C2=NC3=C([N-]2)C=CC(=C3)OC.[Mg+2],CCO
71584930,104938,0,CCN1C2=CC(=NC=C2C=C(C1=O)C3=CC(=C(C=C3Br)F)NC(=O)NC4=CC=CC=C4)NC,C(C1C(C(C(C(O1)OC2C(OC(C(C2O)O)O)CO)O)O)O)O.O
86707828,24832095,0,CC1=CC=C(C=C1)S(=O)(=O)O.CC(C)OC1=C(C=C(C=C1)C2=NN(C3=NC=NC(=C23)N)C(C)C4=C(C(=O)C5=C(O4)C=CC(=C5)F)C6=CC(=CC=C6)F)F,CC(COCC1C(C(C(C(O1)OC)OCC(C)O)OCC(C)O)OC2C(C(C(C(O2)COC)OC3C(C(C(C(O3)CO)OC)O)O)OC)OC)O
54900,26042,0,C1CCN(CC1)CCOC2=CC=C(C=C2)C(=O)C3=C(SC4=C3C=CC(=C4)O)C5=CC=C(C=C5)O.Cl,O=[Ti]=O
54840,16211978,0,CC1=CC=CC=C1OC(CCNC)C2=CC=CC=C2.Cl,O=[Fe].O=[Fe]O[Fe]=O
176871,3423265,0,COCCOC1=C(C=C2C(=C1)C(=NC=N2)NC3=CC=CC(=C3)C#C)OCCOC.Cl,CCCCCCCCCCCCOS(=O)(=O)[O-].[Na+]
6450551,5541,0,CNC(=O)C1=CC=CC=C1SC2=CC3=C(C=C2)C(=NN3)C=CC4=CC=CC=N4,CC(=O)OCC(COC(=O)C)OC(=O)C
71481097,14055602,0,C1=CN=C(C=N1)NNC(=O)C=CN2C=NC(=N2)C3=CC(=CC(=C3)C(F)(F)F)C(F)(F)F,COC1C(OC(C(C1O)O)OC2C(OC(C(C2O)O)OC)CO)CO
6112,31404,1,C1CSSC1CCCCC(=O)O,CC1=CC(=C(C(=C1)C(C)(C)C)O)C(C)(C)C
10288191,11177,0,CN1C=NC2=C1C=C(C(=C2F)NC3=C(C=C(C=C3)Br)F)C(=O)NOCCO,CCCCCCCCCCCCCCCCCC(=O)[O-].CCCCCCCCCCCCCCCCCC(=O)[O-].[Mg+2]
56649450,26042,0,CC1=C(SC(=N1)NC(=O)N2CCCC2C(=O)N)C3=CC(=NC=C3)C(C)(C)C(F)(F)F,O=[Ti]=O
156418,6917,0,CC(C1=CC=CC2=CC=CC=C21)NCCCC3=CC(=CC=C3)C(F)(F)F.Cl,C=CN1CCCC1=O
23663870,6917,0,C(CC(=O)[O-])CO.[Na+],C=CN1CCCC1=O
9941095,5281955,0,CC1=CC=C(C=C1)S(=O)(=O)O.CC1=CC=C(C=C1)S(=O)(=O)O.CS(=O)(=O)CCNCC1=CC=C(O1)C2=CC3=C(C=C2)N=CN=C3NC4=CC(=C(C=C4)OCC5=CC(=CC=C5)F)Cl,CCCCCCCCC=CCCCCCCCC(=O)OCCOCC(C1C(C(CO1)OCCO)OCCO)OCCO
42611257,26924,0,CCCS(=O)(=O)NC1=C(C(=C(C=C1)F)C(=O)C2=CNC3=C2C=C(C=N3)C4=CC=C(C=C4)Cl)F,O[Si](=O)[O-].O[Si](=O)[O-].[O-][Si](=O)[O-].[O-][Si](=O)[O-].[Mg+2].[Mg+2].[Mg+2]
216237,86278134,0,CC1=CC=CC=C1C(=O)NC2=CC(=C(C=C2)C(=O)N3CCCC(C4=C3C=CC(=C4)Cl)O)C,C(C1C(C(C(C(O1)OC2C(OC(C(C2O)O)OCC3C(C(C(C(O3)OC4C(OC(C(C4O)O)OC5C(OC(C(C5O)O)O)CO)CO)O)O)OC6C(C(C(C(O6)CO)OC7C(C(C(C(O7)CO)O)O)O)O)O)CO)O)O)O)O
16757572,445709,0,CC1=C(C=C(C=C1)C(=O)NC2=CC(=CC(=C2)C(F)(F)F)N3C=C(N=C3)C)NC4=NC=CC(=N4)C5=CN=CC=C5.O.Cl,O.O.O.[Fe]
53239799,11177,0,CCC1=CC2=C(C=C1N3CCC(CC3)N4CCOCC4)C(C5=C(C2=O)C6=C(N5)C=C(C=C6)C#N)(C)C.Cl,CCCCCCCCCCCCCCCCCC(=O)[O-].CCCCCCCCCCCCCCCCCC(=O)[O-].[Mg+2]
4614,1030,0,C1=CC=C(C=C1)C2=C(OC(=N2)CCC(=O)O)C3=CC=CC=C3,CC(CO)O
23665037,6917,0,C1=C(C=C(C(=C1I)OC2=CC(=C(C(=C2)I)O)I)I)CC(C(=O)[O-])N.O.O.O.O.O.[Na+],C=CN1CCCC1=O
4463,104938,0,CC1=C2C(=NC=C1)N(C3=C(C=CC=N3)C(=O)N2)C4CC4,C(C1C(C(C(C(O1)OC2C(OC(C(C2O)O)O)CO)O)O)O)O.O
6918427,11177,0,CC(C)C(CC1=CC(=C(C=C1)OC)OCCCOC)CC(C(CC(C(C)C)C(=O)NCC(C)(C)C(=O)N)O)N.CC(C)C(CC1=CC(=C(C=C1)OC)OCCCOC)CC(C(CC(C(C)C)C(=O)NCC(C)(C)C(=O)N)O)N.C(=CC(=O)O)C(=O)O,CCCCCCCCCCCCCCCCCC(=O)[O-].CCCCCCCCCCCCCCCCCC(=O)[O-].[Mg+2]
25127112,104938,0,C1CCC(C1)C(CC#N)N2C=C(C=N2)C3=C4C=CNC4=NC=N3.OP(=O)(O)O,C(C1C(C(C(C(O1)OC2C(OC(C(C2O)O)O)CO)O)O)O)O.O
60871,6328154,0,CC(C)(C)C(=O)OCOP(=O)(COCCN1C=NC2=C(N=CN=C21)N)OCOC(=O)C(C)(C)C,CC(=O)O.C(C(C(C(C(C=O)O)O)O)O)O.[Na]
60560,11177,0,CCC1=CN=C(C=C1)CCOC2=CC=C(C=C2)CC3C(=O)NC(=O)S3.Cl,CCCCCCCCCCCCCCCCCC(=O)[O-].CCCCCCCCCCCCCCCCCC(=O)[O-].[Mg+2]
5312125,445709,0,CC(CC1=CC2=C(C(=C1)C(=O)N)N(CC2)CCCO)NCCOC3=CC=CC=C3OCC(F)(F)F,O.O.O.[Fe]
25154713,3037558,0,CC(C)C(C(=O)N1CCCC1C2=NC=C(N2)C3=CC=C(C=C3)C4=CC=C(C=C4)C5=CN=C(N5)C6CCCN6C(=O)C(C(C)C)NC(=O)OC)NC(=O)OC.Cl.Cl,C(C1C(C(C(C(O1)OC(C(CO)O)C(C(C=O)O)O)O)O)O)O
16220172,6251,0,CC(C)(C)C1=CC(=C(C=C1NC(=O)C2=CNC3=CC=CC=C3C2=O)O)C(C)(C)C,C(C(C(C(C(CO)O)O)O)O)O
9874560,26924,0,CCCCC(=O)OC1CCC2C1(CCC3C2CCC4=C3C=CC(=C4)O)C.CC12CCC3=C4CCC(=O)C=C4CCC3C1CCC2(CC#N)O,O[Si](=O)[O-].O[Si](=O)[O-].[O-][Si](=O)[O-].[O-][Si](=O)[O-].[Mg+2].[Mg+2].[Mg+2]
449193,26042,0,C1CC1COC2=C(C=CC(=C2)C(=O)NC3=C(C=NC=C3Cl)Cl)OC(F)F,O=[Ti]=O
10158453,5541,0,CC(=O)OC1=CC2=C(S1)CCN(C2)C(C3=CC=CC=C3F)C(=O)C4CC4.Cl,CC(=O)OCC(COC(=O)C)OC(=O)C
5361917,24261,0,C[N+]1(CCC23C4C(=O)CCC2(C1CC5=C3C(=C(C=C5)O)O4)O)CC6CC6.[Br-],O=[Si]=O
11547978,11177,0,CC1=CC(=NO1)NC(=O)NC2=C(C=C(C=C2)OC3=C4C=C(C(=CC4=NC=C3)OC)OC)Cl.O.Cl,CCCCCCCCCCCCCCCCCC(=O)[O-].CCCCCCCCCCCCCCCCCC(=O)[O-].[Mg+2]
447043,702,0,CCC1C(C(C(N(CC(CC(C(C(C(C(C(=O)O1)C)OC2CC(C(C(O2)C)O)(C)OC)C)OC3C(C(CC(O3)C)N(C)C)O)(C)O)C)C)C)O)(C)O,CCO
11363176,174,0,CCCN=C1N(C(=O)C(=CC2=CC(=C(C=C2)OCC(CO)O)Cl)S1)C3=CC=CC=C3C,C(CO)O
5702160,21862903,1,C1=C(N=C(S1)N=C(N)N)CSCCC(=NS(=O)(=O)N)N,O.O.[O-]P(=O)([O-])[O-].[Ca+2].[Ca+2]
5330286,1030,0,CC1=C(C(=O)N(C2=NC(=NC=C12)NC3=NC=C(C=C3)N4CCNCC4)C5CCCC5)C(=O)C,CC(CO)O
6451150,26924,0,C1CN2C(=NN=C2C(F)(F)F)CN1C(=O)CC(CC3=CC(=C(C=C3F)F)F)N.OP(=O)(O)O,O[Si](=O)[O-].O[Si](=O)[O-].[O-][Si](=O)[O-].[O-][Si](=O)[O-].[Mg+2].[Mg+2].[Mg+2]
10158453,104938,0,CC(=O)OC1=CC2=C(S1)CCN(C2)C(C3=CC=CC=C3F)C(=O)C4CC4.Cl,C(C1C(C(C(C(O1)OC2C(OC(C(C2O)O)O)CO)O)O)O)O.O
11978813,123706,0,C1CN(CCN1CCCCOC2=CC3=C(C=C2)C=CC(=O)N3)C4=C5C=CSC5=CC=C4,CCC(C1=C(C=C(C=C1)N(C)C)C)N
46866715,24261,0,CC1=C(C=CC2=C1N=C(C=C2OC3CC4C(C3)C(=O)N(CCCCC=CC5CC5(NC4=O)C(=O)[N-]S(=O)(=O)C6CC6)C)C7=NC(=CS7)C(C)C)OC.[Na+],O=[Si]=O
157920,26042,0,CCCCC(C1(CCC2C(O1)CC(=O)C2CCCCCCC(=O)O)O)(F)F,O=[Ti]=O
54704426,222,1,CC1(C2CC3C(C(=O)C(=C(C3(C(=O)C2=C(C4=C1C=CC=C4O)O)O)O)C(=O)N)N(C)C)O.Cl,N
104865,14109413,0,CC(C)(C)C1=CC=C(C=C1)S(=O)(=O)NC2=C(C(=NC(=N2)C3=NC=CC=N3)OCCO)OC4=CC=CC=C4OC,CC(=O)C1CC(=O)C2(C1(CC(=O)C3=C2C(CC4C3(CCC(C4(C)C)O)C)O)C)C
41693,5281,0,CCC(=O)N(C1=CC=CC=C1)C2(CCN(CC2)CCC3=CC=CS3)COC,CCCCCCCCCCCCCCCCCC(=O)O
5362119,6134,1,C1CC(N(C1)C(=O)C(CCCCN)NC(CCC2=CC=CC=C2)C(=O)O)C(=O)O,C(C1C(C(C(C(O1)OC2C(OC(C(C2O)O)O)CO)O)O)O)O
11626560,6850749,0,CC(C1=C(C=CC(=C1Cl)F)Cl)OC2=C(N=CC(=C2)C3=CN(N=C3)C4CCNCC4)N,CC1(C2CCC(C23CC1C(=CC3O)C(=O)O)C(=O)O)CO.C(CCCC(C(CCCCCO)O)O)CCCC(=O)O
5479530,13144,1,CN1C(=NC(=O)C(=O)N1)SCC2=C(N3C(C(C3=O)NC(=O)C(=NOC)C4=CSC(=N4)N)SC2)C(=O)O,CC(C(=O)[O-])O.CC(C(=O)[O-])O.[Ca+2]
5361917,129630617,0,C[N+]1(CCC23C4C(=O)CCC2(C1CC5=C3C(=C(C=C5)O)O4)O)CC6CC6.[Br-],C(CN(CC(=O)[O-])CC(=O)[O-])N(CC(=O)O)CC(=O)[O-].[Na+].[Ca+2]
63013,311,0,CN(C)CC1CCCCC1(C2=CC(=CC=C2)OC)O.Cl,C(C(=O)O)C(CC(=O)O)(C(=O)O)O
24812758,174,0,CC1=C(C=C(C=C1)C2C(C(C(C(O2)CO)O)O)O)CC3=CC=C(S3)C4=CC=C(C=C4)F,C(CO)O
219078,11199,0,CC(=O)NC(COC)C(=O)NCC1=CC=CC=C1,C=CO
6456015,6328154,0,CCN(CC)CCNC(=O)C1=C(NC(=C1C)C=C2C3=C(C=CC(=C3)F)NC2=O)C.C(C(C(=O)O)O)C(=O)O,CC(=O)O.C(C(C(C(C(C=O)O)O)O)O)O.[Na]
3672,62698,0,CC(C)CC1=CC=C(C=C1)C(C)C(=O)O,C(C1C(C(C(C(O1)OC2C(OC(C(C2O)O)OC3C(OC(C(C3O)O)O)CO)CO)O)O)O)O
5750,62698,0,CCOC(=O)C1(CCN(CC1)C)C2=CC=CC=C2.Cl,C(C1C(C(C(C(O1)OC2C(OC(C(C2O)O)OC3C(OC(C(C3O)O)O)CO)CO)O)O)O)O
56843331,11177,0,CCC(C)C(C(=O)NC(C)C(=O)NC(CC1=CNC2=CC=CC=C21)C(=O)NC(CC(C)C)C(=O)NC(C(C)C)C(=O)NC(CCCNC(=N)N)C(=O)NCC(=O)NC(CCCNC(=N)N)C(=O)NCC(=O)O)NC(=O)C(CC3=CC=CC=C3)NC(=O)C(CCC(=O)O)NC(=O)C(CCCCNC(=O)COCCOCCNC(=O)COCCOCCNC(=O)CCC(C(=O)O)NC(=O)CCCCCCCCCCCCCCCCC(=O)O)NC(=O)C(C)NC(=O)C(C)NC(=O)C(CCC(=O)N)NC(=O)CNC(=O)C(CCC(=O)O)NC(=O)C(CC(C)C)NC(=O)C(CC4=CC=C(C=C4)O)NC(=O)C(CO)NC(=O)C(CO)NC(=O)C(C(C)C)NC(=O)C(CC(=O)O)NC(=O)C(CO)NC(=O)C(C(C)O)NC(=O)C(CC5=CC=CC=C5)NC(=O)C(C(C)O)NC(=O)CNC(=O)C(CCC(=O)O)NC(=O)C(C)(C)NC(=O)C(CC6=CN=CN6)N,CCCCCCCCCCCCCCCCCC(=O)[O-].CCCCCCCCCCCCCCCCCC(=O)[O-].[Mg+2]
216457,86278134,0,C1CN2CCC1C(C2)OC(=O)N3CCC4=CC=CC=C4C3C5=CC=CC=C5.C(CC(=O)O)C(=O)O,C(C1C(C(C(C(O1)OC2C(OC(C(C2O)O)OCC3C(C(C(C(O3)OC4C(OC(C(C4O)O)OC5C(OC(C(C5O)O)O)CO)CO)O)O)OC6C(C(C(C(O6)CO)OC7C(C(C(C(O7)CO)O)O)O)O)O)CO)O)O)O)O
55245,3423265,0,CC#CC1(CCC2C1(CC(C3=C4CCC(=O)C=C4CCC23)C5=CC=C(C=C5)N(C)C)C)O,CCCCCCCCCCCCOS(=O)(=O)[O-].[Na+]
25008120,516892,0,CC1(C(=O)N(C2=C(O1)C=CC(=N2)NC3=NC(=NC=C3F)NC4=CC(=C(C(=C4)OC)OC)OC)COP(=O)([O-])[O-])C.[Na+].[Na+],C(=O)(O)[O-].[Na+]
16124688,6328154,0,C1C2C1C3C=CC2C4C3C(=O)N(C4=O)NC(=O)C5=CC=C(C=C5)C(F)(F)F,CC(=O)O.C(C(C(C(C(C=O)O)O)O)O)O.[Na]
51039094,24261,0,CC1=C(C=CC(=C1)NC2=NC=NC3=C2C=C(C=C3)NC4=NC(CO4)(C)C)OC5=CC6=NC=NN6C=C5,O=[Si]=O
44232548,123706,0,CC(C)C1=NC(=CS1)CN(C)C(=O)NC(CCN2CCOCC2)C(=O)NC(CCC(CC3=CC=CC=C3)NC(=O)OCC4=CN=CS4)CC5=CC=CC=C5.CC(C)C(CO)N1C=C(C(=O)C2=C1C=C(C(=C2)CC3=C(C(=CC=C3)Cl)F)OC)C(=O)O.CC(C)OC(=O)OCOP(=O)(COC(C)CN1C=NC2=C(N=CN=C21)N)OCOC(=O)OC(C)C.C1C(OC(S1)CO)N2C=C(C(=NC2=O)N)F.C(=CC(=O)O)C(=O)O,CCC(C1=C(C=C(C=C1)N(C)C)C)N
10096344,518696,0,CC#CCN1C2=C(N=C1N3CCCC(C3)N)N(C(=O)N(C2=O)CC4=NC5=CC=CC=C5C(=N4)C)C,O=[Fe]O[Fe]=O
3478,26924,0,CC1=CN=C(C=N1)C(=O)NCCC2=CC=C(C=C2)S(=O)(=O)NC(=O)NC3CCCCC3,O[Si](=O)[O-].O[Si](=O)[O-].[O-][Si](=O)[O-].[O-][Si](=O)[O-].[Mg+2].[Mg+2].[Mg+2]
1549000,23706213,0,C1CN(CCN1CCOCC(=O)O)C(C2=CC=CC=C2)C3=CC=C(C=C3)Cl,CC(=O)[O-].C(C(C(C(C(C=O)O)O)O)O)O.[Na+]
4485,24832091,0,CC1=C(C(C(=C(N1)C)C(=O)OC)C2=CC=CC=C2[N+](=O)[O-])C(=O)OC,CCOCC1C(C(C(C(O1)OC)OCC)OCC)OC2C(C(C(C(O2)CO)OC)O)O
118023034,16211978,0,CC(C1=CC=C(C=C1)F)(C2=CN=C(N=C2)N3CCN(CC3)C4=NC=NN5C4=CC(=C5)C6=CN(N=C6)C)N,O=[Fe].O=[Fe]O[Fe]=O
9871419,16211978,0,CCCSC1=NC(=C2C(=N1)N(N=N2)C3CC(C(C3O)O)OCCO)NC4CC4C5=CC(=C(C=C5)F)F,O=[Fe].O=[Fe]O[Fe]=O
130881,16211032,0,CCCC1=NC(=C(N1CC2=CC=C(C=C2)C3=CC=CC=C3C4=NNN=N4)C(=O)OCC5=C(OC(=O)O5)C)C(C)(C)O,C(C1C(C(C(C(O1)OC2C(OC(C(C2O)O)O)CO)O)O)O)O
121892,14950,0,CCOC(=O)NC1=C(C=C(C=C1)NCC2=CC=C(C=C2)F)N,CC1=C2C(=CC(=C1C(=O)O)O)C(=O)C3=C(C2=O)C(=C(C(=C3O)O)C4C(C(C(C(O4)CO)O)O)O)O
34312,174,0,C1C2=CC=CC=C2N(C3=CC=CC=C3C1=O)C(=O)N,C(CO)O
71329,24261,0,CN(CCC1=CC=C(C=C1)NS(=O)(=O)C)CCOC2=CC=C(C=C2)NS(=O)(=O)C,O=[Si]=O
3001055,62698,0,CNC(=C[N+](=O)[O-])NCCSCC1=CC=C(O1)CN(C)C,C(C1C(C(C(C(O1)OC2C(OC(C(C2O)O)OC3C(OC(C(C3O)O)O)CO)CO)O)O)O)O
11625818,11177,0,CCC(C1=NC2=C(C(=CC=C2)F)C(=O)N1C3=CC=CC=C3)NC4=NC=NC5=C4NC=N5,CCCCCCCCCCCCCCCCCC(=O)[O-].CCCCCCCCCCCCCCCCCC(=O)[O-].[Mg+2]
27447,174,0,CC1=C(N2C(C(C2=O)NC(=O)C(C3=CC=CC=C3)N)SC1)C(=O)O,C(CO)O
6450551,6328154,0,CNC(=O)C1=CC=CC=C1SC2=CC3=C(C=C2)C(=NN3)C=CC4=CC=CC=N4,CC(=O)O.C(C(C(C(C(C=O)O)O)O)O)O.[Na]
40632,1030,0,CC1=CN(C(=O)C=C1)C2=CC=CC=C2,CC(CO)O
16124688,26042,0,C1C2C1C3C=CC2C4C3C(=O)N(C4=O)NC(=O)C5=CC=C(C=C5)C(F)(F)F,O=[Ti]=O
156391,6251,0,CC(C1=CC2=C(C=C1)C=C(C=C2)OC)C(=O)O,C(C(C(C(C(CO)O)O)O)O)O
84724,8753,1,C1(=NN=C(S1)S(=O)(=O)N)N,CCCCCCCCCCCC[N+](C)(C)CC1=CC=CC=C1.[Cl-]
456199,14055602,0,C1C(COC2=NC(=CN21)[N+](=O)[O-])OCC3=CC=C(C=C3)OC(F)(F)F,COC1C(OC(C(C1O)O)OC2C(OC(C(C2O)O)OC)CO)CO
71492247,26042,0,CC(C)OC(=O)C(C)NP(=O)(COC(C)CN1C=NC2=C(N=CN=C21)N)OC3=CC=CC=C3.CC(C)OC(=O)C(C)NP(=O)(COC(C)CN1C=NC2=C(N=CN=C21)N)OC3=CC=CC=C3.C(=CC(=O)O)C(=O)O,O=[Ti]=O
129073603,1030,0,CC1=CC(=NN1)NC2=NC(=NC(=C2)C)C3CCC(CC3)(C(=O)NC(C)C4=CN=C(C=C4)N5C=C(C=N5)F)OC,CC(CO)O
58557659,26042,0,CCC1CN(CC1C2=CN=C3N2C4=C(NC=C4)N=C3)C(=O)NCC(F)(F)F,O=[Ti]=O
5311083,5281955,0,CC1=CN=C(C(=C1OC)C)CS(=O)C2=NC3=C([N-]2)C=CC(=C3)OC.CC1=CN=C(C(=C1OC)C)CS(=O)C2=NC3=C([N-]2)C=CC(=C3)OC.[Mg+2],CCCCCCCCC=CCCCCCCCC(=O)OCCOCC(C1C(C(CO1)OCCO)OCCO)OCCO
46216142,11199,0,CC1CCOC2N1C(=O)C3=C(C(=O)C(=CN3C2)C(=O)NCC4=C(C=C(C=C4)F)F)[O-].[Na+],C=CO
59772,6251,0,CNS(=O)(=O)CC1=CC2=C(C=C1)NC=C2CCN(C)C.C(CC(=O)O)C(=O)O,C(C(C(C(C(CO)O)O)O)O)O
196,24823,1,C(CCC(=O)O)CC(=O)O,[O-][O+]=O
35370,11177,0,CC1=CN(C(=O)NC1=O)C2CC(C(O2)CO)N=[N+]=[N-],CCCCCCCCCCCCCCCCCC(=O)[O-].CCCCCCCCCCCCCCCCCC(=O)[O-].[Mg+2]
219078,11177,0,CC(=O)NC(COC)C(=O)NCC1=CC=CC=C1,CCCCCCCCCCCCCCCCCC(=O)[O-].CCCCCCCCCCCCCCCCCC(=O)[O-].[Mg+2]
25141092,24261,0,CN1CCN(CC1)C2=CC(=C(C=C2)C(=O)NC3=NNC4=C3C=C(C=C4)CC5=CC(=CC(=C5)F)F)NC6CCOCC6,O=[Si]=O
6116,516875,1,CC(=O)[O-].CC(=O)[O-].[Ca+2],[O-][Mn](=O)(=O)=O.[K+]
6014,11177,0,CC(CN1C2=CC=CC=C2SC3=CC=CC=C31)N(C)C.Cl,CCCCCCCCCCCCCCCCCC(=O)[O-].CCCCCCCCCCCCCCCCCC(=O)[O-].[Mg+2]
1983,6251,1,CC(=O)NC1=CC=C(C=C1)O,C(C(C(C(C(CO)O)O)O)O)O
5282379,6328154,0,CC1=C(C(CCC1)(C)C)C=CC(=CC=CC(=CC(=O)O)C)C,CC(=O)O.C(C(C(C(C(C=O)O)O)O)O)O.[Na]
5281040,11177,0,CC(C)(C1=CC=CC=C1CCC(C2=CC=CC(=C2)C=CC3=NC4=C(C=CC(=C4)Cl)C=C3)SCC5(CC5)CC(=O)O)O,CCCCCCCCCCCCCCCCCC(=O)[O-].CCCCCCCCCCCCCCCCCC(=O)[O-].[Mg+2]
9997821,23663626,1,CC1(C(N2C(S1(=O)=O)CC2=O)C(=O)OCOC(=O)C(C)(C)C)C,COC(=O)C1=CC=C(C=C1)[O-].[Na+]
3599,14055602,0,CCCCCCCCCCCCCCCCOP(=O)([O-])OCC[N+](C)(C)C,COC1C(OC(C(C1O)O)OC2C(OC(C(C2O)O)OC)CO)CO
5090,6989,0,CS(=O)(=O)C1=CC=C(C=C1)C2=C(C(=O)OC2)C3=CC=CC=C3,CC1=CC(=C(C=C1)C(C)C)O
2082,131751496,0,CCCSC1=CC2=C(C=C1)N=C(N2)NC(=O)OC,C1CC(=O)N(C1)C(CP)P
9588170,11177,0,CON=C1CN(CC1CN)C2=C(C=C3C(=O)C(=CN(C3=N2)C4CC4)C(=O)O)F.CS(=O)(=O)O,CCCCCCCCCCCCCCCCCC(=O)[O-].CCCCCCCCCCCCCCCCCC(=O)[O-].[Mg+2]
62698,24823,1,C(C1C(C(C(C(O1)OC2C(OC(C(C2O)O)OC3C(OC(C(C3O)O)O)CO)CO)O)O)O)O,[O-][O+]=O
8753,784,1,CCCCCCCCCCCC[N+](C)(C)CC1=CC=CC=C1.[Cl-],OO
5311304,702,0,C1CC(C1)CN2CCC34C5C(CCC3(C2CC6=C4C(=C(C=C6)O)O5)O)O,CCO
45138699,14923,0,CC1CN(CC(O1)C)C2=NC=C(C=C2)NC(=O)C3=CC=CC(=C3C)C4=CC=C(C=C4)OC(F)(F)F.OP(=O)(O)O.OP(=O)(O)O,[NH4+].[OH-]
9837243,11177,0,CCCC1CC(=O)N(C1)C(CC)C(=O)N,CCCCCCCCCCCCCCCCCC(=O)[O-].CCCCCCCCCCCCCCCCCC(=O)[O-].[Mg+2]
3957,26924,0,CCOC(=O)N1CCC(=C2C3=C(CCC4=C2N=CC=C4)C=C(C=C3)Cl)CC1,O[Si](=O)[O-].O[Si](=O)[O-].[O-][Si](=O)[O-].[O-][Si](=O)[O-].[Mg+2].[Mg+2].[Mg+2]
62969,23706213,0,CC(C)C(CCCN(C)CCC1=CC(=C(C=C1)OC)OC)(C#N)C2=CC(=C(C=C2)OC)OC.Cl,CC(=O)[O-].C(C(C(C(C(C=O)O)O)O)O)O.[Na+]
11250029,56841934,0,CC1=CC(=CC(=C1CC(C(=O)N(CC2=CC(=C(C=C2)OC)C(=O)O)C(C)C3=NC=C(N3)C4=CC=CC=C4)N)C)C(=O)N,O.O.O.[Fe].[Fe]
8753,14806,1,CCCCCCCCCCCC[N+](C)(C)CC1=CC=CC=C1.[Cl-],O=[Zn]
148195,6850749,0,C1CN(CCC1CC(=O)N2CCC(CC2)C3C4=C(CCC5=C3N=CC(=C5)Br)C=C(C=C4Br)Cl)C(=O)N,CC1(C2CCC(C23CC1C(=CC3O)C(=O)O)C(=O)O)CO.C(CCCC(C(CCCCCO)O)O)CCCC(=O)O
129893883,25517,1,CC1(C2=CC=CC=C2[N+](=C1C=CC3=C(C(=CC=C4C(C5=CC=CC=C5N4C)(C)C)CCC3)C6=CC=CC=C6)C)C.OCl(=O)(=O)=O,[NH4+].[Cl-]
25166913,56841934,0,CN1CCC(CC1C2=NC3=CC=CC=C3N2)NC(=O)NC4=CC=C(C=C4)C#N,O.O.O.[Fe].[Fe]
119607,14055602,0,CC1=C(C(=NO1)C2=CC=CC=C2)C3=CC=C(C=C3)S(=O)(=O)N,COC1C(OC(C(C1O)O)OC2C(OC(C(C2O)O)OC)CO)CO
4075,24261,0,C1=CC(=C(C=C1N)C(=O)O)O,O=[Si]=O
25154713,174,0,CC(C)C(C(=O)N1CCCC1C2=NC=C(N2)C3=CC=C(C=C3)C4=CC=C(C=C4)C5=CN=C(N5)C6CCCN6C(=O)C(C(C)C)NC(=O)OC)NC(=O)OC.Cl.Cl,C(CO)O
16088021,24261,0,CN1C(=O)C=C(N(C1=O)CC2=CC=CC=C2C#N)N3CCCC(C3)N.C1=CC=C(C=C1)C(=O)O,O=[Si]=O
16203739,16213095,0,CC(C1=CC(=CC(=C1)C(F)(F)F)C(F)(F)F)OCC2(CCC3(CCC(=O)N3)CN2)C4=CC=CC=C4.O.Cl,C(COCC1C(C(C(C(O1)OCCO)OCCO)OCCO)OCCO)O.C(C1C(C(C(C(O1)O)O)O)O)O
25141092,1030,0,CN1CCN(CC1)C2=CC(=C(C=C2)C(=O)NC3=NNC4=C3C=C(C=C4)CC5=CC(=CC(=C5)F)F)NC6CCOCC6,CC(CO)O
86346053,6917,0,CC1CCC23CCC(=O)C2C1(C(CC(C(C3C)O)(C)C=C)OC(=O)CSC4CCC(CC4O)N)C.CC(=O)O,C=CN1CCCC1=O
72722243,14055602,0,CC(C)(C)C1=CC(=C(C=C1NC(=O)C2=CNC3=CC=CC=C3C2=O)O)C(C)(C)C.CC(C)(CO)C1=CC2=CC(=C(C=C2N1CC(CO)O)F)NC(=O)C3(CC3)C4=CC5=C(C=C4)OC(O5)(F)F,COC1C(OC(C(C1O)O)OC2C(OC(C(C2O)O)OC)CO)CO
3715,24261,0,CC1=C(C2=C(N1C(=O)C3=CC=C(C=C3)Cl)C=CC(=C2)OC)CC(=O)O,O=[Si]=O
3672,24261,0,CC(C)CC1=CC=C(C=C1)C(C)C(=O)O,O=[Si]=O
5280443,10340,1,C1=CC(=CC=C1C2=CC(=O)C3=C(C=C(C=C3O2)O)O)O,C(=O)([O-])[O-].[Na+].[Na+]
119607,6134,0,CC1=C(C(=NO1)C2=CC=CC=C2)C3=CC=C(C=C3)S(=O)(=O)N,C(C1C(C(C(C(O1)OC2C(OC(C(C2O)O)O)CO)O)O)O)O
5362065,62698,0,C=CC1=C(N2C(C(C2=O)NC(=O)C(=NOCC(=O)O)C3=CSC(=N3)N)SC1)C(=O)O,C(C1C(C(C(C(O1)OC2C(OC(C(C2O)O)OC3C(OC(C(C3O)O)O)CO)CO)O)O)O)O
9918581,131751496,0,C1CCC(CC1)N2CCN(CC2)C3=C(N=C(S3)NC(=O)C4=CC(=C(N=C4)N5CCC(CC5)C(=O)O)Cl)C6=CC(=CS6)Cl.C(=CC(=O)O)C(=O)O,C1CC(=O)N(C1)C(CP)P
65157,445639,0,CCCCCCCCCCC(=O)OC1CCC2C1(CCC3C2CCC4=CC(=O)CCC34C)C,CCCCCCCCC=CCCCCCCCC(=O)O
2972,26042,0,CC1=C(C(=O)C=CN1C)O,O=[Ti]=O
5282455,26042,0,CC(C)C1=NC(=NC(=C1C=CC(CC(CC(=O)[O-])O)O)C2=CC=C(C=C2)F)N(C)S(=O)(=O)C.CC(C)C1=NC(=NC(=C1C=CC(CC(CC(=O)[O-])O)O)C2=CC=C(C=C2)F)N(C)S(=O)(=O)C.[Ca+2],O=[Ti]=O
121494085,6251,0,C(C1C(C(C(C(O1)OC2(C(C(C(O2)COS(=O)(=O)O[Al])OS(=O)(=O)O[Al])OS(=O)(=O)O[Al])COS(=O)(=O)O[Al])OS(=O)(=O)O[Al])OS(=O)(=O)O[Al])OS(=O)(=O)O[Al])OS(=O)(=O)O[Al].O.O.O.O.O.O.O.O.O.O.O.O.O.O.O.O.O.O.O.O.[Al],C(C(C(C(C(CO)O)O)O)O)O
6014,311,0,CC(CN1C2=CC=CC=C2SC3=CC=CC=C31)N(C)C.Cl,C(C(=O)O)C(CC(=O)O)(C(=O)O)O
60834,135436515,0,CNCCC(C1=CC=CS1)OC2=CC=CC3=CC=CC=C32.Cl,C1=CC2=C(C=C1S(=O)(=O)O)C(=C(N2)C3=NC4=C(C3=O)C=C(C=C4)S(=O)(=O)O)O.[Na+]
10288191,24261,0,CN1C=NC2=C1C=C(C(=C2F)NC3=C(C=C(C=C3)Br)F)C(=O)NOCCO,O=[Si]=O
25102846,5281,0,COC1=CC2=C(C=CN=C2C=C1OC)OC3=CC=C(C=C3)NC(=O)C4(CC4)C(=O)NC5=CC=C(C=C5)F.C(C(C(=O)O)O)C(=O)O,CCCCCCCCCCCCCCCCCC(=O)O
10174505,11177,0,CC1CCN(CC1N(C)C2=NC=NC3=C2C=CN3)C(=O)CC#N.C(C(=O)O)C(CC(=O)O)(C(=O)O)O,CCCCCCCCCCCCCCCCCC(=O)[O-].CCCCCCCCCCCCCCCCCC(=O)[O-].[Mg+2]
71481097,11177,0,C1=CN=C(C=N1)NNC(=O)C=CN2C=NC(=N2)C3=CC(=CC(=C3)C(F)(F)F)C(F)(F)F,CCCCCCCCCCCCCCCCCC(=O)[O-].CCCCCCCCCCCCCCCCCC(=O)[O-].[Mg+2]
54684141,26042,0,CC(=C(C#N)C(=O)NC1=CC=C(C=C1)C(F)(F)F)O,O=[Ti]=O
11167602,174,0,CNC(=O)C1=NC=CC(=C1)OC2=CC(=C(C=C2)NC(=O)NC3=CC(=C(C=C3)Cl)C(F)(F)F)F,C(CO)O
46700777,26042,0,CCC1=C(C=CC(=C1)C(=NOCC2=CC(=C(C=C2)C3CCCCC3)C(F)(F)F)C)CN4CC(C4)C(=O)O.CCC1=C(C=CC(=C1)C(=NOCC2=CC(=C(C=C2)C3CCCCC3)C(F)(F)F)C)CN4CC(C4)C(=O)O.C(=CC(=O)O)C(=O)O,O=[Ti]=O
71584930,24261,0,CCN1C2=CC(=NC=C2C=C(C1=O)C3=CC(=C(C=C3Br)F)NC(=O)NC4=CC=CC=C4)NC,O=[Si]=O
3957,24261,0,CCOC(=O)N1CCC(=C2C3=C(CCC4=C2N=CC=C4)C=C(C=C3)Cl)CC1,O=[Si]=O
71424,222,0,CCOC1=CC=CC=C1OCC2CNCCO2.Cl,N
107970,1030,0,CCCCCCCCC1=CC=C(C=C1)CCC(CO)(CO)N,CC(CO)O
46216142,14945,0,CC1CCOC2N1C(=O)C3=C(C(=O)C(=CN3C2)C(=O)NCC4=C(C=C(C=C4)F)F)[O-].[Na+],O=[Fe]
86346053,6328154,0,CC1CCC23CCC(=O)C2C1(C(CC(C(C3C)O)(C)C=C)OC(=O)CSC4CCC(CC4O)N)C.CC(=O)O,CC(=O)O.C(C(C(C(C(C=O)O)O)O)O)O.[Na]
66860907,123706,0,CC1=CC(=C(C=C1)SC2=CC=CC=C2N3CCNCC3)C.Cl,CCC(C1=C(C=C(C=C1)N(C)C)C)N
84003,23706213,0,C1CN2C(=CC=C2C(=O)C3=CC=CC=C3)C1C(=O)O.C(C(CO)(CO)N)O,CC(=O)[O-].C(C(C(C(C(C=O)O)O)O)O)O.[Na+]
406563,3776,0,CC1=CC=C(C=C1)S(=O)(=O)O.CNC(=O)C1=NC=CC(=C1)OC2=CC=C(C=C2)NC(=O)NC3=CC(=C(C=C3)Cl)C(F)(F)F,CC(C)O
5311037,104938,0,CCN1C2=C(C(=O)N(C1=O)CC)N(C(=N2)C=CC3=CC(=C(C=C3)OC)OC)C,C(C1C(C(C(C(O1)OC2C(OC(C(C2O)O)O)CO)O)O)O)O.O
71424,174,0,CCOC1=CC=CC=C1OCC2CNCCO2.Cl,C(CO)O
46700777,518696,0,CCC1=C(C=CC(=C1)C(=NOCC2=CC(=C(C=C2)C3CCCCC3)C(F)(F)F)C)CN4CC(C4)C(=O)O.CCC1=C(C=CC(=C1)C(=NOCC2=CC(=C(C=C2)C3CCCCC3)C(F)(F)F)C)CN4CC(C4)C(=O)O.C(=CC(=O)O)C(=O)O,O=[Fe]O[Fe]=O
11250029,294,0,CC1=CC(=CC(=C1CC(C(=O)N(CC2=CC(=C(C=C2)OC)C(=O)O)C(C)C3=NC=C(N3)C4=CC=CC=C4)N)C)C(=O)N,C(C1C(C(C(C(O1)OC2C(OC(C(C2O)O)O)CO)O)O)O)O
10130337,123706,0,C1=CC=C(C=C1)CC(COC(=O)N)N,CCC(C1=C(C=C(C=C1)N(C)C)C)N
4044,5281,0,CC1=C(C(=CC=C1)NC2=CC=CC=C2C(=O)O)C,CCCCCCCCCCCCCCCCCC(=O)O
5035,62698,0,C1CCN(CC1)CCOC2=CC=C(C=C2)C(=O)C3=C(SC4=C3C=CC(=C4)O)C5=CC=C(C=C5)O,C(C1C(C(C(C(O1)OC2C(OC(C(C2O)O)OC3C(OC(C(C3O)O)O)CO)CO)O)O)O)O
118023034,263,0,CC(C1=CC=C(C=C1)F)(C2=CN=C(N=C2)N3CCN(CC3)C4=NC=NN5C4=CC(=C5)C6=CN(N=C6)C)N,CCCCO
9989226,24268,1,[O-2].[O-2].[O-2].[Al+3].[Al+3],[N+](=O)([O-])[O-].[Na+]
45138699,6850749,0,CC1CN(CC(O1)C)C2=NC=C(C=C2)NC(=O)C3=CC=CC(=C3C)C4=CC=C(C=C4)OC(F)(F)F.OP(=O)(O)O.OP(=O)(O)O,CC1(C2CCC(C23CC1C(=CC3O)C(=O)O)C(=O)O)CO.C(CCCC(C(CCCCCO)O)O)CCCC(=O)O
9883933,3423265,0,CC(C)C(=O)OC(C)OC(=O)NCC1(CCCCC1)CC(=O)O,CCCCCCCCCCCCOS(=O)(=O)[O-].[Na+]
11476460,131751496,0,CN1N=C(N=N1)C2=NC=C(C=C2)C3=C(C=C(C=C3)N4CC(OC4=O)COP(=O)(O)O)F,C1CC(=O)N(C1)C(CP)P
449193,518696,0,C1CC1COC2=C(C=CC(=C2)C(=O)NC3=C(C=NC=C3Cl)Cl)OC(F)F,O=[Fe]O[Fe]=O
6014,17730,0,CC(CN1C2=CC=CC=C2SC3=CC=CC=C31)N(C)C.Cl,C1=CC(=CC=C1N=NC2=C(C=CC3=C2C=CC(=C3)S(=O)(=O)[O-])O)S(=O)(=O)[O-].[Na+].[Na+]
5284583,11199,0,CCC(C(=O)N)N1CCCC1=O,C=CO
54697325,26924,0,CC(C)(C)CNCC1=CC(=C2CC3CC4C(C(=O)C(=C(C4(C(=O)C3=C(C2=C1O)O)O)O)C(=O)N)N(C)C)N(C)C,O[Si](=O)[O-].O[Si](=O)[O-].[O-][Si](=O)[O-].[O-][Si](=O)[O-].[Mg+2].[Mg+2].[Mg+2]
11551689,11199,0,C1CCN(CC1)CCCOCCCC2=CC=C(C=C2)Cl.Cl,C=CO
25102846,3037558,0,COC1=CC2=C(C=CN=C2C=C1OC)OC3=CC=C(C=C3)NC(=O)C4(CC4)C(=O)NC5=CC=C(C=C5)F.C(C(C(=O)O)O)C(=O)O,C(C1C(C(C(C(O1)OC(C(CO)O)C(C(C=O)O)O)O)O)O)O
16004692,11199,0,CCCNS(=O)(=O)NC1=C(C(=NC=N1)OCCOC2=NC=C(C=N2)Br)C3=CC=C(C=C3)Br,C=CO
49846579,270885,0,CC1(CCC(=C(C1)C2=CC=C(C=C2)Cl)CN3CCN(CC3)C4=CC(=C(C=C4)C(=O)NS(=O)(=O)C5=CC(=C(C=C5)NCC6CCOCC6)[N+](=O)[O-])OC7=CN=C8C(=C7)C=CN8)C,CC(=O)OC=C.C=CN1CCCC1=O
10034073,5287971,0,CCC1C=C(C(CC=CC=C(C(=O)OC(CC=C(C=C(C1OC2C(C(C(C(O2)(C)C)OC(=O)C(C)C)O)O)C)C)C(C)O)COC3C(C(C(C(O3)C)OC(=O)C4=C(C(=C(C(=C4O)Cl)O)Cl)CC)O)OC)O)C,CCCCCCCCCCCCCCCC(=O)OCC(COP(=O)([O-])OCC[N+](C)(C)C)OC(=O)CCCCCCCC=CCC=CCCCCC
14720269,24748,0,CC1=C(C=CN=C1CS(=O)C2=NC3=CC=CC=C3[N-]2)OCCCOC.[Na+],CC(=O)O.C(C(C(C(C(C=O)O)O)O)O)O
54674461,26042,0,COC(=O)NC1=C(N=C(N=C1N)C2=NN(C3=C2C=C(C=N3)F)CC4=CC=CC=C4F)N,O=[Ti]=O
56959,4134690,0,CC1=C(C(=CC=C1)C)NC(=O)CN2CCN(CC2)CC(COC3=CC=CC=C3OC)O,C(CCCCCCCCCCO)CCCCCCCCCO
181458,445639,0,CC12CC3CC(C1)(CC(C3)(C2)N)C.Cl,CCCCCCCCC=CCCCCCCCC(=O)O
58557659,11199,0,CCC1CN(CC1C2=CN=C3N2C4=C(NC=C4)N=C3)C(=O)NCC(F)(F)F,C=CO
130564,11177,0,CC1=CN=C(C(=C1OC)C)CS(=O)C2=NC3=C([N-]2)C=CC(=C3)OC.CC1=CN=C(C(=C1OC)C)CS(=O)C2=NC3=C([N-]2)C=CC(=C3)OC.[Mg+2],CCCCCCCCCCCCCCCCCC(=O)[O-].CCCCCCCCCCCCCCCCCC(=O)[O-].[Mg+2]
6324616,6251,0,CC1C=CC=C(C(=O)NC2=CC(=C3C(=C2O)C(=C(C4=C3C(=O)C(O4)(OC=CC(C(C(C(C(C(C1O)C)O)C)OC(=O)C)C)OC)C)C)O)O)C,C(C(C(C(C(CO)O)O)O)O)O
66370,441374,1,C(C1C(C(C(C(O1)O)O)O)O)O.O,C1C(C(C(C(C1N)OC2C(C(C(C(O2)CN)O)O)O)O)OC3C(C(C(C(O3)CO)O)N)O)N.OS(=O)(=O)O
2369,135350084,0,CC(C)NCC(COC1=CC=C(C=C1)CCOCC2CC2)O,COC1=C(C=CC2=C(C=CN=C21)OC3=C(C=C(C=C3)NC(=O)C(=O)NCCC4=CC5=C(C=C4)OCO5)F)OCC6CCNCC6
2244,11177,1,CC(=O)OC1=CC=CC=C1C(=O)O,CCCCCCCCCCCCCCCCCC(=O)[O-].CCCCCCCCCCCCCCCCCC(=O)[O-].[Mg+2]
2802,134601,0,C1C(=O)NC2=C(C=C(C=C2)[N+](=O)[O-])C(=N1)C3=CC=CC=C3Cl,COC(=O)C(CC1=CC=CC=C1)NC(=O)C(CC(=O)O)N
53239799,86278134,0,CCC1=CC2=C(C=C1N3CCC(CC3)N4CCOCC4)C(C5=C(C2=O)C6=C(N5)C=C(C=C6)C#N)(C)C.Cl,C(C1C(C(C(C(O1)OC2C(OC(C(C2O)O)OCC3C(C(C(C(O3)OC4C(OC(C(C4O)O)OC5C(OC(C(C5O)O)O)CO)CO)O)O)OC6C(C(C(C(O6)CO)OC7C(C(C(C(O7)CO)O)O)O)O)O)CO)O)O)O)O
54684141,518696,0,CC(=C(C#N)C(=O)NC1=CC=C(C=C1)C(F)(F)F)O,O=[Fe]O[Fe]=O
9578005,24832095,0,CC1=C(C=CN=C1CS(=O)C2=NC3=CC=CC=C3N2)OCC(F)(F)F,CC(COCC1C(C(C(C(O1)OC)OCC(C)O)OCC(C)O)OC2C(C(C(C(O2)COC)OC3C(C(C(C(O3)CO)OC)O)O)OC)OC)O
3033,11177,0,C1=CC=C(C(=C1)CC(=O)O)NC2=C(C=CC=C2Cl)Cl,CCCCCCCCCCCCCCCCCC(=O)[O-].CCCCCCCCCCCCCCCCCC(=O)[O-].[Mg+2]
24821094,6917,0,C=CC(=O)N1CCCC(C1)N2C3=NC=NC(=C3C(=N2)C4=CC=C(C=C4)OC5=CC=CC=C5)N,C=CN1CCCC1=O
6918313,14055602,0,C1CN(CCN1CCCCC2=CNC3=C2C=C(C=C3)C#N)C4=CC5=C(C=C4)OC(=C5)C(=O)N.Cl,COC1C(OC(C(C1O)O)OC2C(OC(C(C2O)O)OC)CO)CO
3081361,174,0,CN1CCC(CC1)COC2=C(C=C3C(=C2)N=CN=C3NC4=C(C=C(C=C4)Br)F)OC,C(CO)O
44093,11177,1,CC(CS)C(=O)N1CCCC1C(=O)O,CCCCCCCCCCCCCCCCCC(=O)[O-].CCCCCCCCCCCCCCCCCC(=O)[O-].[Mg+2]
154256,174,0,CC1=C(N(C2=C1C=C(C=C2)O)CC3=CC=C(C=C3)OCCN4CCCCCC4)C5=CC=C(C=C5)O.CC(=O)O,C(CO)O
115366,56841934,0,COC(=O)C(C1=CC=CC=C1Cl)N2CCC3=C(C2)C=CS3.OS(=O)(=O)O,O.O.O.[Fe].[Fe]
4463,11177,0,CC1=C2C(=NC=C1)N(C3=C(C=CC=N3)C(=O)N2)C4CC4,CCCCCCCCCCCCCCCCCC(=O)[O-].CCCCCCCCCCCCCCCCCC(=O)[O-].[Mg+2]
9838021,24671,0,CCC(C1=CC(=CC=C1)O)C(C)CN(C)C.Cl,C1=CC=C2C(=C1)C(=O)C(C2=O)C3=NC4=C(C=C(C=C4C=C3)S(=O)(=O)[O-])S(=O)(=O)[O-].[Na+].[Na+]
46892186,56841934,0,CC1=NN(C=N1)C2=NC=C(C3=C2N(C=C3C(=O)C(=O)N4CCN(CC4)C(=O)C5=CC=CC=C5)COP(=O)(O)O)OC.C(C(CO)(CO)N)O,O.O.O.[Fe].[Fe]
5702160,24261,0,C1=C(N=C(S1)N=C(N)N)CSCCC(=NS(=O)(=O)N)N,O=[Si]=O
18283,516892,0,CC1=CN(C(=O)NC1=O)C2C=CC(O2)CO,C(=O)(O)[O-].[Na+]
6451150,24441,0,C1CN2C(=NN=C2C(F)(F)F)CN1C(=O)CC(CC3=CC(=C(C=C3F)F)F)N.OP(=O)(O)O,OP(=O)([O-])[O-].[Ca+2]
30667,6917,0,CC(C1=NCCN1)OC2=C(C=CC=C2Cl)Cl.Cl,C=CN1CCCC1=O
4583,16211032,0,CC1COC2=C3N1C=C(C(=O)C3=CC(=C2N4CCN(CC4)C)F)C(=O)O,C(C1C(C(C(C(O1)OC2C(OC(C(C2O)O)O)CO)O)O)O)O
15606394,131751496,0,CN(C)CC=CC(=O)NC1=C(C=C2C(=C1)C(=NC=N2)NC3=CC(=C(C=C3)F)Cl)OC4CCOC4.C(=CC(=O)O)C(=O)O.C(=CC(=O)O)C(=O)O,C1CC(=O)N(C1)C(CP)P
60822,3423265,0,CC(C)C1=C(C(=C(N1CCC(CC(CC(=O)[O-])O)O)C2=CC=C(C=C2)F)C3=CC=CC=C3)C(=O)NC4=CC=CC=C4.CC(C)C1=C(C(=C(N1CCC(CC(CC(=O)[O-])O)O)C2=CC=C(C=C2)F)C3=CC=CC=C3)C(=O)NC4=CC=CC=C4.[Ca+2],CCCCCCCCCCCCOS(=O)(=O)[O-].[Na+]
134436906,26042,0,CC(C)(COC1=CN2C(=C(C=N2)C#N)C(=C1)C3=CN=C(C=C3)N4CC5CC(C4)N5CC6=CN=C(C=C6)OC)O,O=[Ti]=O
3036505,24261,0,C1=CC=C(C=C1)C(=C(C2=CC=CC=C2)C3=CC=C(C=C3)OCCO)CCCl,O=[Si]=O
6918486,92329579,0,CCC1C(=O)N(CC(=O)N(C(C(=O)NC(C(=O)N(C(C(=O)NC(C(=O)NC(C(=O)N(C(C(=O)N(C(C(=O)N(C(C(=O)N(C(C(=O)N1)C(C(C)CC=CC=C)O)C)C(C)C)C)CC(C)C)C)CC(C)C)C)C)C)CC(C)C)C)C(C)C)CC(C)C)C)C,CCCCCCCCCCCC(=O)OCCOCC(C1C(C(CO1)OCCO)OCCO)OCCO
443872,44134661,0,CC12CCC(=O)C=C1CC(C3C24C(O4)CC5(C3CCC56CCC(=O)O6)C)C(=O)OC,C1C(C(OC1N2C=NC3=C(N=CN=C32)N)COP(=O)(O)OP(=O)([O-])OP(=O)(O)[O-])O.[Na+].[Na+]
1549000,11177,0,C1CN(CCN1CCOCC(=O)O)C(C2=CC=CC=C2)C3=CC=C(C=C3)Cl,CCCCCCCCCCCCCCCCCC(=O)[O-].CCCCCCCCCCCCCCCCCC(=O)[O-].[Mg+2]
124081896,6917,0,COC(=O)OCOC1=C2C(=O)N3CCOCC3N(N2C=CC1=O)C4C5=C(CSC6=CC=CC=C46)C(=C(C=C5)F)F,C=CN1CCCC1=O
60795,6134,0,C1CC(=O)NC2=C1C=CC(=C2)OCCCCN3CCN(CC3)C4=C(C(=CC=C4)Cl)Cl,C(C1C(C(C(C(O1)OC2C(OC(C(C2O)O)O)CO)O)O)O)O
16220172,1030,0,CC(C)(C)C1=CC(=C(C=C1NC(=O)C2=CNC3=CC=CC=C3C2=O)O)C(C)(C)C,CC(CO)O
122201352,23320441,0,CNC(=O)C1=C(C=C(C=C1)C2=NN3C(=CN=C3N=C2)CC4=CC5=C(C=C4)N=CC=C5)F.O.Cl.Cl,O.[OH-].[O-2].[Fe+3]
53393742,72941614,1,C[N+]1=C2C=C(C=CC2=CC3=C1C=C(C=C3)N)N.C1=CC(=CC2=NC3=C(C=CC(=C3)N)C=C21)N.Cl.Cl.Cl.[Cl-],O.[O-2].[O-2].[O-2].[O-2].[O-2].[O-2].[O-2].[O-2].[O-2].[O-2].[O-2].[O-2].[Na+].[Na+].[Al+3].[Al+3].[Si+4].[Si+4].[Si+4].[Si+4]
25102846,24261,0,COC1=CC2=C(C=CN=C2C=C1OC)OC3=CC=C(C=C3)NC(=O)C4(CC4)C(=O)NC5=CC=C(C=C5)F.C(C(C(=O)O)O)C(=O)O,O=[Si]=O
11551689,24261,0,C1CCN(CC1)CCCOCCCC2=CC=C(C=C2)Cl.Cl,O=[Si]=O
10158453,518696,0,CC(=O)OC1=CC2=C(S1)CCN(C2)C(C3=CC=CC=C3F)C(=O)C4CC4.Cl,O=[Fe]O[Fe]=O
4168,11177,0,CCN(CC)CCNC(=O)C1=CC(=C(C=C1OC)N)Cl,CCCCCCCCCCCCCCCCCC(=O)[O-].CCCCCCCCCCCCCCCCCC(=O)[O-].[Mg+2]
12035,71485,0,CC(=O)NC(CS)C(=O)O,C(C1C(C(C(C(O1)OC2(C(C(C(O2)CCl)O)O)CCl)O)O)Cl)O
5962,104748,0,C(CCN)CC(C(=O)O)N,OS(=O)[O-]
154256,5360814,0,CC1=C(N(C2=C1C=C(C=C2)O)CC3=CC=C(C=C3)OCCN4CCCCCC4)C5=CC=C(C=C5)O.CC(=O)O,CCCCCCCCCCCCCCCC(=O)OC1(C(C(C(C(O1)CO)O)O)O)C2(C(C(C(O2)CO)O)O)CO
71764,24832091,0,CN(CCCNC(=O)C1CCCO1)C2=NC3=CC(=C(C=C3C(=N2)N)OC)OC.Cl,CCOCC1C(C(C(C(O1)OC)OCC)OCC)OC2C(C(C(C(O2)CO)OC)O)O
71492247,174,0,CC(C)OC(=O)C(C)NP(=O)(COC(C)CN1C=NC2=C(N=CN=C21)N)OC3=CC=CC=C3.CC(C)OC(=O)C(C)NP(=O)(COC(C)CN1C=NC2=C(N=CN=C21)N)OC3=CC=CC=C3.C(=CC(=O)O)C(=O)O,C(CO)O
219025,131751496,0,CCCCC1=C(C2=C(O1)C=CC(=C2)NS(=O)(=O)C)C(=O)C3=CC=C(C=C3)OCCCN(CCCC)CCCC.Cl,C1CC(=O)N(C1)C(CP)P
9883933,104805,0,CC(C)C(=O)OC(C)OC(=O)NCC1(CCCCC1)CC(=O)O,O.O.OP(=O)([O-])[O-].[Ca+2]
163761,11177,0,CC1=CC(=NC2=C1C(=C(C=C2NC(C)CCCN)OC)OC3=CC=CC(=C3)C(F)(F)F)OC.C(CC(=O)O)C(=O)O,CCCCCCCCCCCCCCCCCC(=O)[O-].CCCCCCCCCCCCCCCCCC(=O)[O-].[Mg+2]
208902,104938,0,CCC(=O)NCCC1CCC2=C1C3=C(C=C2)OCC3,C(C1C(C(C(C(O1)OC2C(OC(C(C2O)O)O)CO)O)O)O)O.O
60871,14055602,0,CC(C)(C)C(=O)OCOP(=O)(COCCN1C=NC2=C(N=CN=C21)N)OCOC(=O)C(C)(C)C,COC1C(OC(C(C1O)O)OC2C(OC(C(C2O)O)OC)CO)CO
71494926,121950,0,CC1=C(N=C(C=C1)NC(=O)C2(CC2)C3=CC4=C(C=C3)OC(O4)(F)F)C5=CC(=CC=C5)C(=O)O.CC(C)(C)C1=CC(=C(C=C1NC(=O)C2=CNC3=CC=CC=C3C2=O)O)C(C)(C)C,CC(CO)O.CC(=O)O.CO.C(CC(=O)O)C(=O)O
44516822,263,0,CC(C)(C)C1=NC(=C(S1)C2=NC(=NC=C2)N)C3=C(C(=CC=C3)NS(=O)(=O)C4=C(C=CC=C4F)F)F.CS(=O)(=O)O,CCCCO
6450551,56841934,0,CNC(=O)C1=CC=CC=C1SC2=CC3=C(C=C2)C(=NN3)C=CC4=CC=CC=N4,O.O.O.[Fe].[Fe]
57379345,24261,0,CC1=CC(=C(C=C1C2CCNCC2)OC(C)C)NC3=NC=C(C(=N3)NC4=CC=CC=C4S(=O)(=O)C(C)C)Cl,O=[Si]=O
44516822,3776,0,CC(C)(C)C1=NC(=C(S1)C2=NC(=NC=C2)N)C3=C(C(=CC=C3)NS(=O)(=O)C4=C(C=CC=C4F)F)F.CS(=O)(=O)O,CC(C)O
42611257,123706,0,CCCS(=O)(=O)NC1=C(C(=C(C=C1)F)C(=O)C2=CNC3=C2C=C(C=N3)C4=CC=C(C=C4)Cl)F,CCC(C1=C(C=C(C=C1)N(C)C)C)N
71009737,14789,0,C1CC2=CN=CN2C1C3=C(C=C(C=C3)C#N)F.OP(=O)(O)O,O[Fe]=O.O[Fe]=O.[Fe]
2369,84571,0,CC(C)NCC(COC1=CC=C(C=C1)CCOCC2CC2)O,C(C1C(C(C(C(O1)OC2C(OC(C(C2O)O)O)CO)O)O)O)O
16088021,56841934,0,CN1C(=O)C=C(N(C1=O)CC2=CC=CC=C2C#N)N3CCCC(C3)N.C1=CC=C(C=C1)C(=O)O,O.O.O.[Fe].[Fe]
24970412,702,0,CNCC(C(C(C(CO)O)O)O)O.C1=CC2=C(C=C1C(=O)O)OC(=N2)C3=CC(=CC(=C3)Cl)Cl,CCO
5391,104938,0,CN1C2=C(C=C(C=C2)Cl)C(=NC(C1=O)O)C3=CC=CC=C3,C(C1C(C(C(C(O1)OC2C(OC(C(C2O)O)O)CO)O)O)O)O.O
11561674,26924,0,CCOC1=C(C=CC(=C1)C(CS(=O)(=O)C)N2C(=O)C3=C(C2=O)C(=CC=C3)NC(=O)C)OC,O[Si](=O)[O-].O[Si](=O)[O-].[O-][Si](=O)[O-].[O-][Si](=O)[O-].[Mg+2].[Mg+2].[Mg+2]
181458,135436515,0,CC12CC3CC(C1)(CC(C3)(C2)N)C.Cl,C1=CC2=C(C=C1S(=O)(=O)O)C(=C(N2)C3=NC4=C(C3=O)C=C(C=C4)S(=O)(=O)O)O.[Na+]
25008120,6917,0,CC1(C(=O)N(C2=C(O1)C=CC(=N2)NC3=NC(=NC=C3F)NC4=CC(=C(C(=C4)OC)OC)OC)COP(=O)([O-])[O-])C.[Na+].[Na+],C=CN1CCCC1=O
305,1183,1,C[N+](C)(C)CCO,COC1=C(C=CC(=C1)C=O)O
3036505,11177,0,C1=CC=C(C=C1)C(=C(C2=CC=CC=C2)C3=CC=C(C=C3)OCCO)CCCl,CCCCCCCCCCCCCCCCCC(=O)[O-].CCCCCCCCCCCCCCCCCC(=O)[O-].[Mg+2]
54900,4134690,0,C1CCN(CC1)CCOC2=CC=C(C=C2)C(=O)C3=C(SC4=C3C=CC(=C4)O)C5=CC=C(C=C5)O.Cl,C(CCCCCCCCCCO)CCCCCCCCCO
5639,656582,0,CN1C(=CC(=O)N(C1=O)C)NCCCN2CCN(CC2)C3=CC=CC=C3OC,C1=CC=C2C(=C1)C(=O)[N-]S2(=O)=O.[Na+]
5281004,4327536,0,CCCC1OC2CC3C4CCC5=CC(=O)C=CC5(C4C(CC3(C2(O1)C(=O)CO)C)O)C,CC(COCC1C(C(C(C(O1)OC2C(OC(C(C2OCC(C)O)OCC(C)O)OCC(C)O)COCC(C)O)OCC(C)O)OCC(C)O)OCC(C)O)O
60877,135436515,0,C1C(OC(S1)CO)N2C=C(C(=NC2=O)N)F,C1=CC2=C(C=C1S(=O)(=O)O)C(=C(N2)C3=NC4=C(C3=O)C=C(C=C4)S(=O)(=O)O)O.[Na+]
216457,26924,0,C1CN2CCC1C(C2)OC(=O)N3CCC4=CC=CC=C4C3C5=CC=CC=C5.C(CC(=O)O)C(=O)O,O[Si](=O)[O-].O[Si](=O)[O-].[O-][Si](=O)[O-].[O-][Si](=O)[O-].[Mg+2].[Mg+2].[Mg+2]
60795,104938,0,C1CC(=O)NC2=C1C=CC(=C2)OCCCCN3CCN(CC3)C4=C(C(=CC=C4)Cl)Cl,C(C1C(C(C(C(O1)OC2C(OC(C(C2O)O)O)CO)O)O)O)O.O
5483,123706,0,CC(C(=O)NCC(=O)O)S,CCC(C1=C(C=C(C=C1)N(C)C)C)N
3001055,24451,1,CNC(=C[N+](=O)[O-])NCCSCC1=CC=C(O1)CN(C)C,OP(=O)([O-])OP(=O)(O)[O-].[Na+].[Na+]
46216142,6251,0,CC1CCOC2N1C(=O)C3=C(C(=O)C(=CN3C2)C(=O)NCC4=C(C=C(C=C4)F)F)[O-].[Na+],C(C(C(C(C(CO)O)O)O)O)O
130564,26924,0,CC1=CN=C(C(=C1OC)C)CS(=O)C2=NC3=C([N-]2)C=CC(=C3)OC.CC1=CN=C(C(=C1OC)C)CS(=O)C2=NC3=C([N-]2)C=CC(=C3)OC.[Mg+2],O[Si](=O)[O-].O[Si](=O)[O-].[O-][Si](=O)[O-].[O-][Si](=O)[O-].[Mg+2].[Mg+2].[Mg+2]
129228,3423265,0,C1=CC(=C(C(=C1)F)CN2C=C(N=N2)C(=O)N)F,CCCCCCCCCCCCOS(=O)(=O)[O-].[Na+]
65157,26042,0,CCCCCCCCCCC(=O)OC1CCC2C1(CCC3C2CCC4=CC(=O)CCC34C)C,O=[Ti]=O
6918493,6328154,0,CC1=CC(=NC(=N1)OC(C(=O)O)C(C2=CC=CC=C2)(C3=CC=CC=C3)OC)C,CC(=O)O.C(C(C(C(C(C=O)O)O)O)O)O.[Na]
3001055,24836924,0,CNC(=C[N+](=O)[O-])NCCSCC1=CC=C(O1)CN(C)C,CC1C(C(C(C(O1)CO)OC2C(C(C(C(O2)COC3C(C(C(C(O3)CO)OC)O)O)OC4C(C(C(C(O4)CO)OC)O)O)O)O)O)O
59772,14055602,0,CNS(=O)(=O)CC1=CC2=C(C=C1)NC=C2CCN(C)C.C(CC(=O)O)C(=O)O,COC1C(OC(C(C1O)O)OC2C(OC(C(C2O)O)OC)CO)CO
56844015,11177,0,B1(OC(=O)C(O1)(CC(=O)O)CC(=O)O)C(CC(C)C)NC(=O)CNC(=O)C2=C(C=CC(=C2)Cl)Cl,CCCCCCCCCCCCCCCCCC(=O)[O-].CCCCCCCCCCCCCCCCCC(=O)[O-].[Mg+2]
66558664,11177,0,CCN(C1CCOCC1)C2=CC(=CC(=C2C)C(=O)NCC3=C(C=C(NC3=O)C)C)C4=CC=C(C=C4)CN5CCOCC5,CCCCCCCCCCCCCCCCCC(=O)[O-].CCCCCCCCCCCCCCCCCC(=O)[O-].[Mg+2]
57379345,26042,0,CC1=CC(=C(C=C1C2CCNCC2)OC(C)C)NC3=NC=C(C(=N3)NC4=CC=CC=C4S(=O)(=O)C(C)C)Cl,O=[Ti]=O
5311083,4093,0,CC1=CN=C(C(=C1OC)C)CS(=O)C2=NC3=C([N-]2)C=CC(=C3)OC.CC1=CN=C(C(=C1OC)C)CS(=O)C2=NC3=C([N-]2)C=CC(=C3)OC.[Mg+2],CC(=C)C(=O)O
6018,11177,0,CC(C)CC1CN2CCC3=CC(=C(C=C3C2CC1=O)OC)OC,CCCCCCCCCCCCCCCCCC(=O)[O-].CCCCCCCCCCCCCCCCCC(=O)[O-].[Mg+2]
5311083,14798,0,CC1=CN=C(C(=C1OC)C)CS(=O)C2=NC3=C([N-]2)C=CC(=C3)OC.CC1=CN=C(C(=C1OC)C)CS(=O)C2=NC3=C([N-]2)C=CC(=C3)OC.[Mg+2],[OH-].[Na+]
2284,26924,0,C1=CC(=CC=C1C(CC(=O)O)CN)Cl,O[Si](=O)[O-].O[Si](=O)[O-].[O-][Si](=O)[O-].[O-][Si](=O)[O-].[Mg+2].[Mg+2].[Mg+2]
71009737,518696,0,C1CC2=CN=CN2C1C3=C(C=C(C=C3)C#N)F.OP(=O)(O)O,O=[Fe]O[Fe]=O
16203739,104938,0,CC(C1=CC(=CC(=C1)C(F)(F)F)C(F)(F)F)OCC2(CCC3(CCC(=O)N3)CN2)C4=CC=CC=C4.O.Cl,C(C1C(C(C(C(O1)OC2C(OC(C(C2O)O)O)CO)O)O)O)O.O
208902,26042,0,CCC(=O)NCCC1CCC2=C1C3=C(C=C2)OCC3,O=[Ti]=O
6918427,131751496,0,CC(C)C(CC1=CC(=C(C=C1)OC)OCCCOC)CC(C(CC(C(C)C)C(=O)NCC(C)(C)C(=O)N)O)N.CC(C)C(CC1=CC(=C(C=C1)OC)OCCCOC)CC(C(CC(C(C)C)C(=O)NCC(C)(C)C(=O)N)O)N.C(=CC(=O)O)C(=O)O,C1CC(=O)N(C1)C(CP)P
27447,14055602,0,CC1=C(N2C(C(C2=O)NC(=O)C(C3=CC=CC=C3)N)SC1)C(=O)O,COC1C(OC(C(C1O)O)OC2C(OC(C(C2O)O)OC)CO)CO
3002977,11199,0,CC1=NN=C(N1C2CC3CCC(C2)N3CCC(C4=CC=CC=C4)NC(=O)C5CCC(CC5)(F)F)C(C)C,C=CO
443872,174,0,CC12CCC(=O)C=C1CC(C3C24C(O4)CC5(C3CCC56CCC(=O)O6)C)C(=O)OC,C(CO)O
20279,11177,0,C1C(C(OC1N2C=NC3=C(N=C(N=C32)Cl)N)CO)O,CCCCCCCCCCCCCCCCCC(=O)[O-].CCCCCCCCCCCCCCCCCC(=O)[O-].[Mg+2]
656631,5541,0,CN1CCCC1CC2=CNC3=C2C=C(C=C3)CCS(=O)(=O)C4=CC=CC=C4.Br,CC(=O)OCC(COC(=O)C)OC(=O)C
5282455,11177,0,CC(C)C1=NC(=NC(=C1C=CC(CC(CC(=O)[O-])O)O)C2=CC=C(C=C2)F)N(C)S(=O)(=O)C.CC(C)C1=NC(=NC(=C1C=CC(CC(CC(=O)[O-])O)O)C2=CC=C(C=C2)F)N(C)S(=O)(=O)C.[Ca+2],CCCCCCCCCCCCCCCCCC(=O)[O-].CCCCCCCCCCCCCCCCCC(=O)[O-].[Mg+2]
11672491,26042,0,CC(C)COC1=CC=C(C=C1)CNC(=O)N(CC2=CC=C(C=C2)F)C3CCN(CC3)C.CC(C)COC1=CC=C(C=C1)CNC(=O)N(CC2=CC=C(C=C2)F)C3CCN(CC3)C.C(C(C(=O)O)O)(C(=O)O)O,O=[Ti]=O
18004026,10340,0,CC1=CC=C(C=C1)C2=C(N3C=C(C=CC3=N2)C)CC(=O)N(C)C.C(C(C(=O)O)O)(C(=O)O)O,C(=O)([O-])[O-].[Na+].[Na+]
60877,131751496,0,C1C(OC(S1)CO)N2C=C(C(=NC2=O)N)F,C1CC(=O)N(C1)C(CP)P
221493,294,0,CC(CCC(=O)O)C1CCC2C1(C(CC3C2C(CC4C3(CCC(C4)O)C)O)O)C,C(C1C(C(C(C(O1)OC2C(OC(C(C2O)O)O)CO)O)O)O)O
27447,26042,0,CC1=C(N2C(C(C2=O)NC(=O)C(C3=CC=CC=C3)N)SC1)C(=O)O,O=[Ti]=O
9838021,26924,0,CCC(C1=CC(=CC=C1)O)C(C)CN(C)C.Cl,O[Si](=O)[O-].O[Si](=O)[O-].[O-][Si](=O)[O-].[O-][Si](=O)[O-].[Mg+2].[Mg+2].[Mg+2]
24906252,174,0,CCOC1=CC=C(C=C1)CC2=C(C=CC(=C2)C3C(C(C(C(O3)CO)O)O)O)Cl.CC(CO)O.O,C(CO)O
2249,11178,0,CC(C)NCC(COC1=CC=C(C=C1)CC(=O)N)O,CCCCCCCCCCCCCCCCCC(=O)[O-].CCCCCCCCCCCCCCCCCC(=O)[O-].[Zn+2]
6451150,14055602,0,C1CN2C(=NN=C2C(F)(F)F)CN1C(=O)CC(CC3=CC(=C(C=C3F)F)F)N.OP(=O)(O)O,COC1C(OC(C(C1O)O)OC2C(OC(C(C2O)O)OC)CO)CO
5388962,16211978,0,CCOC(=O)C(CCC1=CC=CC=C1)NC(C)C(=O)N2CCCC2C(=O)O,O=[Fe].O=[Fe]O[Fe]=O
11251522,56841623,0,C1CC1C2=NC3=CC=CC=C3C(=C2C=CC(CC(CC(=O)[O-])O)O)C4=CC=C(C=C4)F.C1CC1C2=NC3=CC=CC=C3C(=C2C=CC(CC(CC(=O)[O-])O)O)C4=CC=C(C=C4)F.[Ca+2],O.[O-2].[O-2].[O-][Si](=O)[O-].[O-][Si](=O)[O-].[O-][Si](=O)[O-].[Mg+2].[Mg+2].[Al+3].[Al+3]
71360,131751496,0,CC(=O)C1=CC(=C(C=C1)OCCCN2CCC(CC2)C3=NOC4=C3C=CC(=C4)F)OC,C1CC(=O)N(C1)C(CP)P
9838021,174,0,CCC(C1=CC(=CC=C1)O)C(C)CN(C)C.Cl,C(CO)O
46215800,174,0,CC1COC2N1C(=O)C3=C(C(=O)C(=CN3C2)C(=O)NCC4=C(C=C(C=C4)F)F)[O-].[Na+],C(CO)O
23725625,517044,0,C1CC1C(=O)N2CCN(CC2)C(=O)C3=C(C=CC(=C3)CC4=NNC(=O)C5=CC=CC=C54)F,CC(=O)[O-].[K+]
58557659,11177,0,CCC1CN(CC1C2=CN=C3N2C4=C(NC=C4)N=C3)C(=O)NCC(F)(F)F,CCCCCCCCCCCCCCCCCC(=O)[O-].CCCCCCCCCCCCCCCCCC(=O)[O-].[Mg+2]
10174505,14055602,0,CC1CCN(CC1N(C)C2=NC=NC3=C2C=CN3)C(=O)CC#N.C(C(=O)O)C(CC(=O)O)(C(=O)O)O,COC1C(OC(C(C1O)O)OC2C(OC(C(C2O)O)OC)CO)CO
23670359,6917,0,CCCCCN(C)CCC(O)(P(=O)(O)O)P(=O)(O)[O-].[Na+],C=CN1CCCC1=O
49846579,11199,0,CC1(CCC(=C(C1)C2=CC=C(C=C2)Cl)CN3CCN(CC3)C4=CC(=C(C=C4)C(=O)NS(=O)(=O)C5=CC(=C(C=C5)NCC6CCOCC6)[N+](=O)[O-])OC7=CN=C8C(=C7)C=CN8)C,C=CO
71657455,104938,0,C1CC(=O)N(C1C(=O)N(C2=CC(=CN=C2)F)C(C3=CC=CC=C3Cl)C(=O)NC4CC(C4)(F)F)C5=NC=CC(=C5)C#N,C(C1C(C(C(C(O1)OC2C(OC(C(C2O)O)O)CO)O)O)O)O.O
11434065,26924,0,CCCCCCOC(=O)N=C(C1=CC=C(C=C1)NCC2=NC3=C(N2C)C=CC(=C3)C(=O)N(CCC(=O)OCC)C4=CC=CC=N4)N.CS(=O)(=O)O,O[Si](=O)[O-].O[Si](=O)[O-].[O-][Si](=O)[O-].[O-][Si](=O)[O-].[Mg+2].[Mg+2].[Mg+2]
216326,104938,0,C1CC(=O)NC(=O)C1N2CC3=C(C2=O)C=CC=C3N,C(C1C(C(C(C(O1)OC2C(OC(C(C2O)O)O)CO)O)O)O)O.O
11250029,22146182,0,CC1=CC(=CC(=C1CC(C(=O)N(CC2=CC(=C(C=C2)OC)C(=O)O)C(C)C3=NC=C(N3)C4=CC=CC=C4)N)C)C(=O)N,CC(=O)OC=C.C=CO
135413536,5988,0,CC(C1=CC(=CC(=C1)C(F)(F)F)C(F)(F)F)OC2C(N(CCO2)CC3=NNC(=O)N3)C4=CC=C(C=C4)F,C(C1C(C(C(C(O1)OC2(C(C(C(O2)CO)O)O)CO)O)O)O)O
2130,17730,0,C1C2CC3CC1CC(C2)(C3)N,C1=CC(=CC=C1N=NC2=C(C=CC3=C2C=CC(=C3)S(=O)(=O)[O-])O)S(=O)(=O)[O-].[Na+].[Na+]
24776445,26042,0,CS(=O)(=O)C1=CC(=C(C=C1)C(=O)NC2=CC(=C(C=C2)Cl)C3=CC=CC=N3)Cl,O=[Ti]=O
10288191,26924,0,CN1C=NC2=C1C=C(C(=C2F)NC3=C(C=C(C=C3)Br)F)C(=O)NOCCO,O[Si](=O)[O-].O[Si](=O)[O-].[O-][Si](=O)[O-].[O-][Si](=O)[O-].[Mg+2].[Mg+2].[Mg+2]
56649450,26924,0,CC1=C(SC(=N1)NC(=O)N2CCCC2C(=O)N)C3=CC(=NC=C3)C(C)(C)C(F)(F)F,O[Si](=O)[O-].O[Si](=O)[O-].[O-][Si](=O)[O-].[O-][Si](=O)[O-].[Mg+2].[Mg+2].[Mg+2]
11673085,6251,0,CC1CNCCC2=C1C=C(C=C2)Cl.Cl,C(C(C(C(C(CO)O)O)O)O)O
115355,14923,0,C1CC(=O)C(C(=O)C1)C(=O)C2=C(C=C(C=C2)C(F)(F)F)[N+](=O)[O-],[NH4+].[OH-]
5282379,3423265,0,CC1=C(C(CCC1)(C)C)C=CC(=CC=CC(=CC(=O)O)C)C,CCCCCCCCCCCCOS(=O)(=O)[O-].[Na+]
71412,516892,0,CC(CCC1=CC=CC=C1)NCC(C2=CC(=C(C=C2)O)C(=O)N)O.Cl,C(=O)(O)[O-].[Na+]
135565903,2723854,0,CC1=C(C(=[N+](C(=C1Cl)C)[O-])Cl)C2=NOC(=N2)C3=CC(=C(C(=C3)O)O)[N+](=O)[O-],C1=CC2=C(C=C1S(=O)(=O)[O-])C(=C(N2)C3=NC4=C(C3=O)C=C(C=C4)S(=O)(=O)[O-])O.[Na+].[Na+]
60795,2723854,0,C1CC(=O)NC2=C1C=CC(=C2)OCCCCN3CCN(CC3)C4=C(C(=CC=C4)Cl)Cl,C1=CC2=C(C=C1S(=O)(=O)[O-])C(=C(N2)C3=NC4=C(C3=O)C=C(C=C4)S(=O)(=O)[O-])O.[Na+].[Na+]
11065,134601,0,CN(C)CCC=C1C2=CC=CC=C2CCC3=CC=CC=C31.Cl,COC(=O)C(CC1=CC=CC=C1)NC(=O)C(CC(=O)O)N
11751549,5102882,0,CCCCC1=NC(=C(N1CC2=CC=C(C=C2)C3=CC=CC=C3C4=NN=N[N-]4)CO)Cl.[K+],C1(C(C(OC(C1O)O)C(=O)[O-])O)O.[Na+]
214348,3423265,0,C1=CC=C(C(=C1)C2=NN(C(=N2)C3=CC=CC=C3O)C4=CC=C(C=C4)C(=O)O)O,CCCCCCCCCCCCOS(=O)(=O)[O-].[Na+]
130881,26042,0,CCCC1=NC(=C(N1CC2=CC=C(C=C2)C3=CC=CC=C3C4=NNN=N4)C(=O)OCC5=C(OC(=O)O5)C)C(C)(C)O,O=[Ti]=O
135449331,14055602,0,CC1=C(C=C(C=C1)N2C(=O)C(=C(N2)C)N=NC3=CC=CC(=C3O)C4=CC(=CC=C4)C(=O)O)C.C(CO)N.C(CO)N,COC1C(OC(C(C1O)O)OC2C(OC(C(C2O)O)OC)CO)CO
56959,26924,0,CC1=C(C(=CC=C1)C)NC(=O)CN2CCN(CC2)CC(COC3=CC=CC=C3OC)O,O[Si](=O)[O-].O[Si](=O)[O-].[O-][Si](=O)[O-].[O-][Si](=O)[O-].[Mg+2].[Mg+2].[Mg+2]
637568,6328154,0,COC(=O)C=CC(=O)OC,CC(=O)O.C(C(C(C(C(C=O)O)O)O)O)O.[Na]
8857,21226445,1,CCOC(=O)C,[H-].[H-].[H-].[H-].[Li+].[Al+3]
124087,26042,0,C1CC2=C(C=CC(=C2)Cl)C(=C3CCNCC3)C4=C1C=CC=N4,O=[Ti]=O
9578005,5284448,0,CC1=C(C=CN=C1CS(=O)C2=NC3=CC=CC=C3N2)OCC(F)(F)F,CCCCCCCCC=CCCCCCCCC(=O)OCCOCC(C1C(CC(O1)OCCO)OCCO)OCCO
44093,977,1,CC(CS)C(=O)N1CCCC1C(=O)O,O=O
11525740,174,0,CC1=C(C=C(C=C1)NC2=NC=CC(=N2)N(C)C3=CC4=NN(C(=C4C=C3)C)C)S(=O)(=O)N.Cl,C(CO)O
24970412,26042,0,CNCC(C(C(C(CO)O)O)O)O.C1=CC2=C(C=C1C(=O)O)OC(=N2)C3=CC(=CC(=C3)Cl)Cl,O=[Ti]=O
71586738,26447,0,C1CC(C2=C(C=CC=N2)C(C1C3=C(C(=CC=C3)F)F)N)OC(=O)N4CCC(CC4)N5C6=C(NC5=O)N=CC=C6.C1CC(C2=C(C=CC=N2)C(C1C3=C(C(=CC=C3)F)F)N)OC(=O)N4CCC(CC4)N5C6=C(NC5=O)N=CC=C6.O.O.O.OS(=O)(=O)O,CC1CCC(C(=O)C1)C(C)C
110635,26924,0,CN1CC(=O)N2C(C1=O)CC3=C(C2C4=CC5=C(C=C4)OCO5)NC6=CC=CC=C36,O[Si](=O)[O-].O[Si](=O)[O-].[O-][Si](=O)[O-].[O-][Si](=O)[O-].[Mg+2].[Mg+2].[Mg+2]
122201352,6917,0,CNC(=O)C1=C(C=C(C=C1)C2=NN3C(=CN=C3N=C2)CC4=CC5=C(C=C4)N=CC=C5)F.O.Cl.Cl,C=CN1CCCC1=O
71491931,11177,0,C1CCNC(C1)C2(CN(C2)C(=O)C3=C(C(=C(C=C3)F)F)NC4=C(C=C(C=C4)I)F)O.C1CCNC(C1)C2(CN(C2)C(=O)C3=C(C(=C(C=C3)F)F)NC4=C(C=C(C=C4)I)F)O.C(=CC(=O)O)C(=O)O,CCCCCCCCCCCCCCCCCC(=O)[O-].CCCCCCCCCCCCCCCCCC(=O)[O-].[Mg+2]
5282455,104938,0,CC(C)C1=NC(=NC(=C1C=CC(CC(CC(=O)[O-])O)O)C2=CC=C(C=C2)F)N(C)S(=O)(=O)C.CC(C)C1=NC(=NC(=C1C=CC(CC(CC(=O)[O-])O)O)C2=CC=C(C=C2)F)N(C)S(=O)(=O)C.[Ca+2],C(C1C(C(C(C(O1)OC2C(OC(C(C2O)O)O)CO)O)O)O)O.O
5391,19700,0,CN1C2=C(C=C(C=C2)Cl)C(=NC(C1=O)O)C3=CC=CC=C3,CCN(CC1=CC(=CC=C1)S(=O)(=O)[O-])C2=CC=C(C=C2)C(=C3C=CC(=[N+](CC)CC4=CC(=CC=C4)S(=O)(=O)[O-])C=C3)C5=CC=CC=C5S(=O)(=O)[O-].[Na+].[Na+]
9800068,11177,0,CN(C)CC(C1=CC=C(C=C1)O)C2(CCCCC2)O.C(CC(=O)O)C(=O)O,CCCCCCCCCCCCCCCCCC(=O)[O-].CCCCCCCCCCCCCCCCCC(=O)[O-].[Mg+2]
2783,6917,0,CC(C)(C)NCC(C1=CC(=C(C(=C1)Cl)N)Cl)O,C=CN1CCCC1=O
5483,11177,0,CC(C(=O)NCC(=O)O)S,CCCCCCCCCCCCCCCCCC(=O)[O-].CCCCCCCCCCCCCCCCCC(=O)[O-].[Mg+2]
2082,6251,0,CCCSC1=CC2=C(C=C1)N=C(N2)NC(=O)OC,C(C(C(C(C(CO)O)O)O)O)O
10472693,104938,0,CC(C)(CCCCCC(CCCCCC(C)(C)C(=O)O)O)C(=O)O,C(C1C(C(C(C(O1)OC2C(OC(C(C2O)O)O)CO)O)O)O)O.O
9800068,14055602,0,CN(C)CC(C1=CC=C(C=C1)O)C2(CCCCC2)O.C(CC(=O)O)C(=O)O,COC1C(OC(C(C1O)O)OC2C(OC(C(C2O)O)OC)CO)CO
58460047,11177,0,CN1C(=NNC1=O)CN2C=CC(=C(C2=O)OC3=CC(=CC(=C3)C#N)Cl)C(F)(F)F,CCCCCCCCCCCCCCCCCC(=O)[O-].CCCCCCCCCCCCCCCCCC(=O)[O-].[Mg+2]
10077129,6917,0,CCOC(=O)NC1CCC2C(C1)CC3C(C2C=CC4=NC=C(C=C4)C5=CC(=CC=C5)F)C(OC3=O)C.OS(=O)(=O)O,C=CN1CCCC1=O
11434065,14109413,0,CCCCCCOC(=O)N=C(C1=CC=C(C=C1)NCC2=NC3=C(N2C)C=CC(=C3)C(=O)N(CCC(=O)OCC)C4=CC=CC=N4)N.CS(=O)(=O)O,CC(=O)C1CC(=O)C2(C1(CC(=O)C3=C2C(CC4C3(CCC(C4(C)C)O)C)O)C)C
11476460,26042,0,CN1N=C(N=N1)C2=NC=C(C=C2)C3=C(C=C(C=C3)N4CC(OC4=O)COP(=O)(O)O)F,O=[Ti]=O
2249,24441,0,CC(C)NCC(COC1=CC=C(C=C1)CC(=O)N)O,OP(=O)([O-])[O-].[Ca+2]
214348,14055602,0,C1=CC=C(C(=C1)C2=NN(C(=N2)C3=CC=CC=C3O)C4=CC=C(C=C4)C(=O)O)O,COC1C(OC(C(C1O)O)OC2C(OC(C(C2O)O)OC)CO)CO
9924495,26042,0,C1=CC=C(C=C1)N2C=C(C=C(C2=O)C3=CC=CC=C3C#N)C4=CC=CC=N4,O=[Ti]=O
5702160,6581,0,C1=C(N=C(S1)N=C(N)N)CSCCC(=NS(=O)(=O)N)N,C=CC(=O)O
9588170,14055602,0,CON=C1CN(CC1CN)C2=C(C=C3C(=O)C(=CN(C3=N2)C4CC4)C(=O)O)F.CS(=O)(=O)O,COC1C(OC(C(C1O)O)OC2C(OC(C(C2O)O)OC)CO)CO
5479,26042,0,CCS(=O)(=O)CCN1C(=NC=C1[N+](=O)[O-])C,O=[Ti]=O
4075,5281,0,C1=CC(=C(C=C1N)C(=O)O)O,CCCCCCCCCCCCCCCCCC(=O)O
135398508,11177,0,C=C1C(CC(C1CO)O)N2C=NC3=C2N=C(NC3=O)N,CCCCCCCCCCCCCCCCCC(=O)[O-].CCCCCCCCCCCCCCCCCC(=O)[O-].[Mg+2]
71764,6917,0,CN(CCCNC(=O)C1CCCO1)C2=NC3=CC(=C(C=C3C(=N2)N)OC)OC.Cl,C=CN1CCCC1=O
17397714,11177,0,COC1=CC=CC=C1CNC(=O)C2=NOC(=C2)C3=CC=CC=C3,CCCCCCCCCCCCCCCCCC(=O)[O-].CCCCCCCCCCCCCCCCCC(=O)[O-].[Mg+2]
50922675,131751496,0,CC(C)N1C=C(C(=N1)C2=C(C(=CC(=C2)Cl)NS(=O)(=O)C)F)C3=NC(=NC=C3)NCC(C)NC(=O)OC,C1CC(=O)N(C1)C(CP)P
9821849,6328154,0,CC(=O)OC1CCC2(C3CCC4(C(C3CC=C2C1)CC=C4C5=CN=CC=C5)C)C,CC(=O)O.C(C(C(C(C(C=O)O)O)O)O)O.[Na]
34312,14055602,0,C1C2=CC=CC=C2N(C3=CC=CC=C3C1=O)C(=O)N,COC1C(OC(C(C1O)O)OC2C(OC(C(C2O)O)OC)CO)CO
6918313,24261,0,C1CN(CCN1CCCCC2=CNC3=C2C=C(C=C3)C#N)C4=CC5=C(C=C4)OC(=C5)C(=O)N.Cl,O=[Si]=O
130564,33258,0,CC1=CN=C(C(=C1OC)C)CS(=O)C2=NC3=C([N-]2)C=CC(=C3)OC.CC1=CN=C(C(=C1OC)C)CS(=O)C2=NC3=C([N-]2)C=CC(=C3)OC.[Mg+2],CC1=CC(=C(C=C1S(=O)(=O)[O-])OC)N=NC2=C(C=CC3=C2C=CC(=C3)S(=O)(=O)[O-])O.[Na+].[Na+]
30667,2723854,0,CC(C1=NCCN1)OC2=C(C=CC=C2Cl)Cl.Cl,C1=CC2=C(C=C1S(=O)(=O)[O-])C(=C(N2)C3=NC4=C(C3=O)C=C(C=C4)S(=O)(=O)[O-])O.[Na+].[Na+]
67517580,23665634,0,CC1=CN=C(N=C1NC2=CC(=CC=C2)S(=O)(=O)NC(C)(C)C)NC3=CC=C(C=C3)OCCN4CCCC4.O.Cl.Cl,CCCCCCCCCCCCCCCCCCOC(=O)C=CC(=O)[O-].[Na+]
9444,104938,0,C1=NC(=NC(=O)N1C2C(C(C(O2)CO)O)O)N,C(C1C(C(C(C(O1)OC2C(OC(C(C2O)O)O)CO)O)O)O)O.O
3476,23706213,0,CCC1=C(CN(C1=O)C(=O)NCCC2=CC=C(C=C2)S(=O)(=O)NC(=O)NC3CCC(CC3)C)C,CC(=O)[O-].C(C(C(C(C(C=O)O)O)O)O)O.[Na+]
55245,86278134,0,CC#CC1(CCC2C1(CC(C3=C4CCC(=O)C=C4CCC23)C5=CC=C(C=C5)N(C)C)C)O,C(C1C(C(C(C(O1)OC2C(OC(C(C2O)O)OCC3C(C(C(C(O3)OC4C(OC(C(C4O)O)OC5C(OC(C(C5O)O)O)CO)CO)O)O)OC6C(C(C(C(O6)CO)OC7C(C(C(C(O7)CO)O)O)O)O)O)CO)O)O)O)O
14250,14798,1,CCCCCCCCCCCCCC[N+](C)(C)C.[Br-],[OH-].[Na+]
6917,996,1,C=CN1CCCC1=O,C1=CC=C(C=C1)O
221493,11177,0,CC(CCC(=O)O)C1CCC2C1(C(CC3C2C(CC4C3(CCC(C4)O)C)O)O)C,CCCCCCCCCCCCCCCCCC(=O)[O-].CCCCCCCCCCCCCCCCCC(=O)[O-].[Mg+2]
67517580,26042,0,CC1=CN=C(N=C1NC2=CC(=CC=C2)S(=O)(=O)NC(C)(C)C)NC3=CC=C(C=C3)OCCN4CCCC4.O.Cl.Cl,O=[Ti]=O
24970412,1030,0,CNCC(C(C(C(CO)O)O)O)O.C1=CC2=C(C=C1C(=O)O)OC(=N2)C3=CC(=CC(=C3)Cl)Cl,CC(CO)O
124087,174,0,C1CC2=C(C=CC(=C2)Cl)C(=C3CCNCC3)C4=C1C=CC=N4,C(CO)O
63013,3776,0,CN(C)CC1CCCCC1(C2=CC(=CC=C2)OC)O.Cl,CC(C)O
6451150,6328154,0,C1CN2C(=NN=C2C(F)(F)F)CN1C(=O)CC(CC3=CC(=C(C=C3F)F)F)N.OP(=O)(O)O,CC(=O)O.C(C(C(C(C(C=O)O)O)O)O)O.[Na]
6918313,33258,0,C1CN(CCN1CCCCC2=CNC3=C2C=C(C=C3)C#N)C4=CC5=C(C=C4)OC(=C5)C(=O)N.Cl,CC1=CC(=C(C=C1S(=O)(=O)[O-])OC)N=NC2=C(C=CC3=C2C=CC(=C3)S(=O)(=O)[O-])O.[Na+].[Na+]
135398508,26042,0,C=C1C(CC(C1CO)O)N2C=NC3=C2N=C(NC3=O)N,O=[Ti]=O
11167602,14055602,0,CNC(=O)C1=NC=CC(=C1)OC2=CC(=C(C=C2)NC(=O)NC3=CC(=C(C=C3)Cl)C(F)(F)F)F,COC1C(OC(C(C1O)O)OC2C(OC(C(C2O)O)OC)CO)CO
15951529,6328154,0,CC1(C(=O)N(C(=S)N1C2=CC(=C(C=C2)C(=O)NC)F)C3=CC(=C(C=C3)C#N)C(F)(F)F)C,CC(=O)O.C(C(C(C(C(C=O)O)O)O)O)O.[Na]
16203739,2723854,0,CC(C1=CC(=CC(=C1)C(F)(F)F)C(F)(F)F)OCC2(CCC3(CCC(=O)N3)CN2)C4=CC=CC=C4.O.Cl,C1=CC2=C(C=C1S(=O)(=O)[O-])C(=C(N2)C3=NC4=C(C3=O)C=C(C=C4)S(=O)(=O)[O-])O.[Na+].[Na+]
56844015,6850749,0,B1(OC(=O)C(O1)(CC(=O)O)CC(=O)O)C(CC(C)C)NC(=O)CNC(=O)C2=C(C=CC(=C2)Cl)Cl,CC1(C2CCC(C23CC1C(=CC3O)C(=O)O)C(=O)O)CO.C(CCCC(C(CCCCCO)O)O)CCCC(=O)O
24970412,161821,0,CNCC(C(C(C(CO)O)O)O)O.C1=CC2=C(C=C1C(=O)O)OC(=N2)C3=CC(=CC(=C3)Cl)Cl,CC(=O)OC=C.C1=CC=C(C(=C1)C(=O)O)C(=O)O
91270,11177,1,CCOC(=O)C(CCC1=CC=CC=C1)NC(C)C(=O)N2CC3=CC(=C(C=C3CC2C(=O)O)OC)OC,CCCCCCCCCCCCCCCCCC(=O)[O-].CCCCCCCCCCCCCCCCCC(=O)[O-].[Mg+2]
219025,26042,0,CCCCC1=C(C2=C(O1)C=CC(=C2)NS(=O)(=O)C)C(=O)C3=CC=C(C=C3)OCCCN(CCCC)CCCC.Cl,O=[Ti]=O
5754,444041,1,CC12CCC(=O)C=C1CCC3C2C(CC4(C3CCC4(C(=O)CO)O)C)O,C(C1C2C(C(C(O1)OC3C(OC(C(C3O)O)OC4C(OC(C(C4O)O)OC5C(OC(C(C5O)O)OC6C(OC(C(C6O)O)OC7C(OC(C(C7O)O)OC8C(OC(O2)C(C8O)O)CO)CO)CO)CO)CO)CO)O)O)O
443872,6328154,0,CC12CCC(=O)C=C1CC(C3C24C(O4)CC5(C3CCC56CCC(=O)O6)C)C(=O)OC,CC(=O)O.C(C(C(C(C(C=O)O)O)O)O)O.[Na]
86707828,174,0,CC1=CC=C(C=C1)S(=O)(=O)O.CC(C)OC1=C(C=C(C=C1)C2=NN(C3=NC=NC(=C23)N)C(C)C4=C(C(=O)C5=C(O4)C=CC(=C5)F)C6=CC(=CC=C6)F)F,C(CO)O
54892,21862903,1,CCOC(=O)C(CCC1=CC=CC=C1)NC(C)C(=O)N2CC3=CC=CC=C3CC2C(=O)O,O.O.[O-]P(=O)([O-])[O-].[Ca+2].[Ca+2]
24872560,11199,0,CNC(=O)C1=C(C=C(C=C1)N2C(=S)N(C(=O)C23CCC3)C4=CC(=C(N=C4)C#N)C(F)(F)F)F,C=CO
10096344,26042,0,CC#CCN1C2=C(N=C1N3CCCC(C3)N)N(C(=O)N(C2=O)CC4=NC5=CC=CC=C5C(=N4)C)C,O=[Ti]=O
444030,24441,0,C1CN(CC1C(C2=CC=CC=C2)(C3=CC=CC=C3)C(=O)N)CCC4=CC5=C(C=C4)OCC5.Br,OP(=O)([O-])[O-].[Ca+2]
219025,11177,0,CCCCC1=C(C2=C(O1)C=CC(=C2)NS(=O)(=O)C)C(=O)C3=CC=C(C=C3)OCCCN(CCCC)CCCC.Cl,CCCCCCCCCCCCCCCCCC(=O)[O-].CCCCCCCCCCCCCCCCCC(=O)[O-].[Mg+2]
3001055,104938,0,CNC(=C[N+](=O)[O-])NCCSCC1=CC=C(O1)CN(C)C,C(C1C(C(C(C(O1)OC2C(OC(C(C2O)O)O)CO)O)O)O)O.O
4614,11046239,0,C1=CC=C(C=C1)C2=C(OC(=N2)CCC(=O)O)C3=CC=CC=C3,CCCCCCCCCCCC(=O)OCC(C1C(C(CO1)O)O)O
3883,26042,0,CC1=C(C=CN=C1CS(=O)C2=NC3=CC=CC=C3N2)OCC(F)(F)F,O=[Ti]=O
54681908,518696,0,CN(C)C1C2CC3CC4=C(C=CC(=C4C(=C3C(=O)C2(C(=C(C1=O)C(=O)N)O)O)O)O)CN(C)OC,O=[Fe]O[Fe]=O
3036505,14055602,0,C1=CC=C(C=C1)C(=C(C2=CC=CC=C2)C3=CC=C(C=C3)OCCO)CCCl,COC1C(OC(C(C1O)O)OC2C(OC(C(C2O)O)OC)CO)CO
656631,6328154,0,CN1CCCC1CC2=CNC3=C2C=C(C=C3)CCS(=O)(=O)C4=CC=CC=C4.Br,CC(=O)O.C(C(C(C(C(C=O)O)O)O)O)O.[Na]
6918427,26042,0,CC(C)C(CC1=CC(=C(C=C1)OC)OCCCOC)CC(C(CC(C(C)C)C(=O)NCC(C)(C)C(=O)N)O)N.CC(C)C(CC1=CC(=C(C=C1)OC)OCCCOC)CC(C(CC(C(C)C)C(=O)NCC(C)(C)C(=O)N)O)N.C(=CC(=O)O)C(=O)O,O=[Ti]=O
25096873,11177,0,CN(C)C(=O)NC1CCC(CC1)CCN2CCN(CC2)C3=C(C(=CC=C3)Cl)Cl.Cl,CCCCCCCCCCCCCCCCCC(=O)[O-].CCCCCCCCCCCCCCCCCC(=O)[O-].[Mg+2]
158781,11177,0,CCCC1=NC(=C(N1CC2=CC=C(C=C2)C3=CC=CC=C3C4=NNN=N4)C(=O)O)C(C)(C)O,CCCCCCCCCCCCCCCCCC(=O)[O-].CCCCCCCCCCCCCCCCCC(=O)[O-].[Mg+2]
73491,1110,1,CC1C(O1)P(=O)([O-])[O-].[Na+].[Na+],C(CC(=O)O)C(=O)O
16203739,26042,0,CC(C1=CC(=CC(=C1)C(F)(F)F)C(F)(F)F)OCC2(CCC3(CCC(=O)N3)CN2)C4=CC=CC=C4.O.Cl,O=[Ti]=O
9800068,174,0,CN(C)CC(C1=CC=C(C=C1)O)C2(CCCCC2)O.C(CC(=O)O)C(=O)O,C(CO)O
3672,14792,1,CC(C)CC1=CC=C(C=C1)C(C)C(=O)O,O=[Mg]
6450800,6328154,0,CCCCN(CCCC)CC(C1=CC(=CC2=C1C3=C(C2=CC4=CC=C(C=C4)Cl)C=C(C=C3)Cl)Cl)O.CC1CCC2C(C(OC3C24C1CCC(O3)(OO4)C)OC)C,CC(=O)O.C(C(C(C(C(C=O)O)O)O)O)O.[Na]
121587,518696,0,CN1CCC23C=CC(CC2OC4=C(C=CC(=C34)C1)OC)O.Br,O=[Fe]O[Fe]=O
134018,518696,0,CC1=C(SC(=N1)C2=CC(=C(C=C2)OCC(C)C)C#N)C(=O)O,O=[Fe]O[Fe]=O
176871,104938,0,COCCOC1=C(C=C2C(=C1)C(=NC=N2)NC3=CC=CC(=C3)C#C)OCCOC.Cl,C(C1C(C(C(C(O1)OC2C(OC(C(C2O)O)O)CO)O)O)O)O.O
71494926,14055602,0,CC1=C(N=C(C=C1)NC(=O)C2(CC2)C3=CC4=C(C=C3)OC(O4)(F)F)C5=CC(=CC=C5)C(=O)O.CC(C)(C)C1=CC(=C(C=C1NC(=O)C2=CNC3=CC=CC=C3C2=O)O)C(C)(C)C,COC1C(OC(C(C1O)O)OC2C(OC(C(C2O)O)OC)CO)CO
445643,24705,0,CC1CC(C2C(CC(C(O2)(C(=O)C(=O)N3CCCCC3C(=O)OC(C(C(CC(=O)C(C=C(C1)C)CC=C)O)C)C(=CC4CCC(C(C4)OC)O)C)O)C)OC)OC,C[Si](C)(C)O[Si](C)(C)O[Si](C)(C)C
2130,270885,0,C1C2CC3CC1CC(C2)(C3)N,CC(=O)OC=C.C=CN1CCCC1=O
6842999,24261,0,CC1CS(=O)(=O)CCN1N=CC2=CC=C(O2)[N+](=O)[O-],O=[Si]=O
91618104,26042,0,CC(C)OC1=C(C=C(C=C1)C2=NC(=NO2)C3=C4CCC(C4=CC=C3)NCCO)C#N.Cl,O=[Ti]=O
6918486,753,0,CCC1C(=O)N(CC(=O)N(C(C(=O)NC(C(=O)N(C(C(=O)NC(C(=O)NC(C(=O)N(C(C(=O)N(C(C(=O)N(C(C(=O)N(C(C(=O)N1)C(C(C)CC=CC=C)O)C)C(C)C)C)CC(C)C)C)CC(C)C)C)C)C)CC(C)C)C)C(C)C)CC(C)C)C)C,C(C(CO)O)O
52918379,14055602,0,CCCCCCCC(=O)NC(CN1CCCC1)C(C2=CC3=C(C=C2)OCCO3)O.CCCCCCCC(=O)NC(CN1CCCC1)C(C2=CC3=C(C=C2)OCCO3)O.C(C(C(=O)O)O)(C(=O)O)O,COC1C(OC(C(C1O)O)OC2C(OC(C(C2O)O)OC)CO)CO
3478,11177,0,CC1=CN=C(C=N1)C(=O)NCCC2=CC=C(C=C2)S(=O)(=O)NC(=O)NC3CCCCC3,CCCCCCCCCCCCCCCCCC(=O)[O-].CCCCCCCCCCCCCCCCCC(=O)[O-].[Mg+2]
55245,5541,0,CC#CC1(CCC2C1(CC(C3=C4CCC(=O)C=C4CCC23)C5=CC=C(C=C5)N(C)C)C)O,CC(=O)OCC(COC(=O)C)OC(=O)C
406563,11177,0,CC1=CC=C(C=C1)S(=O)(=O)O.CNC(=O)C1=NC=CC(=C1)OC2=CC=C(C=C2)NC(=O)NC3=CC(=C(C=C3)Cl)C(F)(F)F,CCCCCCCCCCCCCCCCCC(=O)[O-].CCCCCCCCCCCCCCCCCC(=O)[O-].[Mg+2]
5717,44134661,0,CC1=CC=CC=C1S(=O)(=O)NC(=O)C2=CC(=C(C=C2)CC3=CN(C4=C3C=C(C=C4)NC(=O)OC5CCCC5)C)OC,C1C(C(OC1N2C=NC3=C(N=CN=C32)N)COP(=O)(O)OP(=O)([O-])OP(=O)(O)[O-])O.[Na+].[Na+]
11001318,1030,0,C1=CC2=C(C=C1C(=O)O)OC(=N2)C3=CC(=CC(=C3)Cl)Cl,CC(CO)O
6917875,71485,0,CN1CC2C(C1)C3=C(C=CC(=C3)Cl)OC4=CC=CC=C24.C(=CC(=O)O)C(=O)O,C(C1C(C(C(C(O1)OC2(C(C(C(O2)CCl)O)O)CCl)O)O)Cl)O
119607,6917,0,CC1=C(C(=NO1)C2=CC=CC=C2)C3=CC=C(C=C3)S(=O)(=O)N,C=CN1CCCC1=O
5361917,131751496,0,C[N+]1(CCC23C4C(=O)CCC2(C1CC5=C3C(=C(C=C5)O)O4)O)CC6CC6.[Br-],C1CC(=O)N(C1)C(CP)P
55245,26042,0,CC#CC1(CCC2C1(CC(C3=C4CCC(=O)C=C4CCC23)C5=CC=C(C=C5)N(C)C)C)O,O=[Ti]=O
134436906,19700,0,CC(C)(COC1=CN2C(=C(C=N2)C#N)C(=C1)C3=CN=C(C=C3)N4CC5CC(C4)N5CC6=CN=C(C=C6)OC)O,CCN(CC1=CC(=CC=C1)S(=O)(=O)[O-])C2=CC=C(C=C2)C(=C3C=CC(=[N+](CC)CC4=CC(=CC=C4)S(=O)(=O)[O-])C=C3)C5=CC=CC=C5S(=O)(=O)[O-].[Na+].[Na+]
2130,11177,0,C1C2CC3CC1CC(C2)(C3)N,CCCCCCCCCCCCCCCCCC(=O)[O-].CCCCCCCCCCCCCCCCCC(=O)[O-].[Mg+2]
134601,24441,1,COC(=O)C(CC1=CC=CC=C1)NC(=O)C(CC(=O)O)N,OP(=O)([O-])[O-].[Ca+2]
65157,6850741,0,CCCCCCCCCCC(=O)OC1CCC2C1(CCC3C2CCC4=CC(=O)CCC34C)C,CC1CCC2(CC1)C(CO2)C.CC1CCC(C(C1)O)C(C)C.CC1CCC(C(C1)OC(=O)C)C(C)C.CC1CCC(C(=O)C1)C(C)C.CC1CCC2=C(C1)OC=C2C.CC1CCC(=C(C)C)C(=O)C1
23668479,6224,0,CC1=NN=C(O1)C(=O)NC(C)(C)C2=NC(=C(C(=O)N2C)[O-])C(=O)NCC3=CC=C(C=C3)F.[K+],C(C(=O)[O-])C(CC(=O)[O-])(C(=O)[O-])O.[Na+].[Na+].[Na+]
11597697,14055602,0,CC(CC1=CC=CC=C1)NC(=O)C(CCCCN)N.CS(=O)(=O)O.CS(=O)(=O)O,COC1C(OC(C(C1O)O)OC2C(OC(C(C2O)O)OC)CO)CO
244,51063134,1,C1=CC=C(C=C1)CO,COCC1C(C(C(C(O1)OC2C(OC(C(C2OC)OC)OC)COC)OC)OC)OC
5962,131411,0,C(CCN)CC(C(=O)O)N,CCOC(=O)C1=C(N(C2=CC(=C(C(=C21)CN(C)C)O)Br)C)CSC3=CC=CC=C3
4908,518696,0,CC(CCCN)NC1=C2C(=CC(=C1)OC)C=CC=N2,O=[Fe]O[Fe]=O
121494085,24261,0,C(C1C(C(C(C(O1)OC2(C(C(C(O2)COS(=O)(=O)O[Al])OS(=O)(=O)O[Al])OS(=O)(=O)O[Al])COS(=O)(=O)O[Al])OS(=O)(=O)O[Al])OS(=O)(=O)O[Al])OS(=O)(=O)O[Al])OS(=O)(=O)O[Al].O.O.O.O.O.O.O.O.O.O.O.O.O.O.O.O.O.O.O.O.[Al],O=[Si]=O
45138699,1030,0,CC1CN(CC(O1)C)C2=NC=C(C=C2)NC(=O)C3=CC=CC(=C3C)C4=CC=C(C=C4)OC(F)(F)F.OP(=O)(O)O.OP(=O)(O)O,CC(CO)O
60795,23706213,0,C1CC(=O)NC2=C1C=CC(=C2)OCCCCN3CCN(CC3)C4=C(C(=CC=C4)Cl)Cl,CC(=O)[O-].C(C(C(C(C(C=O)O)O)O)O)O.[Na+]
16004692,14055602,0,CCCNS(=O)(=O)NC1=C(C(=NC=N1)OCCOC2=NC=C(C=N2)Br)C3=CC=C(C=C3)Br,COC1C(OC(C(C1O)O)OC2C(OC(C(C2O)O)OC)CO)CO
181458,26924,0,CC12CC3CC(C1)(CC(C3)(C2)N)C.Cl,O[Si](=O)[O-].O[Si](=O)[O-].[O-][Si](=O)[O-].[O-][Si](=O)[O-].[Mg+2].[Mg+2].[Mg+2]
59772,23706213,0,CNS(=O)(=O)CC1=CC2=C(C=C1)NC=C2CCN(C)C.C(CC(=O)O)C(=O)O,CC(=O)[O-].C(C(C(C(C(C=O)O)O)O)O)O.[Na+]
71412,11177,0,CC(CCC1=CC=CC=C1)NCC(C2=CC(=C(C=C2)O)C(=O)N)O.Cl,CCCCCCCCCCCCCCCCCC(=O)[O-].CCCCCCCCCCCCCCCCCC(=O)[O-].[Mg+2]
9588170,26042,0,CON=C1CN(CC1CN)C2=C(C=C3C(=O)C(=CN(C3=N2)C4CC4)C(=O)O)F.CS(=O)(=O)O,O=[Ti]=O
3883,19700,0,CC1=C(C=CN=C1CS(=O)C2=NC3=CC=CC=C3N2)OCC(F)(F)F,CCN(CC1=CC(=CC=C1)S(=O)(=O)[O-])C2=CC=C(C=C2)C(=C3C=CC(=[N+](CC)CC4=CC(=CC=C4)S(=O)(=O)[O-])C=C3)C5=CC=CC=C5S(=O)(=O)[O-].[Na+].[Na+]
71764,25100,0,CN(CCCNC(=O)C1CCCO1)C2=NC3=CC(=C(C=C3C(=N2)N)OC)OC.Cl,CCCCCCC(CCCCCCCCCCC(=O)OCC(COC(=O)CCCCCCCCCCC(CCCCCC)O)OC(=O)CCCCCCCCCCC(CCCCCC)O)O
10182969,104938,0,COC1=CC=C(C=C1)N2C3=C(CCN(C3=O)C4=CC=C(C=C4)N5CCCCC5=O)C(=N2)C(=O)N,C(C1C(C(C(C(O1)OC2C(OC(C(C2O)O)O)CO)O)O)O)O.O
181458,11177,0,CC12CC3CC(C1)(CC(C3)(C2)N)C.Cl,CCCCCCCCCCCCCCCCCC(=O)[O-].CCCCCCCCCCCCCCCCCC(=O)[O-].[Mg+2]
9874560,56841934,0,CCCCC(=O)OC1CCC2C1(CCC3C2CCC4=C3C=CC(=C4)O)C.CC12CCC3=C4CCC(=O)C=C4CCC3C1CCC2(CC#N)O,O.O.O.[Fe].[Fe]
107970,24705,0,CCCCCCCCC1=CC=C(C=C1)CCC(CO)(CO)N,C[Si](C)(C)O[Si](C)(C)O[Si](C)(C)C
5479,33258,0,CCS(=O)(=O)CCN1C(=NC=C1[N+](=O)[O-])C,CC1=CC(=C(C=C1S(=O)(=O)[O-])OC)N=NC2=C(C=CC3=C2C=CC(=C3)S(=O)(=O)[O-])O.[Na+].[Na+]
25102846,6328154,0,COC1=CC2=C(C=CN=C2C=C1OC)OC3=CC=C(C=C3)NC(=O)C4(CC4)C(=O)NC5=CC=C(C=C5)F.C(C(C(=O)O)O)C(=O)O,CC(=O)O.C(C(C(C(C(C=O)O)O)O)O)O.[Na]
5311,14055602,0,C1=CC=C(C=C1)NC(=O)CCCCCCC(=O)NO,COC1C(OC(C(C1O)O)OC2C(OC(C(C2O)O)OC)CO)CO
10096344,11177,0,CC#CCN1C2=C(N=C1N3CCCC(C3)N)N(C(=O)N(C2=O)CC4=NC5=CC=CC=C5C(=N4)C)C,CCCCCCCCCCCCCCCCCC(=O)[O-].CCCCCCCCCCCCCCCCCC(=O)[O-].[Mg+2]
2345,516875,1,C1=CC=C(C=C1)COC(=O)C2=CC=CC=C2,[O-][Mn](=O)(=O)=O.[K+]
25127112,11177,0,C1CCC(C1)C(CC#N)N2C=C(C=N2)C3=C4C=CNC4=NC=N3.OP(=O)(O)O,CCCCCCCCCCCCCCCCCC(=O)[O-].CCCCCCCCCCCCCCCCCC(=O)[O-].[Mg+2]
139030242,131751496,0,C1CC1CNC(C2=CC(=C(C=C2)F)NC(=O)C3=CC(=NN3C4=CC=CC(=C4)CN)C(F)(F)F)C5=CC=CC(=C5)C#N.Cl.Cl,C1CC(=O)N(C1)C(CP)P
214348,24261,0,C1=CC=C(C(=C1)C2=NN(C(=N2)C3=CC=CC=C3O)C4=CC=C(C=C4)C(=O)O)O,O=[Si]=O
9280,131751496,0,COC(=O)C(C1CCCCN1)C2=CC=CC=C2.Cl,C1CC(=O)N(C1)C(CP)P
5330286,445709,0,CC1=C(C(=O)N(C2=NC(=NC=C12)NC3=NC=C(C=C3)N4CCNCC4)C5CCCC5)C(=O)C,O.O.O.[Fe]
49843517,14055602,0,CCCCCCOC(C)C1=CC=CC(=C1OC)C2=CSC(=N2)NC(=O)C3=CC(=C(C(=C3)Cl)C=C(C)C(=O)O)Cl,COC1C(OC(C(C1O)O)OC2C(OC(C(C2O)O)OC)CO)CO
449193,174,0,C1CC1COC2=C(C=CC(=C2)C(=O)NC3=C(C=NC=C3Cl)Cl)OC(F)F,C(CO)O
52918379,134159056,0,CCCCCCCC(=O)NC(CN1CCCC1)C(C2=CC3=C(C=C2)OCCO3)O.CCCCCCCC(=O)NC(CN1CCCC1)C(C2=CC3=C(C=C2)OCCO3)O.C(C(C(=O)O)O)(C(=O)O)O,CC(O)OCC1C(C(C(C(O1)OC2C(OC(C(C2OC(C)O)O)OC3C(OC(C(C3OC(C)O)OC)OC(C)O)CO)COC)O)OC)O
2083,24836924,0,CC(C)(C)NCC(C1=CC(=C(C=C1)O)CO)O,CC1C(C(C(C(O1)CO)OC2C(C(C(C(O2)COC3C(C(C(C(O3)CO)OC)O)O)OC4C(C(C(C(O4)CO)OC)O)O)O)O)O)O
55245,5281955,0,CC#CC1(CCC2C1(CC(C3=C4CCC(=O)C=C4CCC23)C5=CC=C(C=C5)N(C)C)C)O,CCCCCCCCC=CCCCCCCCC(=O)OCCOCC(C1C(C(CO1)OCCO)OCCO)OCCO
20279,5780,0,C1C(C(OC1N2C=NC3=C(N=C(N=C32)Cl)N)CO)O,C(C(C(C(C(CO)O)O)O)O)O
6456015,131751496,0,CCN(CC)CCNC(=O)C1=C(NC(=C1C)C=C2C3=C(C=CC(=C3)F)NC2=O)C.C(C(C(=O)O)O)C(=O)O,C1CC(=O)N(C1)C(CP)P
5284359,3806114,1,[Cl-].[Cl-].[Ca+2],C(C(C(=O)[O-])O)(C(=O)[O-])O
118023034,1030,0,CC(C1=CC=C(C=C1)F)(C2=CN=C(N=C2)N3CCN(CC3)C4=NC=NN5C4=CC(=C5)C6=CN(N=C6)C)N,CC(CO)O
65157,154733642,0,CCCCCCCCCCC(=O)OC1CCC2C1(CCC3C2CCC4=CC(=O)CCC34C)C,CCCCCCC(CCCCCCCCCCOC(=O)OCCOCC(COCCOC(=O)OCCCCCCCCCCC(CCCCCC)O)OCCOC(=O)OCCCCCCCCCCC(CCCCCC)O)O
16004692,5287971,0,CCCNS(=O)(=O)NC1=C(C(=NC=N1)OCCOC2=NC=C(C=N2)Br)C3=CC=C(C=C3)Br,CCCCCCCCCCCCCCCC(=O)OCC(COP(=O)([O-])OCC[N+](C)(C)C)OC(=O)CCCCCCCC=CCC=CCCCCC
51081,6134,1,CCN1C=C(C(=O)C2=CC(=C(C=C21)N3CCN(CC3)C)F)C(=O)O,C(C1C(C(C(C(O1)OC2C(OC(C(C2O)O)O)CO)O)O)O)O
9871419,26924,0,CCCSC1=NC(=C2C(=N1)N(N=N2)C3CC(C(C3O)O)OCCO)NC4CC4C5=CC(=C(C=C5)F)F,O[Si](=O)[O-].O[Si](=O)[O-].[O-][Si](=O)[O-].[O-][Si](=O)[O-].[Mg+2].[Mg+2].[Mg+2]
16158208,6106,0,CC1C(=O)NC2CSSCC3C(=O)NC(C(=O)NC(C(=O)NC(CSSCC(NC(=O)CNC(=O)C(NC2=O)C(C)O)C(=O)NC(CC4=CC=C(C=C4)O)C(=O)O)C(=O)NC(CSSCC(C(=O)N3)N)C(=O)NC(C(=O)N5CCCC5C(=O)N1)CC(=O)N)CC6=CC=C(C=C6)O)CCC(=O)O,CC(C)CC(C(=O)O)N
10034073,11199,0,CCC1C=C(C(CC=CC=C(C(=O)OC(CC=C(C=C(C1OC2C(C(C(C(O2)(C)C)OC(=O)C(C)C)O)O)C)C)C(C)O)COC3C(C(C(C(O3)C)OC(=O)C4=C(C(=C(C(=C4O)Cl)O)Cl)CC)O)OC)O)C,C=CO
62937,26042,0,CC(C)NCC(COC1=CC=C(C=C1)CCOC)O.CC(C)NCC(COC1=CC=C(C=C1)CCOC)O.C(CC(=O)O)C(=O)O,O=[Ti]=O
3081361,104805,0,CN1CCC(CC1)COC2=C(C=C3C(=C2)N=CN=C3NC4=C(C=C(C=C4)Br)F)OC,O.O.OP(=O)([O-])[O-].[Ca+2]
159269,26042,0,CC1=CN(C(=O)NC1=O)C2CC(C(O2)CO)O,O=[Ti]=O
3002977,24441,0,CC1=NN=C(N1C2CC3CCC(C2)N3CCC(C4=CC=CC=C4)NC(=O)C5CCC(CC5)(F)F)C(C)C,OP(=O)([O-])[O-].[Ca+2]
16214875,4873,0,CN1C=NC2=C1C=C(C(=C2F)NC3=C(C=C(C=C3)Br)Cl)C(=O)NOCCO.OS(=O)(=O)O,[Cl-].[K+]
16220172,121950,0,CC(C)(C)C1=CC(=C(C=C1NC(=O)C2=CNC3=CC=CC=C3C2=O)O)C(C)(C)C,CC(CO)O.CC(=O)O.CO.C(CC(=O)O)C(=O)O
5311037,14055602,0,CCN1C2=C(C(=O)N(C1=O)CC)N(C(=N2)C=CC3=CC(=C(C=C3)OC)OC)C,COC1C(OC(C(C1O)O)OC2C(OC(C(C2O)O)OC)CO)CO
5361917,6328154,0,C[N+]1(CCC23C4C(=O)CCC2(C1CC5=C3C(=C(C=C5)O)O4)O)CC6CC6.[Br-],CC(=O)O.C(C(C(C(C(C=O)O)O)O)O)O.[Na]
57379345,1030,0,CC1=CC(=C(C=C1C2CCNCC2)OC(C)C)NC3=NC=C(C(=N3)NC4=CC=CC=C4S(=O)(=O)C(C)C)Cl,CC(CO)O
63013,6917,0,CN(C)CC1CCCCC1(C2=CC(=CC=C2)OC)O.Cl,C=CN1CCCC1=O
11274333,11177,0,CS(=O)(=O)O.C1CN(CCC1NC(=O)C2=CC=CC=C2C3=CC=C(C=C3)C(F)(F)F)CCCCC4(C5=CC=CC=C5C6=CC=CC=C64)C(=O)NCC(F)(F)F,CCCCCCCCCCCCCCCCCC(=O)[O-].CCCCCCCCCCCCCCCCCC(=O)[O-].[Mg+2]
44610678,518696,0,CC1=CC=C(C=C1)S(=O)(=O)O.CN1CCC2=C(C1)SC(=N2)C(=O)NC3CC(CCC3NC(=O)C(=O)NC4=NC=C(C=C4)Cl)C(=O)N(C)C,O=[Fe]O[Fe]=O
16220172,14055602,0,CC(C)(C)C1=CC(=C(C=C1NC(=O)C2=CNC3=CC=CC=C3C2=O)O)C(C)(C)C,COC1C(OC(C(C1O)O)OC2C(OC(C(C2O)O)OC)CO)CO
3883,6433718,0,CC1=C(C=CN=C1CS(=O)C2=NC3=CC=CC=C3N2)OCC(F)(F)F,C1=C2C(=C(C(=C1Br)[O-])Br)OC3=C(C(=C(C=C3C24C5=C(C(=C(C(=C5Cl)Cl)Cl)Cl)C(=O)O4)Br)[O-])Br.[Na+].[Na+]
17397714,26042,0,COC1=CC=CC=C1CNC(=O)C2=NOC(=C2)C3=CC=CC=C3,O=[Ti]=O
9280,24261,0,COC(=O)C(C1CCCCN1)C2=CC=CC=C2.Cl,O=[Si]=O
3672,121950,0,CC(C)CC1=CC=C(C=C1)C(C)C(=O)O,CC(CO)O.CC(=O)O.CO.C(CC(=O)O)C(=O)O
5486971,26042,0,CC(C)CC(CC(=O)O)CN,O=[Ti]=O
51039094,26042,0,CC1=C(C=CC(=C1)NC2=NC=NC3=C2C=C(C=C3)NC4=NC(CO4)(C)C)OC5=CC6=NC=NN6C=C5,O=[Ti]=O
46892186,26924,0,CC1=NN(C=N1)C2=NC=C(C3=C2N(C=C3C(=O)C(=O)N4CCN(CC4)C(=O)C5=CC=CC=C5)COP(=O)(O)O)OC.C(C(CO)(CO)N)O,O[Si](=O)[O-].O[Si](=O)[O-].[O-][Si](=O)[O-].[O-][Si](=O)[O-].[Mg+2].[Mg+2].[Mg+2]
55245,24261,0,CC#CC1(CCC2C1(CC(C3=C4CCC(=O)C=C4CCC23)C5=CC=C(C=C5)N(C)C)C)O,O=[Si]=O
4539,71306830,0,CCN1C=C(C(=O)C2=CC(=C(C=C21)N3CCNCC3)F)C(=O)O,CC(COCC1C(C(C(C(O1)OC2C(OC(C(C2OCC(C)O)OCC(C)O)OCC(C)O)COCC(C)O)OCC(C)O)OCC(C)O)OCC(C)O)O
9913767,24836924,0,CC(C)N(CCCCOCC(=O)NS(=O)(=O)C)C1=CN=C(C(=N1)C2=CC=CC=C2)C3=CC=CC=C3,CC1C(C(C(C(O1)CO)OC2C(C(C(C(O2)COC3C(C(C(C(O3)CO)OC)O)O)OC4C(C(C(C(O4)CO)OC)O)O)O)O)O)O
60606,62551,1,COC(=O)C(C1=CC=CC=C1Cl)N2CCC3=C(C2)C=CS3,C(COCCOCCOCCOCCO)O
134780,6251,0,C1CC(=O)NC(=O)C1N2C(=O)C3=C(C2=O)C(=CC=C3)N,C(C(C(C(C(CO)O)O)O)O)O
54681908,26924,0,CN(C)C1C2CC3CC4=C(C=CC(=C4C(=C3C(=O)C2(C(=C(C1=O)C(=O)N)O)O)O)O)CN(C)OC,O[Si](=O)[O-].O[Si](=O)[O-].[O-][Si](=O)[O-].[O-][Si](=O)[O-].[Mg+2].[Mg+2].[Mg+2]
121396,14055602,0,C(CC(=O)O)C(C(=O)O)NC(=O)N,COC1C(OC(C(C1O)O)OC2C(OC(C(C2O)O)OC)CO)CO
9280,26924,0,COC(=O)C(C1CCCCN1)C2=CC=CC=C2.Cl,O[Si](=O)[O-].O[Si](=O)[O-].[O-][Si](=O)[O-].[O-][Si](=O)[O-].[Mg+2].[Mg+2].[Mg+2]
158781,6251,0,CCCC1=NC(=C(N1CC2=CC=C(C=C2)C3=CC=CC=C3C4=NNN=N4)C(=O)O)C(C)(C)O,C(C(C(C(C(CO)O)O)O)O)O
3001055,6134,1,CNC(=C[N+](=O)[O-])NCCSCC1=CC=C(O1)CN(C)C,C(C1C(C(C(C(O1)OC2C(OC(C(C2O)O)O)CO)O)O)O)O
54675776,56841936,1,CC1(C2CC3C(C(=O)C(=C(C3(C(=O)C2=C(C4=C1C=CC=C4O)O)O)O)C(=O)N)N(C)C)O,O.O.O=[Al]O[Si](=O)O[Si](=O)O[Al]=O
23668479,56841934,0,CC1=NN=C(O1)C(=O)NC(C)(C)C2=NC(=C(C(=O)N2C)[O-])C(=O)NCC3=CC=C(C=C3)F.[K+],O.O.O.[Fe].[Fe]
15606394,11177,0,CN(C)CC=CC(=O)NC1=C(C=C2C(=C1)C(=NC=N2)NC3=CC(=C(C=C3)F)Cl)OC4CCOC4.C(=CC(=O)O)C(=O)O.C(=CC(=O)O)C(=O)O,CCCCCCCCCCCCCCCCCC(=O)[O-].CCCCCCCCCCCCCCCCCC(=O)[O-].[Mg+2]
1727,14055602,0,C1=CN=CC=C1N,COC1C(OC(C(C1O)O)OC2C(OC(C(C2O)O)OC)CO)CO
52918379,26042,0,CCCCCCCC(=O)NC(CN1CCCC1)C(C2=CC3=C(C=C2)OCCO3)O.CCCCCCCC(=O)NC(CN1CCCC1)C(C2=CC3=C(C=C2)OCCO3)O.C(C(C(=O)O)O)(C(=O)O)O,O=[Ti]=O
5483,4093,0,CC(C(=O)NCC(=O)O)S,CC(=C)C(=O)O
46216142,6917,0,CC1CCOC2N1C(=O)C3=C(C(=O)C(=CN3C2)C(=O)NCC4=C(C=C(C=C4)F)F)[O-].[Na+],C=CN1CCCC1=O
67462786,6251,0,CC(C)NCCN(C1=CC2=NC(=CN=C2C=C1)C3=CN(N=C3)C)C4=CC(=CC(=C4)OC)OC,C(C(C(C(C(CO)O)O)O)O)O
67462786,11177,0,CC(C)NCCN(C1=CC2=NC(=CN=C2C=C1)C3=CN(N=C3)C)C4=CC(=CC(=C4)OC)OC,CCCCCCCCCCCCCCCCCC(=O)[O-].CCCCCCCCCCCCCCCCCC(=O)[O-].[Mg+2]
2130,174,0,C1C2CC3CC1CC(C2)(C3)N,C(CO)O
5362065,6251,0,C=CC1=C(N2C(C(C2=O)NC(=O)C(=NOCC(=O)O)C3=CSC(=N3)N)SC1)C(=O)O,C(C(C(C(C(CO)O)O)O)O)O
71657455,14055602,0,C1CC(=O)N(C1C(=O)N(C2=CC(=CN=C2)F)C(C3=CC=CC=C3Cl)C(=O)NC4CC(C4)(F)F)C5=NC=CC(=C5)C#N,COC1C(OC(C(C1O)O)OC2C(OC(C(C2O)O)OC)CO)CO
5311,26042,0,C1=CC=C(C=C1)NC(=O)CCCCCCC(=O)NO,O=[Ti]=O
54840,6134,0,CC1=CC=CC=C1OC(CCNC)C2=CC=CC=C2.Cl,C(C1C(C(C(C(O1)OC2C(OC(C(C2O)O)O)CO)O)O)O)O
5280965,6049,1,CC1C=CC=CC=CC=CC=CC=CC=CC(CC2C(C(CC(O2)(CC(CC(C(CCC(CC(CC(=O)OC(C(C1O)C)C)O)O)O)O)O)O)O)C(=O)O)OC3C(C(C(C(O3)C)O)N)O,C(CN(CC(=O)O)CC(=O)O)N(CC(=O)O)CC(=O)O
107952,24203,0,CC(C)NCC(COC1=CC=C(C=C1)CCOCC2CC2)O.Cl,OP(=O)([O-])[O-].[Na+].[Na+]
6918248,104938,0,C1CN(CCN1CCN2C3=CC=CC=C3NC2=O)C4=CC=CC(=C4)C(F)(F)F,C(C1C(C(C(C(O1)OC2C(OC(C(C2O)O)O)CO)O)O)O)O.O
115355,1030,0,C1CC(=O)C(C(=O)C1)C(=O)C2=C(C=C(C=C2)C(F)(F)F)[N+](=O)[O-],CC(CO)O
11626560,24261,0,CC(C1=C(C=CC(=C1Cl)F)Cl)OC2=C(N=CC(=C2)C3=CN(N=C3)C4CCNCC4)N,O=[Si]=O
456199,24261,0,C1C(COC2=NC(=CN21)[N+](=O)[O-])OCC3=CC=C(C=C3)OC(F)(F)F,O=[Si]=O
11551689,131751496,0,C1CCN(CC1)CCCOCCCC2=CC=C(C=C2)Cl.Cl,C1CC(=O)N(C1)C(CP)P
11363176,6328154,0,CCCN=C1N(C(=O)C(=CC2=CC(=C(C=C2)OCC(CO)O)Cl)S1)C3=CC=CC=C3C,CC(=O)O.C(C(C(C(C(C=O)O)O)O)O)O.[Na]
24812758,518696,0,CC1=C(C=C(C=C1)C2C(C(C(C(O2)CO)O)O)O)CC3=CC=C(S3)C4=CC=C(C=C4)F,O=[Fe]O[Fe]=O
156418,131751496,0,CC(C1=CC=CC2=CC=CC=C21)NCCCC3=CC(=CC=C3)C(F)(F)F.Cl,C1CC(=O)N(C1)C(CP)P
5962,284,0,C(CCN)CC(C(=O)O)N,C(=O)O
4495,24441,0,CS(=O)(=O)NC1=C(C=C(C=C1)[N+](=O)[O-])OC2=CC=CC=C2,OP(=O)([O-])[O-].[Ca+2]
54697325,518696,0,CC(C)(C)CNCC1=CC(=C2CC3CC4C(C(=O)C(=C(C4(C(=O)C3=C(C2=C1O)O)O)O)C(=O)N)N(C)C)N(C)C,O=[Fe]O[Fe]=O
60834,121950,0,CNCCC(C1=CC=CS1)OC2=CC=CC3=CC=CC=C32.Cl,CC(CO)O.CC(=O)O.CO.C(CC(=O)O)C(=O)O
16088021,263,0,CN1C(=O)C=C(N(C1=O)CC2=CC=CC=C2C#N)N3CCCC(C3)N.C1=CC=C(C=C1)C(=O)O,CCCCO
3599,11177,0,CCCCCCCCCCCCCCCCOP(=O)([O-])OCC[N+](C)(C)C,CCCCCCCCCCCCCCCCCC(=O)[O-].CCCCCCCCCCCCCCCCCC(=O)[O-].[Mg+2]
5281040,6251,0,CC(C)(C1=CC=CC=C1CCC(C2=CC=CC(=C2)C=CC3=NC4=C(C=CC(=C4)Cl)C=C3)SCC5(CC5)CC(=O)O)O,C(C(C(C(C(CO)O)O)O)O)O
129228,24261,0,C1=CC(=C(C(=C1)F)CN2C=C(N=N2)C(=O)N)F,O=[Si]=O
44610678,174,0,CC1=CC=C(C=C1)S(=O)(=O)O.CN1CCC2=C(C1)SC(=N2)C(=O)NC3CC(CCC3NC(=O)C(=O)NC4=NC=C(C=C4)Cl)C(=O)N(C)C,C(CO)O
158781,26924,0,CCCC1=NC(=C(N1CC2=CC=C(C=C2)C3=CC=CC=C3C4=NNN=N4)C(=O)O)C(C)(C)O,O[Si](=O)[O-].O[Si](=O)[O-].[O-][Si](=O)[O-].[O-][Si](=O)[O-].[Mg+2].[Mg+2].[Mg+2]
158781,24748,0,CCCC1=NC(=C(N1CC2=CC=C(C=C2)C3=CC=CC=C3C4=NNN=N4)C(=O)O)C(C)(C)O,CC(=O)O.C(C(C(C(C(C=O)O)O)O)O)O
4173,6917,0,CC1=NC=C(N1CCO)[N+](=O)[O-],C=CN1CCCC1=O
45375808,24261,0,CC(C)OC(=O)C(C)NP(=O)(OCC1C(C(C(O1)N2C=CC(=O)NC2=O)(C)F)O)OC3=CC=CC=C3,O=[Si]=O
34359,17730,0,CC(CC1=CC(=C(C=C1)O)O)(C(=O)O)NN,C1=CC(=CC=C1N=NC2=C(C=CC3=C2C=CC(=C3)S(=O)(=O)[O-])O)S(=O)(=O)[O-].[Na+].[Na+]
2249,311,1,CC(C)NCC(COC1=CC=C(C=C1)CC(=O)N)O,C(C(=O)O)C(CC(=O)O)(C(=O)O)O
5391,518696,0,CN1C2=C(C=C(C=C2)Cl)C(=NC(C1=O)O)C3=CC=CC=C3,O=[Fe]O[Fe]=O
6451150,23706213,0,C1CN2C(=NN=C2C(F)(F)F)CN1C(=O)CC(CC3=CC(=C(C=C3F)F)F)N.OP(=O)(O)O,CC(=O)[O-].C(C(C(C(C(C=O)O)O)O)O)O.[Na+]
50905713,26042,0,CC(C1=CC2=C(C(=CC=C2)Cl)C(=O)N1C3=CC=CC=C3)NC4=NC=NC5=C4NC=N5,O=[Ti]=O
5665,237332,1,C=CC(CCC(=O)O)N,C1=C(OC(=C1)C=O)CO
5362065,33258,0,C=CC1=C(N2C(C(C2=O)NC(=O)C(=NOCC(=O)O)C3=CSC(=N3)N)SC1)C(=O)O,CC1=CC(=C(C=C1S(=O)(=O)[O-])OC)N=NC2=C(C=CC3=C2C=CC(=C3)S(=O)(=O)[O-])O.[Na+].[Na+]
219078,24261,0,CC(=O)NC(COC)C(=O)NCC1=CC=CC=C1,O=[Si]=O
6093208,6587,1,[OH-].[OH-].[Ca+2],CC[N+](=O)[O-]
11561674,11177,0,CCOC1=C(C=CC(=C1)C(CS(=O)(=O)C)N2C(=O)C3=C(C2=O)C(=CC=C3)NC(=O)C)OC,CCCCCCCCCCCCCCCCCC(=O)[O-].CCCCCCCCCCCCCCCCCC(=O)[O-].[Mg+2]
14986,23954,1,CC1=C(C=C2CCC(OC2=C1C)(C)CCCC(C)CCCC(C)CCCC(C)C)O,[Ag]
219078,294,0,CC(=O)NC(COC)C(=O)NCC1=CC=CC=C1,C(C1C(C(C(C(O1)OC2C(OC(C(C2O)O)O)CO)O)O)O)O
20058,24832091,0,CC(=O)OCC1C(C(C(O1)N2C=CC(=O)NC2=O)OC(=O)C)OC(=O)C,CCOCC1C(C(C(C(O1)OC)OCC)OCC)OC2C(C(C(C(O2)CO)OC)O)O
51039094,11199,0,CC1=C(C=CC(=C1)NC2=NC=NC3=C2C=C(C=C3)NC4=NC(CO4)(C)C)OC5=CC6=NC=NN6C=C5,C=CO
4763,6635,0,CCC1(C(=O)NC(=O)NC1=O)C2=CC=CC=C2,C1=CC(=CC=C1OS(=O)(=O)C2=CC=C(C=C2)Cl)Cl
54840,24832091,0,CC1=CC=CC=C1OC(CCNC)C2=CC=CC=C2.Cl,CCOCC1C(C(C(C(O1)OC)OCC)OCC)OC2C(C(C(C(O2)CO)OC)O)O
62937,6506,0,CC(C)NCC(COC1=CC=C(C=C1)CCOC)O.CC(C)NCC(COC1=CC=C(C=C1)CCOC)O.C(CC(=O)O)C(=O)O,CCOC(=O)CC(CC(=O)OCC)(C(=O)OCC)O
66370,23663939,1,C(C1C(C(C(C(O1)O)O)O)O)O.O,CC1=C(C=CC2=C1OC(=O)C(=C2[O-])NC(=O)C3=CC(=C(C=C3)O)CC=C(C)C)OC4C(C(C(C(O4)(C)C)OC)OC(=O)N)O.[Na+]
11363176,24261,0,CCCN=C1N(C(=O)C(=CC2=CC(=C(C=C2)OCC(CO)O)Cl)S1)C3=CC=CC=C3C,O=[Si]=O
60877,11177,0,C1C(OC(S1)CO)N2C=C(C(=NC2=O)N)F,CCCCCCCCCCCCCCCCCC(=O)[O-].CCCCCCCCCCCCCCCCCC(=O)[O-].[Mg+2]
50992434,26042,0,CC1=C2C(=C(N(C1=O)C)NC3=C(C=C(C=C3)I)F)C(=O)N(C(=O)N2C4=CC=CC(=C4)NC(=O)C)C5CC5.CS(=O)C,O=[Ti]=O
11547978,164825,0,CC1=CC(=NO1)NC(=O)NC2=C(C=C(C=C2)OC3=C4C=C(C(=CC4=NC=C3)OC)OC)Cl.O.Cl,C1=CC(=CC=C1N=NC2C(=NN(C2=O)C3=CC=C(C=C3)S(=O)(=O)[O-])C(=O)[O-])S(=O)(=O)[O-].[Na+].[Na+].[Na+]
60871,104938,0,CC(C)(C)C(=O)OCOP(=O)(COCCN1C=NC2=C(N=CN=C21)N)OCOC(=O)C(C)(C)C,C(C1C(C(C(C(O1)OC2C(OC(C(C2O)O)O)CO)O)O)O)O.O
11363176,14789,0,CCCN=C1N(C(=O)C(=CC2=CC(=C(C=C2)OCC(CO)O)Cl)S1)C3=CC=CC=C3C,O[Fe]=O.O[Fe]=O.[Fe]
60825,6917,0,C1C(OC(S1)CO)N2C=CC(=NC2=O)N,C=CN1CCCC1=O
5362119,6251,0,C1CC(N(C1)C(=O)C(CCCCN)NC(CCC2=CC=CC=C2)C(=O)O)C(=O)O,C(C(C(C(C(CO)O)O)O)O)O
5330286,6433516,0,CC1=C(C(=O)N(C2=NC(=NC=C12)NC3=NC=C(C=C3)N4CCNCC4)C5CCCC5)C(=O)C,CO[Si](C)(C)O[Si](C)(C)C.O=[Si]=O
67171867,6328154,0,CC(CN1C=CC(=N1)C2=CC(=C(C=C2)C#N)Cl)NC(=O)C3=NNC(=C3)C(C)O,CC(=O)O.C(C(C(C(C(C=O)O)O)O)O)O.[Na]
4409,11177,0,CC(=O)CCC1=CC2=C(C=C1)C=C(C=C2)OC,CCCCCCCCCCCCCCCCCC(=O)[O-].CCCCCCCCCCCCCCCCCC(=O)[O-].[Mg+2]
2783,104938,0,CC(C)(C)NCC(C1=CC(=C(C(=C1)Cl)N)Cl)O,C(C1C(C(C(C(O1)OC2C(OC(C(C2O)O)O)CO)O)O)O)O.O
15951529,8456,0,CC1(C(=O)N(C(=S)N1C2=CC(=C(C=C2)C(=O)NC)F)C3=CC(=C(C=C3)C#N)C(F)(F)F)C,CC(C)(C)C1=C(C=CC(=C1)OC)O
53239799,3423265,0,CCC1=CC2=C(C=C1N3CCC(CC3)N4CCOCC4)C(C5=C(C2=O)C6=C(N5)C=C(C=C6)C#N)(C)C.Cl,CCCCCCCCCCCCOS(=O)(=O)[O-].[Na+]
46908927,174,0,CC1=C(C=C(C=C1)C(=O)NC2=CC(=C(C=C2)CN3CCN(CC3)C)C(F)(F)F)C#CC4=CN=C5N4N=CC=C5.Cl,C(CO)O
67683363,270885,0,CC1CCC(N1C(=O)C(C(C)C)NC(=O)OC)C2=NC3=C(N2)C=CC4=CC5=C(C=C43)OCC6=C5C=CC(=C6)C7=CN=C(N7)C8CC(CN8C(=O)C(C9=CC=CC=C9)NC(=O)OC)COC,CC(=O)OC=C.C=CN1CCCC1=O
5391,21862903,1,CN1C2=C(C=C(C=C2)Cl)C(=NC(C1=O)O)C3=CC=CC=C3,O.O.[O-]P(=O)([O-])[O-].[Ca+2].[Ca+2]
11250029,518696,0,CC1=CC(=CC(=C1CC(C(=O)N(CC2=CC(=C(C=C2)OC)C(=O)O)C(C)C3=NC=C(N3)C4=CC=CC=C4)N)C)C(=O)N,O=[Fe]O[Fe]=O
6436173,9839867,0,CC1C=CC=C(C(=O)NC2=C(C3=C(C4=C(C(=C3O)C)OC(C4=O)(OC=CC(C(C(C(C(C(C1O)C)O)C)OC(=O)C)C)OC)C)C5=C2N6C=CC(=CC6=N5)C)O)C,C(CN(CC(=O)O)CC(=O)O)N(CC(=O)O)CC(=O)O.[Na+]
148195,1030,0,C1CN(CCC1CC(=O)N2CCC(CC2)C3C4=C(CCC5=C3N=CC(=C5)Br)C=C(C=C4Br)Cl)C(=O)N,CC(CO)O
10288191,174,0,CN1C=NC2=C1C=C(C(=C2F)NC3=C(C=C(C=C3)Br)F)C(=O)NOCCO,C(CO)O
121396,6328154,0,C(CC(=O)O)C(C(=O)O)NC(=O)N,CC(=O)O.C(C(C(C(C(C=O)O)O)O)O)O.[Na]
5361917,3423265,0,C[N+]1(CCC23C4C(=O)CCC2(C1CC5=C3C(=C(C=C5)O)O4)O)CC6CC6.[Br-],CCCCCCCCCCCCOS(=O)(=O)[O-].[Na+]
5280445,11177,1,C1=CC(=C(C=C1C2=CC(=O)C3=C(C=C(C=C3O2)O)O)O)O,CCCCCCCCCCCCCCCCCC(=O)[O-].CCCCCCCCCCCCCCCCCC(=O)[O-].[Mg+2]
56959,56841934,0,CC1=C(C(=CC=C1)C)NC(=O)CN2CCN(CC2)CC(COC3=CC=CC=C3OC)O,O.O.O.[Fe].[Fe]
4763,11177,0,CCC1(C(=O)NC(=O)NC1=O)C2=CC=CC=C2,CCCCCCCCCCCCCCCCCC(=O)[O-].CCCCCCCCCCCCCCCCCC(=O)[O-].[Mg+2]
86346053,2723854,0,CC1CCC23CCC(=O)C2C1(C(CC(C(C3C)O)(C)C=C)OC(=O)CSC4CCC(CC4O)N)C.CC(=O)O,C1=CC2=C(C=C1S(=O)(=O)[O-])C(=C(N2)C3=NC4=C(C3=O)C=C(C=C4)S(=O)(=O)[O-])O.[Na+].[Na+]
56649450,16211978,0,CC1=C(SC(=N1)NC(=O)N2CCCC2C(=O)N)C3=CC(=NC=C3)C(C)(C)C(F)(F)F,O=[Fe].O=[Fe]O[Fe]=O
24872560,26042,0,CNC(=O)C1=C(C=C(C=C1)N2C(=S)N(C(=O)C23CCC3)C4=CC(=C(N=C4)C#N)C(F)(F)F)F,O=[Ti]=O
16220172,6328154,0,CC(C)(C)C1=CC(=C(C=C1NC(=O)C2=CNC3=CC=CC=C3C2=O)O)C(C)(C)C,CC(=O)O.C(C(C(C(C(C=O)O)O)O)O)O.[Na]
44516822,1030,0,CC(C)(C)C1=NC(=C(S1)C2=NC(=NC=C2)N)C3=C(C(=CC=C3)NS(=O)(=O)C4=C(C=CC=C4F)F)F.CS(=O)(=O)O,CC(CO)O
56959,11177,0,CC1=C(C(=CC=C1)C)NC(=O)CN2CCN(CC2)CC(COC3=CC=CC=C3OC)O,CCCCCCCCCCCCCCCCCC(=O)[O-].CCCCCCCCCCCCCCCCCC(=O)[O-].[Mg+2]
44232548,6328154,0,CC(C)C1=NC(=CS1)CN(C)C(=O)NC(CCN2CCOCC2)C(=O)NC(CCC(CC3=CC=CC=C3)NC(=O)OCC4=CN=CS4)CC5=CC=CC=C5.CC(C)C(CO)N1C=C(C(=O)C2=C1C=C(C(=C2)CC3=C(C(=CC=C3)Cl)F)OC)C(=O)O.CC(C)OC(=O)OCOP(=O)(COC(C)CN1C=NC2=C(N=CN=C21)N)OCOC(=O)OC(C)C.C1C(OC(S1)CO)N2C=C(C(=NC2=O)N)F.C(=CC(=O)O)C(=O)O,CC(=O)O.C(C(C(C(C(C=O)O)O)O)O)O.[Na]
6014,2723816,0,CC(CN1C2=CC=CC=C2SC3=CC=CC=C31)N(C)C.Cl,CCC(=O)[O-].[Na+]
16203739,5284448,0,CC(C1=CC(=CC(=C1)C(F)(F)F)C(F)(F)F)OCC2(CCC3(CCC(=O)N3)CN2)C4=CC=CC=C4.O.Cl,CCCCCCCCC=CCCCCCCCC(=O)OCCOCC(C1C(CC(O1)OCCO)OCCO)OCCO
5311037,11199,0,CCN1C2=C(C(=O)N(C1=O)CC)N(C(=N2)C=CC3=CC(=C(C=C3)OC)OC)C,C=CO
10220503,11177,0,CCC(=O)NCC1CC1C2=C3CCOC3=CC=C2,CCCCCCCCCCCCCCCCCC(=O)[O-].CCCCCCCCCCCCCCCCCC(=O)[O-].[Mg+2]
11672491,174,0,CC(C)COC1=CC=C(C=C1)CNC(=O)N(CC2=CC=C(C=C2)F)C3CCN(CC3)C.CC(C)COC1=CC=C(C=C1)CNC(=O)N(CC2=CC=C(C=C2)F)C3CCN(CC3)C.C(C(C(=O)O)O)(C(=O)O)O,C(CO)O
6093208,1118,1,[OH-].[OH-].[Ca+2],OS(=O)(=O)O
5284583,174,0,CCC(C(=O)N)N1CCCC1=O,C(CO)O
23725625,6850749,0,C1CC1C(=O)N2CCN(CC2)C(=O)C3=C(C=CC(=C3)CC4=NNC(=O)C5=CC=CC=C54)F,CC1(C2CCC(C23CC1C(=CC3O)C(=O)O)C(=O)O)CO.C(CCCC(C(CCCCCO)O)O)CCCC(=O)O
2130,5234,0,C1C2CC3CC1CC(C2)(C3)N,[Na+].[Cl-]
23668479,24441,0,CC1=NN=C(O1)C(=O)NC(C)(C)C2=NC(=C(C(=O)N2C)[O-])C(=O)NCC3=CC=C(C=C3)F.[K+],OP(=O)([O-])[O-].[Ca+2]
2249,4327536,1,CC(C)NCC(COC1=CC=C(C=C1)CC(=O)N)O,CC(COCC1C(C(C(C(O1)OC2C(OC(C(C2OCC(C)O)OCC(C)O)OCC(C)O)COCC(C)O)OCC(C)O)OCC(C)O)OCC(C)O)O
23663870,23706213,0,C(CC(=O)[O-])CO.[Na+],CC(=O)[O-].C(C(C(C(C(C=O)O)O)O)O)O.[Na+]
9913767,1030,0,CC(C)N(CCCCOCC(=O)NS(=O)(=O)C)C1=CN=C(C(=N1)C2=CC=CC=C2)C3=CC=CC=C3,CC(CO)O
637568,14055602,0,COC(=O)C=CC(=O)OC,COC1C(OC(C(C1O)O)OC2C(OC(C(C2O)O)OC)CO)CO
6850754,516875,1,COC1C(C(C(OC1C(=O)O)OC2C(C(C(OC2C(=O)O)OC)O)O)O)O,[O-][Mn](=O)(=O)=O.[K+]
3883,11029,0,CC1=C(C=CN=C1CS(=O)C2=NC3=CC=CC=C3N2)OCC(F)(F)F,C(=O)([O-])[O-].[Mg+2]
41684,135436515,0,CC(=O)OC1=CC=CC=C1C(=O)NC2=NC=C(S2)[N+](=O)[O-],C1=CC2=C(C=C1S(=O)(=O)O)C(=C(N2)C3=NC4=C(C3=O)C=C(C=C4)S(=O)(=O)O)O.[Na+]
5362065,26042,0,C=CC1=C(N2C(C(C2=O)NC(=O)C(=NOCC(=O)O)C3=CSC(=N3)N)SC1)C(=O)O,O=[Ti]=O
135398508,5281955,0,C=C1C(CC(C1CO)O)N2C=NC3=C2N=C(NC3=O)N,CCCCCCCCC=CCCCCCCCC(=O)OCCOCC(C1C(C(CO1)OCCO)OCCO)OCCO
134018,11199,0,CC1=C(SC(=N1)C2=CC(=C(C=C2)OCC(C)C)C#N)C(=O)O,C=CO
5288227,6134,1,C(=CC(=O)[O-])C(=O)[O-],C(C1C(C(C(C(O1)OC2C(OC(C(C2O)O)O)CO)O)O)O)O
443953,24441,0,CCC1C(C(C(C(=O)C(CC(C(C(C(C(C(=O)O1)C)OC2CC(C(C(O2)C)O)(C)OC)C)OC3C(C(CC(O3)C)N(C)C)OC(=O)CCC(=O)OCC)(C)O)C)C)O)(C)O,OP(=O)([O-])[O-].[Ca+2]
2162,6134,1,CCOC(=O)C1=C(NC(=C(C1C2=CC=CC=C2Cl)C(=O)OC)C)COCCN,C(C1C(C(C(C(O1)OC2C(OC(C(C2O)O)O)CO)O)O)O)O
9578005,6506,0,CC1=C(C=CN=C1CS(=O)C2=NC3=CC=CC=C3N2)OCC(F)(F)F,CCOC(=O)CC(CC(=O)OCC)(C(=O)OCC)O
46892186,24261,0,CC1=NN(C=N1)C2=NC=C(C3=C2N(C=C3C(=O)C(=O)N4CCN(CC4)C(=O)C5=CC=CC=C5)COP(=O)(O)O)OC.C(C(CO)(CO)N)O,O=[Si]=O
11547978,26042,0,CC1=CC(=NO1)NC(=O)NC2=C(C=C(C=C2)OC3=C4C=C(C(=CC4=NC=C3)OC)OC)Cl.O.Cl,O=[Ti]=O
3036505,104938,0,C1=CC=C(C=C1)C(=C(C2=CC=CC=C2)C3=CC=C(C=C3)OCCO)CCCl,C(C1C(C(C(C(O1)OC2C(OC(C(C2O)O)O)CO)O)O)O)O.O
5311454,2723854,0,CC(C)(C)C(C=CC1=CC2=C(C=C1)OCO2)O,C1=CC2=C(C=C1S(=O)(=O)[O-])C(=C(N2)C3=NC4=C(C3=O)C=C(C=C4)S(=O)(=O)[O-])O.[Na+].[Na+]
15606394,14055602,0,CN(C)CC=CC(=O)NC1=C(C=C2C(=C1)C(=NC=N2)NC3=CC(=C(C=C3)F)Cl)OC4CCOC4.C(=CC(=O)O)C(=O)O.C(=CC(=O)O)C(=O)O,COC1C(OC(C(C1O)O)OC2C(OC(C(C2O)O)OC)CO)CO
11167602,56841934,0,CNC(=O)C1=NC=CC(=C1)OC2=CC(=C(C=C2)NC(=O)NC3=CC(=C(C=C3)Cl)C(F)(F)F)F,O.O.O.[Fe].[Fe]
2082,6917,0,CCCSC1=CC2=C(C=C1)N=C(N2)NC(=O)OC,C=CN1CCCC1=O
54704426,6917,0,CC1(C2CC3C(C(=O)C(=C(C3(C(=O)C2=C(C4=C1C=CC=C4O)O)O)O)C(=O)N)N(C)C)O.Cl,C=CN1CCCC1=O
3639,134601,0,C1NC2=CC(=C(C=C2S(=O)(=O)N1)S(=O)(=O)N)Cl,COC(=O)C(CC1=CC=CC=C1)NC(=O)C(CC(=O)O)N
46215800,26042,0,CC1COC2N1C(=O)C3=C(C(=O)C(=CN3C2)C(=O)NCC4=C(C=C(C=C4)F)F)[O-].[Na+],O=[Ti]=O
72722243,121950,0,CC(C)(C)C1=CC(=C(C=C1NC(=O)C2=CNC3=CC=CC=C3C2=O)O)C(C)(C)C.CC(C)(CO)C1=CC2=CC(=C(C=C2N1CC(CO)O)F)NC(=O)C3(CC3)C4=CC5=C(C=C4)OC(O5)(F)F,CC(CO)O.CC(=O)O.CO.C(CC(=O)O)C(=O)O
65157,753,0,CCCCCCCCCCC(=O)OC1CCC2C1(CCC3C2CCC4=CC(=O)CCC34C)C,C(C(CO)O)O
6918493,11199,0,CC1=CC(=NC(=N1)OC(C(=O)O)C(C2=CC=CC=C2)(C3=CC=CC=C3)OC)C,C=CO
24785956,11199,0,CC1=C(C(=O)N(C(=O)N1CC2=C(C=CC=C2F)C(F)(F)F)CC(C3=CC=CC=C3)NCCCC(=O)[O-])C4=C(C(=CC=C4)OC)F.[Na+],C=CO
51039094,174,0,CC1=C(C=CC(=C1)NC2=NC=NC3=C2C=C(C=C3)NC4=NC(CO4)(C)C)OC5=CC6=NC=NN6C=C5,C(CO)O
10182969,445709,0,COC1=CC=C(C=C1)N2C3=C(CCN(C3=O)C4=CC=C(C=C4)N5CCCCC5=O)C(=N2)C(=O)N,O.O.O.[Fe]
3002977,14055602,0,CC1=NN=C(N1C2CC3CCC(C2)N3CCC(C4=CC=CC=C4)NC(=O)C5CCC(CC5)(F)F)C(C)C,COC1C(OC(C(C1O)O)OC2C(OC(C(C2O)O)OC)CO)CO
2764,11177,0,C1CC1N2C=C(C(=O)C3=CC(=C(C=C32)N4CCNCC4)F)C(=O)O,CCCCCCCCCCCCCCCCCC(=O)[O-].CCCCCCCCCCCCCCCCCC(=O)[O-].[Mg+2]
5479530,9290,1,CN1C(=NC(=O)C(=O)N1)SCC2=C(N3C(C(C3=O)NC(=O)C(=NOC)C4=CSC(=N4)N)SC2)C(=O)O,C(C(C(C(C(C(=O)[O-])O)O)O)O)O.C(C(C(C(C(C(=O)[O-])O)O)O)O)O.[Ca+2]
86707828,19700,0,CC1=CC=C(C=C1)S(=O)(=O)O.CC(C)OC1=C(C=C(C=C1)C2=NN(C3=NC=NC(=C23)N)C(C)C4=C(C(=O)C5=C(O4)C=CC(=C5)F)C6=CC(=CC=C6)F)F,CCN(CC1=CC(=CC=C1)S(=O)(=O)[O-])C2=CC=C(C=C2)C(=C3C=CC(=[N+](CC)CC4=CC(=CC=C4)S(=O)(=O)[O-])C=C3)C5=CC=CC=C5S(=O)(=O)[O-].[Na+].[Na+]
9989226,6354,1,[O-2].[O-2].[O-2].[Al+3].[Al+3],C1CO1
3825,131751496,1,CC(C1=CC(=CC=C1)C(=O)C2=CC=CC=C2)C(=O)O,C1CC(=O)N(C1)C(CP)P
10324367,8578,0,CC1(C2C1C(N(C2)C(=O)C(C(C)(C)C)NC(=O)NC(C)(C)C)C(=O)NC(CC3CCC3)C(=O)C(=O)N)C,CC1=CC=CC=C1N=NC2=C(C=CC3=CC=CC=C32)N
86472,24456,1,CC1=C(C(=C(C2=C1OC(CC2)(C)CCCC(C)CCCC(C)CCCC(C)C)C)OC(=O)C)C,[O-]P(=O)([O-])[O-].[O-]P(=O)([O-])[O-].[Ca+2].[Ca+2].[Ca+2]
5311083,5988,0,CC1=CN=C(C(=C1OC)C)CS(=O)C2=NC3=C([N-]2)C=CC(=C3)OC.CC1=CN=C(C(=C1OC)C)CS(=O)C2=NC3=C([N-]2)C=CC(=C3)OC.[Mg+2],C(C1C(C(C(C(O1)OC2(C(C(C(O2)CO)O)O)CO)O)O)O)O
6014,2537,0,CC(CN1C2=CC=CC=C2SC3=CC=CC=C31)N(C)C.Cl,CC1(C2CCC1(C(=O)C2)C)C
64139,3423265,0,C1CC1C#CC2(C3=C(C=CC(=C3)Cl)NC(=O)O2)C(F)(F)F,CCCCCCCCCCCCOS(=O)(=O)[O-].[Na+]
3007,6134,1,CC(CC1=CC=CC=C1)N,C(C1C(C(C(C(O1)OC2C(OC(C(C2O)O)O)CO)O)O)O)O
5750,5281,0,CCOC(=O)C1(CCN(CC1)C)C2=CC=CC=C2.Cl,CCCCCCCCCCCCCCCCCC(=O)O
5280443,14778,1,C1=CC(=CC=C1C2=CC(=O)C3=C(C=C(C=C3O2)O)O)O,O=[Ca]
24906252,24261,0,CCOC1=CC=C(C=C1)CC2=C(C=CC(=C2)C3C(C(C(C(O3)CO)O)O)O)Cl.CC(CO)O.O,O=[Si]=O
6014,23706213,0,CC(CN1C2=CC=CC=C2SC3=CC=CC=C31)N(C)C.Cl,CC(=O)[O-].C(C(C(C(C(C=O)O)O)O)O)O.[Na+]
11434065,135436515,0,CCCCCCOC(=O)N=C(C1=CC=C(C=C1)NCC2=NC3=C(N2C)C=CC(=C3)C(=O)N(CCC(=O)OCC)C4=CC=CC=N4)N.CS(=O)(=O)O,C1=CC2=C(C=C1S(=O)(=O)O)C(=C(N2)C3=NC4=C(C3=O)C=C(C=C4)S(=O)(=O)O)O.[Na+]
6084,6251,0,COC1=C(C=C(C=C1)CC2=NC=CC3=CC(=C(C=C32)OC)OC)OC.Cl,C(C(C(C(C(CO)O)O)O)O)O
3162,11177,1,CC(C1=CC=CC=C1)(C2=CC=CC=N2)OCCN(C)C,CCCCCCCCCCCCCCCCCC(=O)[O-].CCCCCCCCCCCCCCCCCC(=O)[O-].[Mg+2]
46700777,24261,0,CCC1=C(C=CC(=C1)C(=NOCC2=CC(=C(C=C2)C3CCCCC3)C(F)(F)F)C)CN4CC(C4)C(=O)O.CCC1=C(C=CC(=C1)C(=NOCC2=CC(=C(C=C2)C3CCCCC3)C(F)(F)F)C)CN4CC(C4)C(=O)O.C(=CC(=O)O)C(=O)O,O=[Si]=O
9280,47932,0,COC(=O)C(C1CCCCN1)C2=CC=CC=C2.Cl,C1=CC(=C(C=C1N)N)OCCO.Cl.Cl
44610678,11177,0,CC1=CC=C(C=C1)S(=O)(=O)O.CN1CCC2=C(C1)SC(=N2)C(=O)NC3CC(CCC3NC(=O)C(=O)NC4=NC=C(C=C4)Cl)C(=O)N(C)C,CCCCCCCCCCCCCCCCCC(=O)[O-].CCCCCCCCCCCCCCCCCC(=O)[O-].[Mg+2]
11511120,26924,0,COC1=C(C=C2C(=C1)N=CN=C2NC3=CC(=C(C=C3)F)Cl)NC(=O)C=CCN4CCCCC4,O[Si](=O)[O-].O[Si](=O)[O-].[O-][Si](=O)[O-].[O-][Si](=O)[O-].[Mg+2].[Mg+2].[Mg+2]
3672,2682,1,CC(C)CC1=CC=C(C=C1)C(C)C(=O)O,CCCCCCCCCCCCCCCCO
71009737,23320441,0,C1CC2=CN=CN2C1C3=C(C=C(C=C3)C#N)F.OP(=O)(O)O,O.[OH-].[O-2].[Fe+3]
5312125,6251,0,CC(CC1=CC2=C(C(=C1)C(=O)N)N(CC2)CCCO)NCCOC3=CC=CC=C3OCC(F)(F)F,C(C(C(C(C(CO)O)O)O)O)O
51039094,518696,0,CC1=C(C=CC(=C1)NC2=NC=NC3=C2C=C(C=C3)NC4=NC(CO4)(C)C)OC5=CC6=NC=NN6C=C5,O=[Fe]O[Fe]=O
2783,11177,0,CC(C)(C)NCC(C1=CC(=C(C(=C1)Cl)N)Cl)O,CCCCCCCCCCCCCCCCCC(=O)[O-].CCCCCCCCCCCCCCCCCC(=O)[O-].[Mg+2]
40632,56841934,0,CC1=CN(C(=O)C=C1)C2=CC=CC=C2,O.O.O.[Fe].[Fe]
148195,518696,0,C1CN(CCC1CC(=O)N2CCC(CC2)C3C4=C(CCC5=C3N=CC(=C5)Br)C=C(C=C4Br)Cl)C(=O)N,O=[Fe]O[Fe]=O
5311083,263,0,CC1=CN=C(C(=C1OC)C)CS(=O)C2=NC3=C([N-]2)C=CC(=C3)OC.CC1=CN=C(C(=C1OC)C)CS(=O)C2=NC3=C([N-]2)C=CC(=C3)OC.[Mg+2],CCCCO
71481097,6917,0,C1=CN=C(C=N1)NNC(=O)C=CN2C=NC(=N2)C3=CC(=CC(=C3)C(F)(F)F)C(F)(F)F,C=CN1CCCC1=O
5717,6251,0,CC1=CC=CC=C1S(=O)(=O)NC(=O)C2=CC(=C(C=C2)CC3=CN(C4=C3C=C(C=C4)NC(=O)OC5CCCC5)C)OC,C(C(C(C(C(CO)O)O)O)O)O
446987,1110,1,CC1C(O1)P(=O)(O)O,C(CC(=O)O)C(=O)O
216457,104938,0,C1CN2CCC1C(C2)OC(=O)N3CCC4=CC=CC=C4C3C5=CC=CC=C5.C(CC(=O)O)C(=O)O,C(C1C(C(C(C(O1)OC2C(OC(C(C2O)O)O)CO)O)O)O)O.O
24785956,26042,0,CC1=C(C(=O)N(C(=O)N1CC2=C(C=CC=C2F)C(F)(F)F)CC(C3=CC=CC=C3)NCCCC(=O)[O-])C4=C(C(=CC=C4)OC)F.[Na+],O=[Ti]=O
5479,5541,0,CCS(=O)(=O)CCN1C(=NC=C1[N+](=O)[O-])C,CC(=O)OCC(COC(=O)C)OC(=O)C
3000540,56841936,1,CCCC1CC(N(C1)C)C(=O)NC(C2C(C(C(C(O2)SC)O)O)O)C(C)O,O.O.O=[Al]O[Si](=O)O[Si](=O)O[Al]=O
24755604,26042,0,CCCCC(=O)N(CC1=CC=C(C=C1)C2=CC=CC=C2C3=NN=N[N-]3)C(C(C)C)C(=O)[O-].CCOC(=O)C(C)CC(CC1=CC=C(C=C1)C2=CC=CC=C2)NC(=O)CCC(=O)[O-].O.[Na+].[Na+].[Na+],O=[Ti]=O
637568,16211978,0,COC(=O)C=CC(=O)OC,O=[Fe].O=[Fe]O[Fe]=O
5288826,977,1,CN1CCC23C4C1CC5=C2C(=C(C=C5)O)OC3C(C=C4)O,O=O
5509,4327536,0,CC1=CC=C(C=C1)C(=O)C2=CC=C(N2C)CC(=O)O,CC(COCC1C(C(C(C(O1)OC2C(OC(C(C2OCC(C)O)OCC(C)O)OCC(C)O)COCC(C)O)OCC(C)O)OCC(C)O)OCC(C)O)O
49846579,24441,0,CC1(CCC(=C(C1)C2=CC=C(C=C2)Cl)CN3CCN(CC3)C4=CC(=C(C=C4)C(=O)NS(=O)(=O)C5=CC(=C(C=C5)NCC6CCOCC6)[N+](=O)[O-])OC7=CN=C8C(=C7)C=CN8)C,OP(=O)([O-])[O-].[Ca+2]
71494926,11177,0,CC1=C(N=C(C=C1)NC(=O)C2(CC2)C3=CC4=C(C=C3)OC(O4)(F)F)C5=CC(=CC=C5)C(=O)O.CC(C)(C)C1=CC(=C(C=C1NC(=O)C2=CNC3=CC=CC=C3C2=O)O)C(C)(C)C,CCCCCCCCCCCCCCCCCC(=O)[O-].CCCCCCCCCCCCCCCCCC(=O)[O-].[Mg+2]
130564,23665634,0,CC1=CN=C(C(=C1OC)C)CS(=O)C2=NC3=C([N-]2)C=CC(=C3)OC.CC1=CN=C(C(=C1OC)C)CS(=O)C2=NC3=C([N-]2)C=CC(=C3)OC.[Mg+2],CCCCCCCCCCCCCCCCCCOC(=O)C=CC(=O)[O-].[Na+]
5479,11177,0,CCS(=O)(=O)CCN1C(=NC=C1[N+](=O)[O-])C,CCCCCCCCCCCCCCCCCC(=O)[O-].CCCCCCCCCCCCCCCCCC(=O)[O-].[Mg+2]
16203739,14055602,0,CC(C1=CC(=CC(=C1)C(F)(F)F)C(F)(F)F)OCC2(CCC3(CCC(=O)N3)CN2)C4=CC=CC=C4.O.Cl,COC1C(OC(C(C1O)O)OC2C(OC(C(C2O)O)OC)CO)CO
25141092,875,0,CN1CCN(CC1)C2=CC(=C(C=C2)C(=O)NC3=NNC4=C3C=C(C=C4)CC5=CC(=CC(=C5)F)F)NC6CCOCC6,C(C(C(=O)O)O)(C(=O)O)O
24755604,518696,0,CCCCC(=O)N(CC1=CC=C(C=C1)C2=CC=CC=C2C3=NN=N[N-]3)C(C(C)C)C(=O)[O-].CCOC(=O)C(C)CC(CC1=CC=C(C=C1)C2=CC=CC=C2)NC(=O)CCC(=O)[O-].O.[Na+].[Na+].[Na+],O=[Fe]O[Fe]=O
5282455,131751496,0,CC(C)C1=NC(=NC(=C1C=CC(CC(CC(=O)[O-])O)O)C2=CC=C(C=C2)F)N(C)S(=O)(=O)C.CC(C)C1=NC(=NC(=C1C=CC(CC(CC(=O)[O-])O)O)C2=CC=C(C=C2)F)N(C)S(=O)(=O)C.[Ca+2],C1CC(=O)N(C1)C(CP)P
67683363,14055602,0,CC1CCC(N1C(=O)C(C(C)C)NC(=O)OC)C2=NC3=C(N2)C=CC4=CC5=C(C=C43)OCC6=C5C=CC(=C6)C7=CN=C(N7)C8CC(CN8C(=O)C(C9=CC=CC=C9)NC(=O)OC)COC,COC1C(OC(C(C1O)O)OC2C(OC(C(C2O)O)OC)CO)CO
44472635,123706,0,C1CC(NC1CC2=CC=C(C=C2)NC(=O)C3CCC4=NC=CC(=O)N34)C(C5=CC=CC=C5)O,CCC(C1=C(C=C(C=C1)N(C)C)C)N
46908927,24261,0,CC1=C(C=C(C=C1)C(=O)NC2=CC(=C(C=C2)CN3CCN(CC3)C)C(F)(F)F)C#CC4=CN=C5N4N=CC=C5.Cl,O=[Si]=O
8753,3806114,1,CCCCCCCCCCCC[N+](C)(C)CC1=CC=CC=C1.[Cl-],C(C(C(=O)[O-])O)(C(=O)[O-])O
5281068,62698,0,CN(C)CCC(C1=CC=C(C=C1)Cl)C2=CC=CC=N2.C(=CC(=O)O)C(=O)O,C(C1C(C(C(C(O1)OC2C(OC(C(C2O)O)OC3C(OC(C(C3O)O)O)CO)CO)O)O)O)O
11673085,135436515,0,CC1CNCCC2=C1C=C(C=C2)Cl.Cl,C1=CC2=C(C=C1S(=O)(=O)O)C(=C(N2)C3=NC4=C(C3=O)C=C(C=C4)S(=O)(=O)O)O.[Na+]
17397714,7175,0,COC1=CC=CC=C1CNC(=O)C2=NOC(=C2)C3=CC=CC=C3,CCCOC(=O)C1=CC=C(C=C1)O
124081896,26924,0,COC(=O)OCOC1=C2C(=O)N3CCOCC3N(N2C=CC1=O)C4C5=C(CSC6=CC=CC=C46)C(=C(C=C5)F)F,O[Si](=O)[O-].O[Si](=O)[O-].[O-][Si](=O)[O-].[O-][Si](=O)[O-].[Mg+2].[Mg+2].[Mg+2]
11711114,26042,0,CC1=CC(=CC(=C1NC2=NC(=NC=C2)NC3=CC=C(C=C3)C#N)C)C=CC#N.Cl,O=[Ti]=O
121494085,6635,0,C(C1C(C(C(C(O1)OC2(C(C(C(O2)COS(=O)(=O)O[Al])OS(=O)(=O)O[Al])OS(=O)(=O)O[Al])COS(=O)(=O)O[Al])OS(=O)(=O)O[Al])OS(=O)(=O)O[Al])OS(=O)(=O)O[Al])OS(=O)(=O)O[Al].O.O.O.O.O.O.O.O.O.O.O.O.O.O.O.O.O.O.O.O.[Al],C1=CC(=CC=C1OS(=O)(=O)C2=CC=C(C=C2)Cl)Cl
11363176,5541,0,CCCN=C1N(C(=O)C(=CC2=CC(=C(C=C2)OCC(CO)O)Cl)S1)C3=CC=CC=C3C,CC(=O)OCC(COC(=O)C)OC(=O)C
86346053,14789,0,CC1CCC23CCC(=O)C2C1(C(CC(C(C3C)O)(C)C=C)OC(=O)CSC4CCC(CC4O)N)C.CC(=O)O,O[Fe]=O.O[Fe]=O.[Fe]
86707828,872,0,CC1=CC=C(C=C1)S(=O)(=O)O.CC(C)OC1=C(C=C(C=C1)C2=NN(C3=NC=NC(=C23)N)C(C)C4=C(C(=O)C5=C(O4)C=CC(=C5)F)C6=CC(=CC=C6)F)F,C(C1C(C(C(C(O1)OCC2C(C(C(C(O2)O)O)O)O)O)O)O)O
5282379,11177,0,CC1=C(C(CCC1)(C)C)C=CC(=CC=CC(=CC(=O)O)C)C,CCCCCCCCCCCCCCCCCC(=O)[O-].CCCCCCCCCCCCCCCCCC(=O)[O-].[Mg+2]
1983,131751496,0,CC(=O)NC1=CC=C(C=C1)O,C1CC(=O)N(C1)C(CP)P
16004692,6917,0,CCCNS(=O)(=O)NC1=C(C(=NC=N1)OCCOC2=NC=C(C=N2)Br)C3=CC=C(C=C3)Br,C=CN1CCCC1=O
3475,24261,0,CC1=CC=C(C=C1)S(=O)(=O)NC(=O)NN2CC3CCCC3C2,O=[Si]=O
5702160,6917,0,C1=C(N=C(S1)N=C(N)N)CSCCC(=NS(=O)(=O)N)N,C=CN1CCCC1=O
406563,24748,0,CC1=CC=C(C=C1)S(=O)(=O)O.CNC(=O)C1=NC=CC(=C1)OC2=CC=C(C=C2)NC(=O)NC3=CC(=C(C=C3)Cl)C(F)(F)F,CC(=O)O.C(C(C(C(C(C=O)O)O)O)O)O
41693,11177,0,CCC(=O)N(C1=CC=CC=C1)C2(CCN(CC2)CCC3=CC=CS3)COC,CCCCCCCCCCCCCCCCCC(=O)[O-].CCCCCCCCCCCCCCCCCC(=O)[O-].[Mg+2]
78357807,6251,0,CN1C=C(C2=CC=CC=C21)C3=NC(=NC=C3)NC4=C(C=C(C(=C4)NC(=O)C=C)N(C)CCN(C)C)OC.CS(=O)(=O)O,C(C(C(C(C(CO)O)O)O)O)O
10176082,26574,1,[OH-].[OH-].[OH-].[Al+3],B([O-])([O-])[O-]
135398739,6658,0,C1CC(OC1CO)N2C=NC3=C2N=CNC3=O,CC(=C)C(=O)OC
6850754,14797,1,COC1C(C(C(OC1C(=O)O)OC2C(C(C(OC2C(=O)O)OC)O)O)O)O,[OH-].[K+]
3825,14055602,1,CC(C1=CC(=CC=C1)C(=O)C2=CC=CC=C2)C(=O)O,COC1C(OC(C(C1O)O)OC2C(OC(C(C2O)O)OC)CO)CO
46866715,26042,0,CC1=C(C=CC2=C1N=C(C=C2OC3CC4C(C3)C(=O)N(CCCCC=CC5CC5(NC4=O)C(=O)[N-]S(=O)(=O)C6CC6)C)C7=NC(=CS7)C(C)C)OC.[Na+],O=[Ti]=O
181458,174,0,CC12CC3CC(C1)(CC(C3)(C2)N)C.Cl,C(CO)O
5284359,1732,1,[Cl-].[Cl-].[Ca+2],CC1=C(C=CC(=C1)O)Cl
60606,24751,0,COC(=O)C(C1=CC=CC=C1Cl)N2CCC3=C(C2)C=CS3,CC1CO1.C1CO1
156418,24261,0,CC(C1=CC=CC2=CC=CC=C21)NCCCC3=CC(=CC=C3)C(F)(F)F.Cl,O=[Si]=O
10220503,14055602,0,CCC(=O)NCC1CC1C2=C3CCOC3=CC=C2,COC1C(OC(C(C1O)O)OC2C(OC(C(C2O)O)OC)CO)CO
52918379,5362585,0,CCCCCCCC(=O)NC(CN1CCCC1)C(C2=CC3=C(C=C2)OCCO3)O.CCCCCCCC(=O)NC(CN1CCCC1)C(C2=CC3=C(C=C2)OCCO3)O.C(C(C(=O)O)O)(C(=O)O)O,CCCCCCCCCCCCCCCCCCCCCC(=O)OCC(CO)O
449193,11177,0,C1CC1COC2=C(C=CC(=C2)C(=O)NC3=C(C=NC=C3Cl)Cl)OC(F)F,CCCCCCCCCCCCCCCCCC(=O)[O-].CCCCCCCCCCCCCCCCCC(=O)[O-].[Mg+2]
30667,14055602,0,CC(C1=NCCN1)OC2=C(C=CC=C2Cl)Cl.Cl,COC1C(OC(C(C1O)O)OC2C(OC(C(C2O)O)OC)CO)CO
25517,6426889,1,[NH4+].[Cl-],[O-]Cl(=O)=O.[K+]
46866715,16211978,0,CC1=C(C=CC2=C1N=C(C=C2OC3CC4C(C3)C(=O)N(CCCCC=CC5CC5(NC4=O)C(=O)[N-]S(=O)(=O)C6CC6)C)C7=NC(=CS7)C(C)C)OC.[Na+],O=[Fe].O=[Fe]O[Fe]=O
130881,23706213,0,CCCC1=NC(=C(N1CC2=CC=C(C=C2)C3=CC=CC=C3C4=NNN=N4)C(=O)OCC5=C(OC(=O)O5)C)C(C)(C)O,CC(=O)[O-].C(C(C(C(C(C=O)O)O)O)O)O.[Na+]
35370,5988,0,CC1=CN(C(=O)NC1=O)C2CC(C(O2)CO)N=[N+]=[N-],C(C1C(C(C(C(O1)OC2(C(C(C(O2)CO)O)O)CO)O)O)O)O
216457,11177,0,C1CN2CCC1C(C2)OC(=O)N3CCC4=CC=CC=C4C3C5=CC=CC=C5.C(CC(=O)O)C(=O)O,CCCCCCCCCCCCCCCCCC(=O)[O-].CCCCCCCCCCCCCCCCCC(=O)[O-].[Mg+2]
24812758,26042,0,CC1=C(C=C(C=C1)C2C(C(C(C(O2)CO)O)O)O)CC3=CC=C(S3)C4=CC=C(C=C4)F,O=[Ti]=O
24906252,3037558,0,CCOC1=CC=C(C=C1)CC2=C(C=CC(=C2)C3C(C(C(C(O3)CO)O)O)O)Cl.CC(CO)O.O,C(C1C(C(C(C(O1)OC(C(CO)O)C(C(C=O)O)O)O)O)O)O
6014,6224,0,CC(CN1C2=CC=CC=C2SC3=CC=CC=C31)N(C)C.Cl,C(C(=O)[O-])C(CC(=O)[O-])(C(=O)[O-])O.[Na+].[Na+].[Na+]
10324367,19700,0,CC1(C2C1C(N(C2)C(=O)C(C(C)(C)C)NC(=O)NC(C)(C)C)C(=O)NC(CC3CCC3)C(=O)C(=O)N)C,CCN(CC1=CC(=CC=C1)S(=O)(=O)[O-])C2=CC=C(C=C2)C(=C3C=CC(=[N+](CC)CC4=CC(=CC=C4)S(=O)(=O)[O-])C=C3)C5=CC=CC=C5S(=O)(=O)[O-].[Na+].[Na+]
25102846,11177,0,COC1=CC2=C(C=CN=C2C=C1OC)OC3=CC=C(C=C3)NC(=O)C4(CC4)C(=O)NC5=CC=C(C=C5)F.C(C(C(=O)O)O)C(=O)O,CCCCCCCCCCCCCCCCCC(=O)[O-].CCCCCCCCCCCCCCCCCC(=O)[O-].[Mg+2]
67505836,174,0,CC(C)C(C(=O)N1CC2(CC2)CC1C3=NC=C(N3)C4=CC5=C(C=C4)C6=C(C5(F)F)C=C(C=C6)C7=CC8=C(C=C7)N=C(N8)C9C1CCC(C1)N9C(=O)C(C(C)C)NC(=O)OC)NC(=O)OC,C(CO)O
6456015,445709,0,CCN(CC)CCNC(=O)C1=C(NC(=C1C)C=C2C3=C(C=CC(=C3)F)NC2=O)C.C(C(C(=O)O)O)C(=O)O,O.O.O.[Fe]
23668479,5988,0,CC1=NN=C(O1)C(=O)NC(C)(C)C2=NC(=C(C(=O)N2C)[O-])C(=O)NCC3=CC=C(C=C3)F.[K+],C(C1C(C(C(C(O1)OC2(C(C(C(O2)CO)O)O)CO)O)O)O)O
4927,6134,1,CC(CN1C2=CC=CC=C2SC3=CC=CC=C31)N(C)C,C(C1C(C(C(C(O1)OC2C(OC(C(C2O)O)O)CO)O)O)O)O
2284,6251,0,C1=CC(=CC=C1C(CC(=O)O)CN)Cl,C(C(C(C(C(CO)O)O)O)O)O
9924495,14055602,0,C1=CC=C(C=C1)N2C=C(C=C(C2=O)C3=CC=CC=C3C#N)C4=CC=CC=N4,COC1C(OC(C(C1O)O)OC2C(OC(C(C2O)O)OC)CO)CO
6249,104805,1,CC1(C(N2C(S1)C(C2=O)NC(=O)C(C3=CC=CC=C3)N)C(=O)O)C,O.O.OP(=O)([O-])[O-].[Ca+2]
135449331,11177,0,CC1=C(C=C(C=C1)N2C(=O)C(=C(N2)C)N=NC3=CC=CC(=C3O)C4=CC(=CC=C4)C(=O)O)C.C(CO)N.C(CO)N,CCCCCCCCCCCCCCCCCC(=O)[O-].CCCCCCCCCCCCCCCCCC(=O)[O-].[Mg+2]
5311083,6097185,0,CC1=CN=C(C(=C1OC)C)CS(=O)C2=NC3=C([N-]2)C=CC(=C3)OC.CC1=CN=C(C(=C1OC)C)CS(=O)C2=NC3=C([N-]2)C=CC(=C3)OC.[Mg+2],C1=C2C(=C3C=C(C(=O)C(=C3OC2=C(C(=C1Br)[O-])Br)Br)Br)C4=C(C(=C(C(=C4Cl)Cl)Cl)Cl)C(=O)[O-].[Na+].[Na+]
23668479,11199,0,CC1=NN=C(O1)C(=O)NC(C)(C)C2=NC(=C(C(=O)N2C)[O-])C(=O)NCC3=CC=C(C=C3)F.[K+],C=CO
56844015,1030,0,B1(OC(=O)C(O1)(CC(=O)O)CC(=O)O)C(CC(C)C)NC(=O)CNC(=O)C2=C(C=CC(=C2)Cl)Cl,CC(CO)O
9989226,7904,1,[O-2].[O-2].[O-2].[Al+3].[Al+3],CC(=O)OC=C
3883,5281955,0,CC1=C(C=CN=C1CS(=O)C2=NC3=CC=CC=C3N2)OCC(F)(F)F,CCCCCCCCC=CCCCCCCCC(=O)OCCOCC(C1C(C(CO1)OCCO)OCCO)OCCO
54900,2723854,0,C1CCN(CC1)CCOC2=CC=C(C=C2)C(=O)C3=C(SC4=C3C=CC(=C4)O)C5=CC=C(C=C5)O.Cl,C1=CC2=C(C=C1S(=O)(=O)[O-])C(=C(N2)C3=NC4=C(C3=O)C=C(C=C4)S(=O)(=O)[O-])O.[Na+].[Na+]
71492247,11177,0,CC(C)OC(=O)C(C)NP(=O)(COC(C)CN1C=NC2=C(N=CN=C21)N)OC3=CC=CC=C3.CC(C)OC(=O)C(C)NP(=O)(COC(C)CN1C=NC2=C(N=CN=C21)N)OC3=CC=CC=C3.C(=CC(=O)O)C(=O)O,CCCCCCCCCCCCCCCCCC(=O)[O-].CCCCCCCCCCCCCCCCCC(=O)[O-].[Mg+2] 
67517580,294,0,CC1=CN=C(N=C1NC2=CC(=CC=C2)S(=O)(=O)NC(C)(C)C)NC3=CC=C(C=C3)OCCN4CCCC4.O.Cl.Cl,C(C1C(C(C(C(O1)OC2C(OC(C(C2O)O)O)CO)O)O)O)O
3957,6917,0,CCOC(=O)N1CCC(=C2C3=C(CCC4=C2N=CC=C4)C=C(C=C3)Cl)CC1,C=CN1CCCC1=O
66558664,123706,0,CCN(C1CCOCC1)C2=CC(=CC(=C2C)C(=O)NCC3=C(C=C(NC3=O)C)C)C4=CC=C(C=C4)CN5CCOCC5,CCC(C1=C(C=C(C=C1)N(C)C)C)N
3308,6344,0,CCC1=C2C(=CC=C1)C3=C(N2)C(OCC3)(CC)CC(=O)O,C(Cl)Cl
445643,56841934,0,CC1CC(C2C(CC(C(O2)(C(=O)C(=O)N3CCCCC3C(=O)OC(C(C(CC(=O)C(C=C(C1)C)CC=C)O)C)C(=CC4CCC(C(C4)OC)O)C)O)C)OC)OC,O.O.O.[Fe].[Fe]
11251522,104938,0,C1CC1C2=NC3=CC=CC=C3C(=C2C=CC(CC(CC(=O)[O-])O)O)C4=CC=C(C=C4)F.C1CC1C2=NC3=CC=CC=C3C(=C2C=CC(CC(CC(=O)[O-])O)O)C4=CC=C(C=C4)F.[Ca+2],C(C1C(C(C(C(O1)OC2C(OC(C(C2O)O)O)CO)O)O)O)O.O
107952,70519829,0,CC(C)NCC(COC1=CC=C(C=C1)CCOCC2CC2)O.Cl,CCCCCCCC[N+](C)(C)C1=CC=CC=C1.[Cl-]
9433,11177,0,CN1C2=C(C(=O)N(C1=O)C)NC=N2.CN1C2=C(C(=O)N(C1=O)C)NC=N2.C(CN)N,CCCCCCCCCCCCCCCCCC(=O)[O-].CCCCCCCCCCCCCCCCCC(=O)[O-].[Mg+2]
445643,875,0,CC1CC(C2C(CC(C(O2)(C(=O)C(=O)N3CCCCC3C(=O)OC(C(C(CC(=O)C(C=C(C1)C)CC=C)O)C)C(=CC4CCC(C(C4)OC)O)C)O)C)OC)OC,C(C(C(=O)O)O)(C(=O)O)O
71329,86278134,0,CN(CCC1=CC=C(C=C1)NS(=O)(=O)C)CCOC2=CC=C(C=C2)NS(=O)(=O)C,C(C1C(C(C(C(O1)OC2C(OC(C(C2O)O)OCC3C(C(C(C(O3)OC4C(OC(C(C4O)O)OC5C(OC(C(C5O)O)O)CO)CO)O)O)OC6C(C(C(C(O6)CO)OC7C(C(C(C(O7)CO)O)O)O)O)O)CO)O)O)O)O
16961,23665763,1,CC1CC2C3CCC4=CC(=O)C=CC4(C3(C(CC2(C1(C(=O)COP(=O)([O-])[O-])O)C)O)F)C.[Na+].[Na+],OS(=O)[O-].[Na+]
9800068,26924,0,CN(C)CC(C1=CC=C(C=C1)O)C2(CCCCC2)O.C(CC(=O)O)C(=O)O,O[Si](=O)[O-].O[Si](=O)[O-].[O-][Si](=O)[O-].[O-][Si](=O)[O-].[Mg+2].[Mg+2].[Mg+2]
2132,11177,1,C1CC(CCC1NCC2=C(C(=CC(=C2)Br)Br)N)O,CCCCCCCCCCCCCCCCCC(=O)[O-].CCCCCCCCCCCCCCCCCC(=O)[O-].[Mg+2]
8857,219520,1,CCOC(=O)C,C1=COC(=C1)CCl
11673085,26042,0,CC1CNCCC2=C1C=C(C=C2)Cl.Cl,O=[Ti]=O
3001055,6917,0,CNC(=C[N+](=O)[O-])NCCSCC1=CC=C(O1)CN(C)C,C=CN1CCCC1=O
14986,15908632,1,CC1=C(C=C2CCC(OC2=C1C)(C)CCCC(C)CCCC(C)CCCC(C)C)O,CC(C)(OO)OO
121587,26042,0,CN1CCC23C=CC(CC2OC4=C(C=CC(=C34)C1)OC)O.Br,O=[Ti]=O
34312,11177,0,C1C2=CC=CC=C2N(C3=CC=CC=C3C1=O)C(=O)N,CCCCCCCCCCCCCCCCCC(=O)[O-].CCCCCCCCCCCCCCCCCC(=O)[O-].[Mg+2]
16078,20353,1,CCCCCC1=CC(=C2C3C=C(CCC3C(OC2=C1)(C)C)C)O,CC1=C(C(=C(C2=C1OC(CC2)(C)CCCC(C)CCCC(C)CCCC(C)C)C)OC(=O)CCC(=O)O)C
9280,311,0,COC(=O)C(C1CCCCN1)C2=CC=CC=C2.Cl,C(C(=O)O)C(CC(=O)O)(C(=O)O)O
72722243,26042,0,CC(C)(C)C1=CC(=C(C=C1NC(=O)C2=CNC3=CC=CC=C3C2=O)O)C(C)(C)C.CC(C)(CO)C1=CC2=CC(=C(C=C2N1CC(CO)O)F)NC(=O)C3(CC3)C4=CC5=C(C=C4)OC(O5)(F)F,O=[Ti]=O
3715,6917,0,CC1=C(C2=C(N1C(=O)C3=CC=C(C=C3)Cl)C=CC(=C2)OC)CC(=O)O,C=CN1CCCC1=O
104865,11177,0,CC(C)(C)C1=CC=C(C=C1)S(=O)(=O)NC2=C(C(=NC(=N2)C3=NC=CC=N3)OCCO)OC4=CC=CC=C4OC,CCCCCCCCCCCCCCCCCC(=O)[O-].CCCCCCCCCCCCCCCCCC(=O)[O-].[Mg+2]
54675776,24497,1,CC1(C2CC3C(C(=O)C(=C(C3(C(=O)C2=C(C4=C1C=CC=C4O)O)O)O)C(=O)N)N(C)C)O,[O-]S(=O)(=O)[O-].[Ca+2]
135565082,26042,0,CN1C(=NC=N1)C2C(NC3=CC(=CC4=C3C2=NNC4=O)F)C5=CC=C(C=C5)F,O=[Ti]=O
5330286,26042,0,CC1=C(C(=O)N(C2=NC(=NC=C12)NC3=NC=C(C=C3)N4CCNCC4)C5CCCC5)C(=O)C,O=[Ti]=O
24883443,311,0,[H+].C1=C(N=C(S1)N=C(N)N)CSCCC(=NS(=O)(=O)N)N.[Cl-],C(C(=O)O)C(CC(=O)O)(C(=O)O)O
154256,445709,0,CC1=C(N(C2=C1C=C(C=C2)O)CC3=CC=C(C=C3)OCCN4CCCCCC4)C5=CC=C(C=C5)O.CC(=O)O,O.O.O.[Fe]
25166913,24441,0,CN1CCC(CC1C2=NC3=CC=CC=C3N2)NC(=O)NC4=CC=C(C=C4)C#N,OP(=O)([O-])[O-].[Ca+2]
66860907,174,0,CC1=CC(=C(C=C1)SC2=CC=CC=C2N3CCNCC3)C.Cl,C(CO)O
9838021,104938,0,CCC(C1=CC(=CC=C1)O)C(C)CN(C)C.Cl,C(C1C(C(C(C(O1)OC2C(OC(C(C2O)O)O)CO)O)O)O)O.O
4168,26924,0,CCN(CC)CCNC(=O)C1=CC(=C(C=C1OC)N)Cl,O[Si](=O)[O-].O[Si](=O)[O-].[O-][Si](=O)[O-].[O-][Si](=O)[O-].[Mg+2].[Mg+2].[Mg+2]
71494926,6328154,0,CC1=C(N=C(C=C1)NC(=O)C2(CC2)C3=CC4=C(C=C3)OC(O4)(F)F)C5=CC(=CC=C5)C(=O)O.CC(C)(C)C1=CC(=C(C=C1NC(=O)C2=CNC3=CC=CC=C3C2=O)O)C(C)(C)C,CC(=O)O.C(C(C(C(C(C=O)O)O)O)O)O.[Na]
5311304,5234,0,C1CC(C1)CN2CCC34C5C(CCC3(C2CC6=C4C(=C(C=C6)O)O5)O)O,[Na+].[Cl-]
130904,6328154,0,CC(=O)C1(CCC2C1(CC(C3=C4CCC(=O)C=C4CCC23)C5=CC=C(C=C5)N(C)C)C)OC(=O)C,CC(=O)O.C(C(C(C(C(C=O)O)O)O)O)O.[Na]
40632,14055602,0,CC1=CN(C(=O)C=C1)C2=CC=CC=C2,COC1C(OC(C(C1O)O)OC2C(OC(C(C2O)O)OC)CO)CO
5311037,26042,0,CCN1C2=C(C(=O)N(C1=O)CC)N(C(=N2)C=CC3=CC(=C(C=C3)OC)OC)C,O=[Ti]=O
135398739,14055602,0,C1CC(OC1CO)N2C=NC3=C2N=CNC3=O,COC1C(OC(C(C1O)O)OC2C(OC(C(C2O)O)OC)CO)CO
2083,24497,0,CC(C)(C)NCC(C1=CC(=C(C=C1)O)CO)O,[O-]S(=O)(=O)[O-].[Ca+2]
10130337,26924,0,C1=CC=C(C=C1)CC(COC(=O)N)N,O[Si](=O)[O-].O[Si](=O)[O-].[O-][Si](=O)[O-].[O-][Si](=O)[O-].[Mg+2].[Mg+2].[Mg+2]
55891,11177,1,CCC(=O)OC(C(C)C)OP(=O)(CCCCC1=CC=CC=C1)CC(=O)N2CC(CC2C(=O)O)C3CCCCC3,CCCCCCCCCCCCCCCCCC(=O)[O-].CCCCCCCCCCCCCCCCCC(=O)[O-].[Mg+2]
11511120,26042,0,COC1=C(C=C2C(=C1)N=CN=C2NC3=CC(=C(C=C3)F)Cl)NC(=O)C=CCN4CCCCC4,O=[Ti]=O
5362119,6917,0,C1CC(N(C1)C(=O)C(CCCCN)NC(CCC2=CC=CC=C2)C(=O)O)C(=O)O,C=CN1CCCC1=O
447715,26924,0,CCC1C2CC(CCC2(C3CCC4(C(C3C1O)CCC4C(C)CCC(=O)O)C)C)O,O[Si](=O)[O-].O[Si](=O)[O-].[O-][Si](=O)[O-].[O-][Si](=O)[O-].[Mg+2].[Mg+2].[Mg+2]
46908927,26042,0,CC1=C(C=C(C=C1)C(=O)NC2=CC(=C(C=C2)CN3CCN(CC3)C)C(F)(F)F)C#CC4=CN=C5N4N=CC=C5.Cl,O=[Ti]=O
3081361,11177,0,CN1CCC(CC1)COC2=C(C=C3C(=C2)N=CN=C3NC4=C(C=C(C=C4)Br)F)OC,CCCCCCCCCCCCCCCCCC(=O)[O-].CCCCCCCCCCCCCCCCCC(=O)[O-].[Mg+2]
56959086,6251,0,COCCOCCOCCOCCOCCOCCOCCOC1CCC2(C3CC4=C5C2(C1OC5=C(C=C4)O)CCN3CC=C)O.C(=O)(C(=O)O)O,C(C(C(C(C(CO)O)O)O)O)O
23668479,71485,0,CC1=NN=C(O1)C(=O)NC(C)(C)C2=NC(=C(C(=O)N2C)[O-])C(=O)NCC3=CC=C(C=C3)F.[K+],C(C1C(C(C(C(O1)OC2(C(C(C(O2)CCl)O)O)CCl)O)O)Cl)O
6918493,26042,0,CC1=CC(=NC(=N1)OC(C(=O)O)C(C2=CC=CC=C2)(C3=CC=CC=C3)OC)C,O=[Ti]=O
6436173,26924,0,CC1C=CC=C(C(=O)NC2=C(C3=C(C4=C(C(=C3O)C)OC(C4=O)(OC=CC(C(C(C(C(C(C1O)C)O)C)OC(=O)C)C)OC)C)C5=C2N6C=CC(=CC6=N5)C)O)C,O[Si](=O)[O-].O[Si](=O)[O-].[O-][Si](=O)[O-].[O-][Si](=O)[O-].[Mg+2].[Mg+2].[Mg+2]
11673085,6328154,0,CC1CNCCC2=C1C=C(C=C2)Cl.Cl,CC(=O)O.C(C(C(C(C(C=O)O)O)O)O)O.[Na]
71424,5541,0,CCOC1=CC=CC=C1OCC2CNCCO2.Cl,CC(=O)OCC(COC(=O)C)OC(=O)C
11525740,5281955,0,CC1=C(C=C(C=C1)NC2=NC=CC(=N2)N(C)C3=CC4=NN(C(=C4C=C3)C)C)S(=O)(=O)N.Cl,CCCCCCCCC=CCCCCCCCC(=O)OCCOCC(C1C(C(CO1)OCCO)OCCO)OCCO
4173,875,0,CC1=NC=C(N1CCO)[N+](=O)[O-],C(C(C(=O)O)O)(C(=O)O)O
23665037,23706213,0,C1=C(C=C(C(=C1I)OC2=CC(=C(C(=C2)I)O)I)I)CC(C(=O)[O-])N.O.O.O.O.O.[Na+],CC(=O)[O-].C(C(C(C(C(C=O)O)O)O)O)O.[Na+]
60825,24832091,0,C1C(OC(S1)CO)N2C=CC(=NC2=O)N,CCOCC1C(C(C(C(O1)OC)OCC)OCC)OC2C(C(C(C(O2)CO)OC)O)O
31239,24823,1,CCCCCCCCCCCCCCCC[N+]1=CC=CC=C1.[Cl-],[O-][O+]=O
118023034,6850749,0,CC(C1=CC=C(C=C1)F)(C2=CN=C(N=C2)N3CCN(CC3)C4=NC=NN5C4=CC(=C5)C6=CN(N=C6)C)N,CC1(C2CCC(C23CC1C(=CC3O)C(=O)O)C(=O)O)CO.C(CCCC(C(CCCCCO)O)O)CCCC(=O)O
11434065,875,0,CCCCCCOC(=O)N=C(C1=CC=C(C=C1)NCC2=NC3=C(N2C)C=CC(=C3)C(=O)N(CCC(=O)OCC)C4=CC=CC=N4)N.CS(=O)(=O)O,C(C(C(=O)O)O)(C(=O)O)O
12560,11177,1,CCC1C(C(C(C(=O)C(CC(C(C(C(C(C(=O)O1)C)OC2CC(C(C(O2)C)O)(C)OC)C)OC3C(C(CC(O3)C)N(C)C)O)(C)O)C)C)O)(C)O,CCCCCCCCCCCCCCCCCC(=O)[O-].CCCCCCCCCCCCCCCCCC(=O)[O-].[Mg+2]
3715,11177,1,CC1=C(C2=C(N1C(=O)C3=CC=C(C=C3)Cl)C=CC(=C2)OC)CC(=O)O,CCCCCCCCCCCCCCCCCC(=O)[O-].CCCCCCCCCCCCCCCCCC(=O)[O-].[Mg+2]
2082,656582,0,CCCSC1=CC2=C(C=C1)N=C(N2)NC(=O)OC,C1=CC=C2C(=C1)C(=O)[N-]S2(=O)=O.[Na+]
2369,5284448,0,CC(C)NCC(COC1=CC=C(C=C1)CCOCC2CC2)O,CCCCCCCCC=CCCCCCCCC(=O)OCCOCC(C1C(CC(O1)OCCO)OCCO)OCCO
49843517,11177,0,CCCCCCOC(C)C1=CC=CC(=C1OC)C2=CSC(=N2)NC(=O)C3=CC(=C(C(=C3)Cl)C=C(C)C(=O)O)Cl,CCCCCCCCCCCCCCCCCC(=O)[O-].CCCCCCCCCCCCCCCCCC(=O)[O-].[Mg+2]
5281004,14055602,0,CCCC1OC2CC3C4CCC5=CC(=O)C=CC5(C4C(CC3(C2(O1)C(=O)CO)C)O)C,COC1C(OC(C(C1O)O)OC2C(OC(C(C2O)O)OC)CO)CO
179344,11177,0,CC(=O)OC1CC2=CC=CC=C2N(C3=CC=CC=C13)C(=O)N,CCCCCCCCCCCCCCCCCC(=O)[O-].CCCCCCCCCCCCCCCCCC(=O)[O-].[Mg+2]
3715,104805,1,CC1=C(C2=C(N1C(=O)C3=CC=C(C=C3)Cl)C=CC(=C2)OC)CC(=O)O,O.O.OP(=O)([O-])[O-].[Ca+2]
2082,134601,0,CCCSC1=CC2=C(C=C1)N=C(N2)NC(=O)OC,COC(=O)C(CC1=CC=CC=C1)NC(=O)C(CC(=O)O)N
6842999,11177,0,CC1CS(=O)(=O)CCN1N=CC2=CC=C(O2)[N+](=O)[O-],CCCCCCCCCCCCCCCCCC(=O)[O-].CCCCCCCCCCCCCCCCCC(=O)[O-].[Mg+2]
46866715,11177,0,CC1=C(C=CC2=C1N=C(C=C2OC3CC4C(C3)C(=O)N(CCCCC=CC5CC5(NC4=O)C(=O)[N-]S(=O)(=O)C6CC6)C)C7=NC(=CS7)C(C)C)OC.[Na+],CCCCCCCCCCCCCCCCCC(=O)[O-].CCCCCCCCCCCCCCCCCC(=O)[O-].[Mg+2]
11434065,4873,0,CCCCCCOC(=O)N=C(C1=CC=C(C=C1)NCC2=NC3=C(N2C)C=CC(=C3)C(=O)N(CCC(=O)OCC)C4=CC=CC=N4)N.CS(=O)(=O)O,[Cl-].[K+]
54682461,702,0,CCCC1(CC(=C(C(=O)O1)C(CC)C2=CC(=CC=C2)NS(=O)(=O)C3=NC=C(C=C3)C(F)(F)F)O)CCC4=CC=CC=C4,CCO
4614,7456,0,C1=CC=C(C=C1)C2=C(OC(=N2)CCC(=O)O)C3=CC=CC=C3,COC(=O)C1=CC=C(C=C1)O
193962,6328154,0,CC1=CC(=CC(=C1OC2=NC(=NC(=C2Br)N)NC3=CC=C(C=C3)C#N)C)C#N,CC(=O)O.C(C(C(C(C(C=O)O)O)O)O)O.[Na]
16220172,3423265,0,CC(C)(C)C1=CC(=C(C=C1NC(=O)C2=CNC3=CC=CC=C3C2=O)O)C(C)(C)C,CCCCCCCCCCCCOS(=O)(=O)[O-].[Na+]
11476460,11177,0,CN1N=C(N=N1)C2=NC=C(C=C2)C3=C(C=C(C=C3)N4CC(OC4=O)COP(=O)(O)O)F,CCCCCCCCCCCCCCCCCC(=O)[O-].CCCCCCCCCCCCCCCCCC(=O)[O-].[Mg+2]
11250029,6251,0,CC1=CC(=CC(=C1CC(C(=O)N(CC2=CC(=C(C=C2)OC)C(=O)O)C(C)C3=NC=C(N3)C4=CC=CC=C4)N)C)C(=O)N,C(C(C(C(C(CO)O)O)O)O)O
6324616,6506,0,CC1C=CC=C(C(=O)NC2=CC(=C3C(=C2O)C(=C(C4=C3C(=O)C(O4)(OC=CC(C(C(C(C(C(C1O)C)O)C)OC(=O)C)C)OC)C)C)O)O)C,CCOC(=O)CC(CC(=O)OCC)(C(=O)OCC)O
71492247,6328154,0,CC(C)OC(=O)C(C)NP(=O)(COC(C)CN1C=NC2=C(N=CN=C21)N)OC3=CC=CC=C3.CC(C)OC(=O)C(C)NP(=O)(COC(C)CN1C=NC2=C(N=CN=C21)N)OC3=CC=CC=C3.C(=CC(=O)O)C(=O)O,CC(=O)O.C(C(C(C(C(C=O)O)O)O)O)O.[Na]
46700774,104938,0,CN1CCC(CC1)COC2=CN=C(N=C2)C3=CC=CC(=C3)CN4C(=O)C=CC(=N4)C5=CC=CC(=C5)C#N.O.Cl,C(C1C(C(C(C(O1)OC2C(OC(C(C2O)O)O)CO)O)O)O)O.O
3036505,6251,0,C1=CC=C(C=C1)C(=C(C2=CC=CC=C2)C3=CC=C(C=C3)OCCO)CCCl,C(C(C(C(C(CO)O)O)O)O)O
17397714,24261,0,COC1=CC=CC=C1CNC(=O)C2=NOC(=C2)C3=CC=CC=C3,O=[Si]=O
449193,86278134,0,C1CC1COC2=C(C=CC(=C2)C(=O)NC3=C(C=NC=C3Cl)Cl)OC(F)F,C(C1C(C(C(C(O1)OC2C(OC(C(C2O)O)OCC3C(C(C(C(O3)OC4C(OC(C(C4O)O)OC5C(OC(C(C5O)O)O)CO)CO)O)O)OC6C(C(C(C(O6)CO)OC7C(C(C(C(O7)CO)O)O)O)O)O)CO)O)O)O)O
25096873,445709,0,CN(C)C(=O)NC1CCC(CC1)CCN2CCN(CC2)C3=C(C(=CC=C3)Cl)Cl.Cl,O.O.O.[Fe]
11434065,123706,0,CCCCCCOC(=O)N=C(C1=CC=C(C=C1)NCC2=NC3=C(N2C)C=CC(=C3)C(=O)N(CCC(=O)OCC)C4=CC=CC=N4)N.CS(=O)(=O)O,CCC(C1=C(C=C(C=C1)N(C)C)C)N
31404,784,1,CC1=CC(=C(C(=C1)C(C)(C)C)O)C(C)(C)C,OO
3476,26924,0,CCC1=C(CN(C1=O)C(=O)NCCC2=CC=C(C=C2)S(=O)(=O)NC(=O)NC3CCC(CC3)C)C,O[Si](=O)[O-].O[Si](=O)[O-].[O-][Si](=O)[O-].[O-][Si](=O)[O-].[Mg+2].[Mg+2].[Mg+2]
25102846,5541,0,COC1=CC2=C(C=CN=C2C=C1OC)OC3=CC=C(C=C3)NC(=O)C4(CC4)C(=O)NC5=CC=C(C=C5)F.C(C(C(=O)O)O)C(=O)O,CC(=O)OCC(COC(=O)C)OC(=O)C
1983,1264,0,CC(=O)NC1=CC=C(C=C1)O,CN1C=C(N=C1C(=O)NC2=CN(C(=N2)C(=O)NC3=CN(C(=N3)C(=O)NCC[NH+](C)C)C)C)NC=O
656631,14055602,0,CN1CCCC1CC2=CNC3=C2C=C(C=C3)CCS(=O)(=O)C4=CC=CC=C4.Br,COC1C(OC(C(C1O)O)OC2C(OC(C(C2O)O)OC)CO)CO
3026,943,1,CCCCOC(=O)C1=CC=CC=C1C(=O)OCCCC,[N+](=O)([O-])[O-]
71424,14797,0,CCOC1=CC=CC=C1OCC2CNCCO2.Cl,[OH-].[K+]
3151,311,0,C1CN(CCC1N2C3=C(C=C(C=C3)Cl)NC2=O)CCCN4C5=CC=CC=C5NC4=O,C(C(=O)O)C(CC(=O)O)(C(=O)O)O
9913767,518696,0,CC(C)N(CCCCOCC(=O)NS(=O)(=O)C)C1=CN=C(C(=N1)C2=CC=CC=C2)C3=CC=CC=C3,O=[Fe]O[Fe]=O
4908,11177,1,CC(CCCN)NC1=C2C(=CC(=C1)OC)C=CC=N2,CCCCCCCCCCCCCCCCCC(=O)[O-].CCCCCCCCCCCCCCCCCC(=O)[O-].[Mg+2]
6014,753,0,CC(CN1C2=CC=CC=C2SC3=CC=CC=C31)N(C)C.Cl,C(C(CO)O)O
11525740,16211978,0,CC1=C(C=C(C=C1)NC2=NC=CC(=N2)N(C)C3=CC4=NN(C(=C4C=C3)C)C)S(=O)(=O)N.Cl,O=[Fe].O=[Fe]O[Fe]=O
11711114,6917,0,CC1=CC(=CC(=C1NC2=NC(=NC=C2)NC3=CC=C(C=C3)C#N)C)C=CC#N.Cl,C=CN1CCCC1=O
130881,6251,0,CCCC1=NC(=C(N1CC2=CC=C(C=C2)C3=CC=CC=C3C4=NNN=N4)C(=O)OCC5=C(OC(=O)O5)C)C(C)(C)O,C(C(C(C(C(CO)O)O)O)O)O
11363176,518696,0,CCCN=C1N(C(=O)C(=CC2=CC(=C(C=C2)OCC(CO)O)Cl)S1)C3=CC=CC=C3C,O=[Fe]O[Fe]=O
40632,26042,0,CC1=CN(C(=O)C=C1)C2=CC=CC=C2,O=[Ti]=O
16220172,71485,0,CC(C)(C)C1=CC(=C(C=C1NC(=O)C2=CNC3=CC=CC=C3C2=O)O)C(C)(C)C,C(C1C(C(C(C(O1)OC2(C(C(C(O2)CCl)O)O)CCl)O)O)Cl)O
3001055,24261,0,CNC(=C[N+](=O)[O-])NCCSCC1=CC=C(O1)CN(C)C,O=[Si]=O
9578005,123706,0,CC1=C(C=CN=C1CS(=O)C2=NC3=CC=CC=C3N2)OCC(F)(F)F,CCC(C1=C(C=C(C=C1)N(C)C)C)N
123603,123706,0,CC1OC2(CN3CCC2CC3)CS1.Cl,CCC(C1=C(C=C(C=C1)N(C)C)C)N
444030,174,0,C1CN(CC1C(C2=CC=CC=C2)(C3=CC=CC=C3)C(=O)N)CCC4=CC5=C(C=C4)OCC5.Br,C(CO)O
9552079,133126842,1,C1=CC(=CC=C1NC(=NC(=NCCCCCCN=C(N)N=C(N)NC2=CC=C(C=C2)Cl)N)N)Cl,C1(C(C(OC(C1O)O)C(=O)[O-])O)O.[Na+]
5639,24261,0,CN1C(=CC(=O)N(C1=O)C)NCCCN2CCN(CC2)C3=CC=CC=C3OC,O=[Si]=O
23665037,6251,0,C1=C(C=C(C(=C1I)OC2=CC(=C(C(=C2)I)O)I)I)CC(C(=O)[O-])N.O.O.O.O.O.[Na+],C(C(C(C(C(CO)O)O)O)O)O
2450,656671,1,C(C(CO)([N+](=O)[O-])Br)O,[O-]S(=O)S(=O)(=O)[O-].[Na+].[Na+]
24785956,174,0,CC1=C(C(=O)N(C(=O)N1CC2=C(C=CC=C2F)C(F)(F)F)CC(C3=CC=CC=C3)NCCCC(=O)[O-])C4=C(C(=CC=C4)OC)F.[Na+],C(CO)O
124087,135800280,0,C1CC2=C(C=CC(=C2)Cl)C(=C3CCNCC3)C4=C1C=CC=N4,C1=CC2=C(C=C1S(=O)(=O)[O-])C(=C(N2)C3=NC4=C(C3=O)C=C(C=C4)S(=O)(=O)[O-])O.C1=CC2=C(C=C1S(=O)(=O)[O-])C(=C(N2)C3=NC4=C(C3=O)C=C(C=C4)S(=O)(=O)[O-])O.C1=CC2=C(C=C1S(=O)(=O)[O-])C(=C(N2)C3=NC4=C(C3=O)C=C(C=C4)S(=O)(=O)[O-])O.[Al+3].[Al+3]
10158453,5362585,0,CC(=O)OC1=CC2=C(S1)CCN(C2)C(C3=CC=CC=C3F)C(=O)C4CC4.Cl,CCCCCCCCCCCCCCCCCCCCCC(=O)OCC(CO)O
216326,445709,0,C1CC(=O)NC(=O)C1N2CC3=C(C2=O)C=CC=C3N,O.O.O.[Fe]
7628,5462222,1,B(O)(O)O,[K]
9849808,22477175,0,CC(C)C(=O)OC1=C(C=C(C=C1)CO)C(CCN(C(C)C)C(C)C)C2=CC=CC=C2.C(=CC(=O)O)C(=O)O,CCCCCCCCCCCCCCCCCCCCCC(=O)O.C(C(CO)O)O
9280,5541,0,COC(=O)C(C1CCCCN1)C2=CC=CC=C2.Cl,CC(=O)OCC(COC(=O)C)OC(=O)C
110635,104938,0,CN1CC(=O)N2C(C1=O)CC3=C(C2C4=CC5=C(C=C4)OCO5)NC6=CC=CC=C36,C(C1C(C(C(C(O1)OC2C(OC(C(C2O)O)O)CO)O)O)O)O.O
44093,131751496,0,CC(CS)C(=O)N1CCCC1C(=O)O,C1CC(=O)N(C1)C(CP)P
71584930,11177,0,CCN1C2=CC(=NC=C2C=C(C1=O)C3=CC(=C(C=C3Br)F)NC(=O)NC4=CC=CC=C4)NC,CCCCCCCCCCCCCCCCCC(=O)[O-].CCCCCCCCCCCCCCCCCC(=O)[O-].[Mg+2]
11625818,14055602,0,CCC(C1=NC2=C(C(=CC=C2)F)C(=O)N1C3=CC=CC=C3)NC4=NC=NC5=C4NC=N5,COC1C(OC(C(C1O)O)OC2C(OC(C(C2O)O)OC)CO)CO
9351,23665763,1,C1=CC=C2C(=C1)C=NN=C2NN.Cl,OS(=O)[O-].[Na+]
46866715,6850749,0,CC1=C(C=CC2=C1N=C(C=C2OC3CC4C(C3)C(=O)N(CCCCC=CC5CC5(NC4=O)C(=O)[N-]S(=O)(=O)C6CC6)C)C7=NC(=CS7)C(C)C)OC.[Na+],CC1(C2CCC(C23CC1C(=CC3O)C(=O)O)C(=O)O)CO.C(CCCC(C(CCCCCO)O)O)CCCC(=O)O
46892186,26042,0,CC1=NN(C=N1)C2=NC=C(C3=C2N(C=C3C(=O)C(=O)N4CCN(CC4)C(=O)C5=CC=CC=C5)COP(=O)(O)O)OC.C(C(CO)(CO)N)O,O=[Ti]=O
66860907,518696,0,CC1=CC(=C(C=C1)SC2=CC=CC=C2N3CCNCC3)C.Cl,O=[Fe]O[Fe]=O
50922675,14055602,0,CC(C)N1C=C(C(=N1)C2=C(C(=CC(=C2)Cl)NS(=O)(=O)C)F)C3=NC(=NC=C3)NCC(C)NC(=O)OC,COC1C(OC(C(C1O)O)OC2C(OC(C(C2O)O)OC)CO)CO
3488,6917,0,COC1=C(C=C(C=C1)Cl)C(=O)NCCC2=CC=C(C=C2)S(=O)(=O)NC(=O)NC3CCCCC3,C=CN1CCCC1=O
3715,5281,1,CC1=C(C2=C(N1C(=O)C3=CC=C(C=C3)Cl)C=CC(=C2)OC)CC(=O)O,CCCCCCCCCCCCCCCCCC(=O)O
135398508,174,0,C=C1C(CC(C1CO)O)N2C=NC3=C2N=C(NC3=O)N,C(CO)O
55245,24671,0,CC#CC1(CCC2C1(CC(C3=C4CCC(=O)C=C4CCC23)C5=CC=C(C=C5)N(C)C)C)O,C1=CC=C2C(=C1)C(=O)C(C2=O)C3=NC4=C(C=C(C=C4C=C3)S(=O)(=O)[O-])S(=O)(=O)[O-].[Na+].[Na+]
3333,26924,0,CCOC(=O)C1=C(NC(=C(C1C2=C(C(=CC=C2)Cl)Cl)C(=O)OC)C)C,O[Si](=O)[O-].O[Si](=O)[O-].[O-][Si](=O)[O-].[O-][Si](=O)[O-].[Mg+2].[Mg+2].[Mg+2]
46892186,123706,0,CC1=NN(C=N1)C2=NC=C(C3=C2N(C=C3C(=O)C(=O)N4CCN(CC4)C(=O)C5=CC=CC=C5)COP(=O)(O)O)OC.C(C(CO)(CO)N)O,CCC(C1=C(C=C(C=C1)N(C)C)C)N
9924495,56841934,0,C1=CC=C(C=C1)N2C=C(C=C(C2=O)C3=CC=CC=C3C#N)C4=CC=CC=N4,O.O.O.[Fe].[Fe]
464205,11177,0,CC(CN1C=NC2=C(N=CN=C21)N)OCP(=O)(O)O,CCCCCCCCCCCCCCCCCC(=O)[O-].CCCCCCCCCCCCCCCCCC(=O)[O-].[Mg+2]
129073603,14797,0,CC1=CC(=NN1)NC2=NC(=NC(=C2)C)C3CCC(CC3)(C(=O)NC(C)C4=CN=C(C=C4)N5C=C(C=N5)F)OC,[OH-].[K+]
4908,24836924,0,CC(CCCN)NC1=C2C(=CC(=C1)OC)C=CC=N2,CC1C(C(C(C(O1)CO)OC2C(C(C(C(O2)COC3C(C(C(C(O3)CO)OC)O)O)OC4C(C(C(C(O4)CO)OC)O)O)O)O)O)O
134601,24497,1,COC(=O)C(CC1=CC=CC=C1)NC(=O)C(CC(=O)O)N,[O-]S(=O)(=O)[O-].[Ca+2]
15951529,14055602,0,CC1(C(=O)N(C(=S)N1C2=CC(=C(C=C2)C(=O)NC)F)C3=CC(=C(C=C3)C#N)C(F)(F)F)C,COC1C(OC(C(C1O)O)OC2C(OC(C(C2O)O)OC)CO)CO
9871419,26042,0,CCCSC1=NC(=C2C(=N1)N(N=N2)C3CC(C(C3O)O)OCCO)NC4CC4C5=CC(=C(C=C5)F)F,O=[Ti]=O
24776445,26924,0,CS(=O)(=O)C1=CC(=C(C=C1)C(=O)NC2=CC(=C(C=C2)Cl)C3=CC=CC=N3)Cl,O[Si](=O)[O-].O[Si](=O)[O-].[O-][Si](=O)[O-].[O-][Si](=O)[O-].[Mg+2].[Mg+2].[Mg+2]
5311454,6917,0,CC(C)(C)C(C=CC1=CC2=C(C=C1)OCO2)O,C=CN1CCCC1=O
23668479,62698,0,CC1=NN=C(O1)C(=O)NC(C)(C)C2=NC(=C(C(=O)N2C)[O-])C(=O)NCC3=CC=C(C=C3)F.[K+],C(C1C(C(C(C(O1)OC2C(OC(C(C2O)O)OC3C(OC(C(C3O)O)O)CO)CO)O)O)O)O
25215,11177,0,CN1C(=O)CN=C(C2=C1C=CC(=C2)Cl)C3=CCCCC3,CCCCCCCCCCCCCCCCCC(=O)[O-].CCCCCCCCCCCCCCCCCC(=O)[O-].[Mg+2]
5281040,23706213,0,CC(C)(C1=CC=CC=C1CCC(C2=CC=CC(=C2)C=CC3=NC4=C(C=CC(=C4)Cl)C=C3)SCC5(CC5)CC(=O)O)O,CC(=O)[O-].C(C(C(C(C(C=O)O)O)O)O)O.[Na+]
2783,86278134,1,CC(C)(C)NCC(C1=CC(=C(C(=C1)Cl)N)Cl)O,C(C1C(C(C(C(O1)OC2C(OC(C(C2O)O)OCC3C(C(C(C(O3)OC4C(OC(C(C4O)O)OC5C(OC(C(C5O)O)O)CO)CO)O)O)OC6C(C(C(C(O6)CO)OC7C(C(C(C(O7)CO)O)O)O)O)O)CO)O)O)O)O
16124688,3423265,0,C1C2C1C3C=CC2C4C3C(=O)N(C4=O)NC(=O)C5=CC=C(C=C5)C(F)(F)F,CCCCCCCCCCCCOS(=O)(=O)[O-].[Na+]
5479,86278134,0,CCS(=O)(=O)CCN1C(=NC=C1[N+](=O)[O-])C,C(C1C(C(C(C(O1)OC2C(OC(C(C2O)O)OCC3C(C(C(C(O3)OC4C(OC(C(C4O)O)OC5C(OC(C(C5O)O)O)CO)CO)O)O)OC6C(C(C(C(O6)CO)OC7C(C(C(C(O7)CO)O)O)O)O)O)CO)O)O)O)O
3308,26924,0,CCC1=C2C(=CC=C1)C3=C(N2)C(OCC3)(CC)CC(=O)O,O[Si](=O)[O-].O[Si](=O)[O-].[O-][Si](=O)[O-].[O-][Si](=O)[O-].[Mg+2].[Mg+2].[Mg+2]
11274333,16211978,0,CS(=O)(=O)O.C1CN(CCC1NC(=O)C2=CC=CC=C2C3=CC=C(C=C3)C(F)(F)F)CCCCC4(C5=CC=CC=C5C6=CC=CC=C64)C(=O)NCC(F)(F)F,O=[Fe].O=[Fe]O[Fe]=O
456199,6917,0,C1C(COC2=NC(=CN21)[N+](=O)[O-])OCC3=CC=C(C=C3)OC(F)(F)F,C=CN1CCCC1=O
51039,26924,0,C1C(=C(N2C(S1)C(C2=O)NC(=O)C(C3=CC=CC=C3)N)C(=O)O)Cl,O[Si](=O)[O-].O[Si](=O)[O-].[O-][Si](=O)[O-].[O-][Si](=O)[O-].[Mg+2].[Mg+2].[Mg+2]
6918248,6328154,0,C1CN(CCN1CCN2C3=CC=CC=C3NC2=O)C4=CC=CC(=C4)C(F)(F)F,CC(=O)O.C(C(C(C(C(C=O)O)O)O)O)O.[Na]
3825,11177,1,CC(C1=CC(=CC=C1)C(=O)C2=CC=CC=C2)C(=O)O,CCCCCCCCCCCCCCCCCC(=O)[O-].CCCCCCCCCCCCCCCCCC(=O)[O-].[Mg+2]
59772,6581,0,CNS(=O)(=O)CC1=CC2=C(C=C1)NC=C2CCN(C)C.C(CC(=O)O)C(=O)O,C=CC(=O)O
158781,14055602,0,CCCC1=NC(=C(N1CC2=CC=C(C=C2)C3=CC=CC=C3C4=NNN=N4)C(=O)O)C(C)(C)O,COC1C(OC(C(C1O)O)OC2C(OC(C(C2O)O)OC)CO)CO
10182969,26042,0,COC1=CC=C(C=C1)N2C3=C(CCN(C3=O)C4=CC=C(C=C4)N5CCCCC5=O)C(=N2)C(=O)N,O=[Ti]=O
159269,11177,0,CC1=CN(C(=O)NC1=O)C2CC(C(O2)CO)O,CCCCCCCCCCCCCCCCCC(=O)[O-].CCCCCCCCCCCCCCCCCC(=O)[O-].[Mg+2]
56959086,56841934,0,COCCOCCOCCOCCOCCOCCOCCOC1CCC2(C3CC4=C5C2(C1OC5=C(C=C4)O)CCN3CC=C)O.C(=O)(C(=O)O)O,O.O.O.[Fe].[Fe]
445643,6328154,0,CC1CC(C2C(CC(C(O2)(C(=O)C(=O)N3CCCCC3C(=O)OC(C(C(CC(=O)C(C=C(C1)C)CC=C)O)C)C(=CC4CCC(C(C4)OC)O)C)O)C)OC)OC,CC(=O)O.C(C(C(C(C(C=O)O)O)O)O)O.[Na]
181458,17730,0,CC12CC3CC(C1)(CC(C3)(C2)N)C.Cl,C1=CC(=CC=C1N=NC2=C(C=CC3=C2C=CC(=C3)S(=O)(=O)[O-])O)S(=O)(=O)[O-].[Na+].[Na+]
9849808,6912,0,CC(C)C(=O)OC1=C(C=C(C=C1)CO)C(CCN(C(C)C)C(C)C)C2=CC=CC=C2.C(=CC(=O)O)C(=O)O,C(C(C(C(CO)O)O)O)O
1983,11177,0,CC(=O)NC1=CC=C(C=C1)O,CCCCCCCCCCCCCCCCCC(=O)[O-].CCCCCCCCCCCCCCCCCC(=O)[O-].[Mg+2]
5339,11177,0,C1=CC=NC(=C1)NS(=O)(=O)C2=CC=C(C=C2)N=NC3=CC(=C(C=C3)O)C(=O)O,CCCCCCCCCCCCCCCCCC(=O)[O-].CCCCCCCCCCCCCCCCCC(=O)[O-].[Mg+2]
50992434,24261,0,CC1=C2C(=C(N(C1=O)C)NC3=C(C=C(C=C3)I)F)C(=O)N(C(=O)N2C4=CC=CC(=C4)NC(=O)C)C5CC5.CS(=O)C,O=[Si]=O
4044,6134,0,CC1=C(C(=CC=C1)NC2=CC=CC=C2C(=O)O)C,C(C1C(C(C(C(O1)OC2C(OC(C(C2O)O)O)CO)O)O)O)O
121587,24261,0,CN1CCC23C=CC(CC2OC4=C(C=CC(=C34)C1)OC)O.Br,O=[Si]=O
119607,134601,0,CC1=C(C(=NO1)C2=CC=CC=C2)C3=CC=C(C=C3)S(=O)(=O)N,COC(=O)C(CC1=CC=CC=C1)NC(=O)C(CC(=O)O)N
55245,61817,0,CC#CC1(CCC2C1(CC(C3=C4CCC(=O)C=C4CCC23)C5=CC=C(C=C5)N(C)C)C)O,C1=CC(=CC=C1N=NC2=C(C=CC3=C2C=CC(=C3)S(=O)(=O)[O-])[O-])S(=O)(=O)[O-].[Al+3]
134436906,6850749,0,CC(C)(COC1=CN2C(=C(C=N2)C#N)C(=C1)C3=CN=C(C=C3)N4CC5CC(C4)N5CC6=CN=C(C=C6)OC)O,CC1(C2CCC(C23CC1C(=CC3O)C(=O)O)C(=O)O)CO.C(CCCC(C(CCCCCO)O)O)CCCC(=O)O
11751549,6134,0,CCCCC1=NC(=C(N1CC2=CC=C(C=C2)C3=CC=CC=C3C4=NN=N[N-]4)CO)Cl.[K+],C(C1C(C(C(C(O1)OC2C(OC(C(C2O)O)O)CO)O)O)O)O
50905713,131751496,0,CC(C1=CC2=C(C(=CC=C2)Cl)C(=O)N1C3=CC=CC=C3)NC4=NC=NC5=C4NC=N5,C1CC(=O)N(C1)C(CP)P
1549000,6251,0,C1CN(CCN1CCOCC(=O)O)C(C2=CC=CC=C2)C3=CC=C(C=C3)Cl,C(C(C(C(C(CO)O)O)O)O)O
50922675,14789,0,CC(C)N1C=C(C(=N1)C2=C(C(=CC(=C2)Cl)NS(=O)(=O)C)F)C3=NC(=NC=C3)NCC(C)NC(=O)OC,O[Fe]=O.O[Fe]=O.[Fe]
54892,11177,1,CCOC(=O)C(CCC1=CC=CC=C1)NC(C)C(=O)N2CC3=CC=CC=C3CC2C(=O)O,CCCCCCCCCCCCCCCCCC(=O)[O-].CCCCCCCCCCCCCCCCCC(=O)[O-].[Mg+2]
163761,56841934,0,CC1=CC(=NC2=C1C(=C(C=C2NC(C)CCCN)OC)OC3=CC=CC(=C3)C(F)(F)F)OC.C(CC(=O)O)C(=O)O,O.O.O.[Fe].[Fe]
244,24823,1,C1=CC=C(C=C1)CO,[O-][O+]=O
11751549,26924,0,CCCCC1=NC(=C(N1CC2=CC=C(C=C2)C3=CC=CC=C3C4=NN=N[N-]4)CO)Cl.[K+],O[Si](=O)[O-].O[Si](=O)[O-].[O-][Si](=O)[O-].[O-][Si](=O)[O-].[Mg+2].[Mg+2].[Mg+2]
9837243,16211978,0,CCCC1CC(=O)N(C1)C(CC)C(=O)N,O=[Fe].O=[Fe]O[Fe]=O
9838021,1030,0,CCC(C1=CC(=CC=C1)O)C(C)CN(C)C.Cl,CC(CO)O
6084,16211032,0,COC1=C(C=C(C=C1)CC2=NC=CC3=CC(=C(C=C32)OC)OC)OC.Cl,C(C1C(C(C(C(O1)OC2C(OC(C(C2O)O)O)CO)O)O)O)O
11304743,104938,0,CN(C1=C(N=C(N=C1N)C2=NN(C3=C2C=CC=N3)CC4=CC=CC=C4F)N)C(=O)OC,C(C1C(C(C(C(O1)OC2C(OC(C(C2O)O)O)CO)O)O)O)O.O
14055602,516875,1,COC1C(OC(C(C1O)O)OC2C(OC(C(C2O)O)OC)CO)CO,[O-][Mn](=O)(=O)=O.[K+]
9913767,26042,0,CC(C)N(CCCCOCC(=O)NS(=O)(=O)C)C1=CN=C(C(=N1)C2=CC=CC=C2)C3=CC=CC=C3,O=[Ti]=O
10472693,174,0,CC(C)(CCCCCC(CCCCCC(C)(C)C(=O)O)O)C(=O)O,C(CO)O
2450,5359268,1,C(C(CO)([N+](=O)[O-])Br)O,[Al]
5311083,24671,0,CC1=CN=C(C(=C1OC)C)CS(=O)C2=NC3=C([N-]2)C=CC(=C3)OC.CC1=CN=C(C(=C1OC)C)CS(=O)C2=NC3=C([N-]2)C=CC(=C3)OC.[Mg+2],C1=CC=C2C(=C1)C(=O)C(C2=O)C3=NC4=C(C=C(C=C4C=C3)S(=O)(=O)[O-])S(=O)(=O)[O-].[Na+].[Na+]
41693,6328154,0,CCC(=O)N(C1=CC=CC=C1)C2(CCN(CC2)CCC3=CC=CS3)COC,CC(=O)O.C(C(C(C(C(C=O)O)O)O)O)O.[Na]
46700777,11199,0,CCC1=C(C=CC(=C1)C(=NOCC2=CC(=C(C=C2)C3CCCCC3)C(F)(F)F)C)CN4CC(C4)C(=O)O.CCC1=C(C=CC(=C1)C(=NOCC2=CC(=C(C=C2)C3CCCCC3)C(F)(F)F)C)CN4CC(C4)C(=O)O.C(=CC(=O)O)C(=O)O,C=CO
60825,5988,0,C1C(OC(S1)CO)N2C=CC(=NC2=O)N,C(C1C(C(C(C(O1)OC2(C(C(C(O2)CO)O)O)CO)O)O)O)O
124087,4134690,0,C1CC2=C(C=CC(=C2)Cl)C(=C3CCNCC3)C4=C1C=CC=N4,C(CCCCCCCCCCO)CCCCCCCCCO
24965990,104938,0,CC1CCN(CCN1C(=O)C2=C(C=CC(=C2)C)N3N=CC=N3)C4=NC5=C(O4)C=CC(=C5)Cl,C(C1C(C(C(C(O1)OC2C(OC(C(C2O)O)O)CO)O)O)O)O.O
24872560,121950,0,CNC(=O)C1=C(C=C(C=C1)N2C(=S)N(C(=O)C23CCC3)C4=CC(=C(N=C4)C#N)C(F)(F)F)F,CC(CO)O.CC(=O)O.CO.C(CC(=O)O)C(=O)O
121892,14055602,0,CCOC(=O)NC1=C(C=C(C=C1)NCC2=CC=C(C=C2)F)N,COC1C(OC(C(C1O)O)OC2C(OC(C(C2O)O)OC)CO)CO
16004692,26042,0,CCCNS(=O)(=O)NC1=C(C(=NC=N1)OCCOC2=NC=C(C=N2)Br)C3=CC=C(C=C3)Br,O=[Ti]=O
60834,26924,0,CNCCC(C1=CC=CS1)OC2=CC=CC3=CC=CC=C32.Cl,O[Si](=O)[O-].O[Si](=O)[O-].[O-][Si](=O)[O-].[O-][Si](=O)[O-].[Mg+2].[Mg+2].[Mg+2]
71424,445639,0,CCOC1=CC=CC=C1OCC2CNCCO2.Cl,CCCCCCCCC=CCCCCCCCC(=O)O
31703,3082248,0,CC1C(C(CC(O1)OC2CC(CC3=C2C(=C4C(=C3O)C(=O)C5=C(C4=O)C(=CC=C5)OC)O)(C(=O)CO)O)N)O,C=CN1CCCC1=O.C=CO
2789,104938,0,CN1C(=O)CC(=O)N(C2=C1C=CC(=C2)Cl)C3=CC=CC=C3,C(C1C(C(C(C(O1)OC2C(OC(C(C2O)O)O)CO)O)O)O)O.O
3599,24261,0,CCCCCCCCCCCCCCCCOP(=O)([O-])OCC[N+](C)(C)C,O=[Si]=O
50992434,14055602,0,CC1=C2C(=C(N(C1=O)C)NC3=C(C=C(C=C3)I)F)C(=O)N(C(=O)N2C4=CC=CC(=C4)NC(=O)C)C5CC5.CS(=O)C,COC1C(OC(C(C1O)O)OC2C(OC(C(C2O)O)OC)CO)CO
6324616,56841934,0,CC1C=CC=C(C(=O)NC2=CC(=C3C(=C2O)C(=C(C4=C3C(=O)C(O4)(OC=CC(C(C(C(C(C(C1O)C)O)C)OC(=O)C)C)OC)C)C)O)O)C,O.O.O.[Fe].[Fe]
1349907,24832091,0,CN1C=CNC1=S,CCOCC1C(C(C(C(O1)OC)OCC)OCC)OC2C(C(C(C(O2)CO)OC)O)O
2284,5780,0,C1=CC(=CC=C1C(CC(=O)O)CN)Cl,C(C(C(C(C(CO)O)O)O)O)O
135476717,518696,0,CCS(=O)(=O)O.CN1CCN(CC1)CC(=O)N(C)C2=CC=C(C=C2)N=C(C3=CC=CC=C3)C4=C(NC5=C4C=CC(=C5)C(=O)OC)O,O=[Fe]O[Fe]=O
60846,14055602,0,CCCCC(=O)N(CC1=CC=C(C=C1)C2=CC=CC=C2C3=NNN=N3)C(C(C)C)C(=O)O,COC1C(OC(C(C1O)O)OC2C(OC(C(C2O)O)OC)CO)CO
134018,26924,0,CC1=C(SC(=N1)C2=CC(=C(C=C2)OCC(C)C)C#N)C(=O)O,O[Si](=O)[O-].O[Si](=O)[O-].[O-][Si](=O)[O-].[O-][Si](=O)[O-].[Mg+2].[Mg+2].[Mg+2]
25141092,2723854,0,CN1CCN(CC1)C2=CC(=C(C=C2)C(=O)NC3=NNC4=C3C=C(C=C4)CC5=CC(=CC(=C5)F)F)NC6CCOCC6,C1=CC2=C(C=C1S(=O)(=O)[O-])C(=C(N2)C3=NC4=C(C3=O)C=C(C=C4)S(=O)(=O)[O-])O.[Na+].[Na+]
2450,5460613,1,C(C(CO)([N+](=O)[O-])Br)O,[SH]
14985,29936,1,CC1=C(C2=C(CCC(O2)(C)CCCC(C)CCCC(C)CCCC(C)C)C(=C1O)C)C,[Fe+3]
71657455,11177,0,C1CC(=O)N(C1C(=O)N(C2=CC(=CN=C2)F)C(C3=CC=CC=C3Cl)C(=O)NC4CC(C4)(F)F)C5=NC=CC(=C5)C#N,CCCCCCCCCCCCCCCCCC(=O)[O-].CCCCCCCCCCCCCCCCCC(=O)[O-].[Mg+2]
34312,26042,0,C1C2=CC=CC=C2N(C3=CC=CC=C3C1=O)C(=O)N,O=[Ti]=O
76970819,6251,0,CCC1=C(N=C(C(=N1)C(=O)N)NC2=CC(=C(C=C2)N3CCC(CC3)N4CCN(CC4)C)OC)NC5CCOCC5.CCC1=C(N=C(C(=N1)C(=O)N)NC2=CC(=C(C=C2)N3CCC(CC3)N4CCN(CC4)C)OC)NC5CCOCC5.C(=CC(=O)O)C(=O)O,C(C(C(C(C(CO)O)O)O)O)O
441358,11177,0,CNCCC=C1C2=CC=CC=C2CCC3=CC=CC=C31.Cl,CCCCCCCCCCCCCCCCCC(=O)[O-].CCCCCCCCCCCCCCCCCC(=O)[O-].[Mg+2]
24872560,16211978,0,CNC(=O)C1=C(C=C(C=C1)N2C(=S)N(C(=O)C23CCC3)C4=CC(=C(N=C4)C#N)C(F)(F)F)F,O=[Fe].O=[Fe]O[Fe]=O
77997,6251,0,CN(C)CCC1=CNC2=C1C=C(C=C2)CN3C=NC=N3.C1=CC=C(C=C1)C(=O)O,C(C(C(C(C(CO)O)O)O)O)O
54684141,123706,0,CC(=C(C#N)C(=O)NC1=CC=C(C=C1)C(F)(F)F)O,CCC(C1=C(C=C(C=C1)N(C)C)C)N
67683363,6328154,0,CC1CCC(N1C(=O)C(C(C)C)NC(=O)OC)C2=NC3=C(N2)C=CC4=CC5=C(C=C43)OCC6=C5C=CC(=C6)C7=CN=C(N7)C8CC(CN8C(=O)C(C9=CC=CC=C9)NC(=O)OC)COC,CC(=O)O.C(C(C(C(C(C=O)O)O)O)O)O.[Na]
8753,30165,1,CCCCCCCCCCCC[N+](C)(C)CC1=CC=CC=C1.[Cl-],[I-]
121587,104938,0,CN1CCC23C=CC(CC2OC4=C(C=CC(=C34)C1)OC)O.Br,C(C1C(C(C(C(O1)OC2C(OC(C(C2O)O)O)CO)O)O)O)O.O
11990828,11199,0,CN1CCN(CC1)CCCOC2=C(C=C3C(=C2)N=CC(=C3NC4=CC(=C(C=C4Cl)Cl)OC)C#N)OC.O,C=CO
5479,14055602,0,CCS(=O)(=O)CCN1C(=NC=C1[N+](=O)[O-])C,COC1C(OC(C(C1O)O)OC2C(OC(C(C2O)O)OC)CO)CO
15606394,26924,0,CN(C)CC=CC(=O)NC1=C(C=C2C(=C1)C(=NC=N2)NC3=CC(=C(C=C3)F)Cl)OC4CCOC4.C(=CC(=O)O)C(=O)O.C(=CC(=O)O)C(=O)O,O[Si](=O)[O-].O[Si](=O)[O-].[O-][Si](=O)[O-].[O-][Si](=O)[O-].[Mg+2].[Mg+2].[Mg+2]
86707828,11177,0,CC1=CC=C(C=C1)S(=O)(=O)O.CC(C)OC1=C(C=C(C=C1)C2=NN(C3=NC=NC(=C23)N)C(C)C4=C(C(=O)C5=C(O4)C=CC(=C5)F)C6=CC(=CC=C6)F)F,CCCCCCCCCCCCCCCCCC(=O)[O-].CCCCCCCCCCCCCCCCCC(=O)[O-].[Mg+2]
71584930,121950,0,CCN1C2=CC(=NC=C2C=C(C1=O)C3=CC(=C(C=C3Br)F)NC(=O)NC4=CC=CC=C4)NC,CC(CO)O.CC(=O)O.CO.C(CC(=O)O)C(=O)O
134018,26042,0,CC1=C(SC(=N1)C2=CC(=C(C=C2)OCC(C)C)C#N)C(=O)O,O=[Ti]=O
129228,6328154,0,C1=CC(=C(C(=C1)F)CN2C=C(N=N2)C(=O)N)F,CC(=O)O.C(C(C(C(C(C=O)O)O)O)O)O.[Na]
6918248,14055602,0,C1CN(CCN1CCN2C3=CC=CC=C3NC2=O)C4=CC=CC(=C4)C(F)(F)F,COC1C(OC(C(C1O)O)OC2C(OC(C(C2O)O)OC)CO)CO
57379345,6850749,0,CC1=CC(=C(C=C1C2CCNCC2)OC(C)C)NC3=NC=C(C(=N3)NC4=CC=CC=C4S(=O)(=O)C(C)C)Cl,CC1(C2CCC(C23CC1C(=CC3O)C(=O)O)C(=O)O)CO.C(CCCC(C(CCCCCO)O)O)CCCC(=O)O
135401907,6251,0,C1=NNC2=C1C(=O)NC=N2,C(C(C(C(C(CO)O)O)O)O)O
51634,11177,0,CCCCN1CC(C(C(C1CO)O)O)O,CCCCCCCCCCCCCCCCCC(=O)[O-].CCCCCCCCCCCCCCCCCC(=O)[O-].[Mg+2]
10220503,3037558,0,CCC(=O)NCC1CC1C2=C3CCOC3=CC=C2,C(C1C(C(C(C(O1)OC(C(CO)O)C(C(C=O)O)O)O)O)O)O
219078,26042,0,CC(=O)NC(COC)C(=O)NCC1=CC=CC=C1,O=[Ti]=O
16124688,17730,0,C1C2C1C3C=CC2C4C3C(=O)N(C4=O)NC(=O)C5=CC=C(C=C5)C(F)(F)F,C1=CC(=CC=C1N=NC2=C(C=CC3=C2C=CC(=C3)S(=O)(=O)[O-])O)S(=O)(=O)[O-].[Na+].[Na+]
84003,62698,0,C1CN2C(=CC=C2C(=O)C3=CC=CC=C3)C1C(=O)O.C(C(CO)(CO)N)O,C(C1C(C(C(C(O1)OC2C(OC(C(C2O)O)OC3C(OC(C(C3O)O)O)CO)CO)O)O)O)O
5388962,11177,0,CCOC(=O)C(CCC1=CC=CC=C1)NC(C)C(=O)N2CCCC2C(=O)O,CCCCCCCCCCCCCCCCCC(=O)[O-].CCCCCCCCCCCCCCCCCC(=O)[O-].[Mg+2]
148195,11177,0,C1CN(CCC1CC(=O)N2CCC(CC2)C3C4=C(CCC5=C3N=CC(=C5)Br)C=C(C=C4Br)Cl)C(=O)N,CCCCCCCCCCCCCCCCCC(=O)[O-].CCCCCCCCCCCCCCCCCC(=O)[O-].[Mg+2]
41684,61817,0,CC(=O)OC1=CC=CC=C1C(=O)NC2=NC=C(S2)[N+](=O)[O-],C1=CC(=CC=C1N=NC2=C(C=CC3=C2C=CC(=C3)S(=O)(=O)[O-])[O-])S(=O)(=O)[O-].[Al+3]
16004692,104938,0,CCCNS(=O)(=O)NC1=C(C(=NC=N1)OCCOC2=NC=C(C=N2)Br)C3=CC=C(C=C3)Br,C(C1C(C(C(C(O1)OC2C(OC(C(C2O)O)O)CO)O)O)O)O.O
154256,123706,0,CC1=C(N(C2=C1C=C(C=C2)O)CC3=CC=C(C=C3)OCCN4CCCCCC4)C5=CC=C(C=C5)O.CC(=O)O,CCC(C1=C(C=C(C=C1)N(C)C)C)N
71616,26042,0,CC(C1=NC=NC=C1F)C(CN2C=NC=N2)(C3=C(C=C(C=C3)F)F)O,O=[Ti]=O
41684,5988,0,CC(=O)OC1=CC=CC=C1C(=O)NC2=NC=C(S2)[N+](=O)[O-],C(C1C(C(C(C(O1)OC2(C(C(C(O2)CO)O)O)CO)O)O)O)O
11990828,26924,0,CN1CCN(CC1)CCCOC2=C(C=C3C(=C2)N=CC(=C3NC4=CC(=C(C=C4Cl)Cl)OC)C#N)OC.O,O[Si](=O)[O-].O[Si](=O)[O-].[O-][Si](=O)[O-].[O-][Si](=O)[O-].[Mg+2].[Mg+2].[Mg+2]
441300,84571,0,C1CC1NC2=C3C(=NC(=N2)N)N(C=N3)C4CC(C=C4)CO,C(C1C(C(C(C(O1)OC2C(OC(C(C2O)O)O)CO)O)O)O)O
56844015,56841934,0,B1(OC(=O)C(O1)(CC(=O)O)CC(=O)O)C(CC(C)C)NC(=O)CNC(=O)C2=C(C=CC(=C2)Cl)Cl,O.O.O.[Fe].[Fe]
56844015,26042,0,B1(OC(=O)C(O1)(CC(=O)O)CC(=O)O)C(CC(C)C)NC(=O)CNC(=O)C2=C(C=CC(=C2)Cl)Cl,O=[Ti]=O
3784,11177,0,CC1=C(C(C(=C(N1)C)C(=O)OC(C)C)C2=CC=CC3=NON=C32)C(=O)OC,CCCCCCCCCCCCCCCCCC(=O)[O-].CCCCCCCCCCCCCCCCCC(=O)[O-].[Mg+2]
1349907,6581,0,CN1C=CNC1=S,C=CC(=O)O
71616,11177,0,CC(C1=NC=NC=C1F)C(CN2C=NC=N2)(C3=C(C=C(C=C3)F)F)O,CCCCCCCCCCCCCCCCCC(=O)[O-].CCCCCCCCCCCCCCCCCC(=O)[O-].[Mg+2]
71731823,5541,0,CC1C2=C(C=CC(=C2)F)C(=O)N(CC3=NN(C(=C3C4=CC(=C(N=C4)N)O1)C#N)C)C,CC(=O)OCC(COC(=O)C)OC(=O)C
3033,131751496,0,C1=CC=C(C(=C1)CC(=O)O)NC2=C(C=CC=C2Cl)Cl,C1CC(=O)N(C1)C(CP)P
11476460,14055602,0,CN1N=C(N=N1)C2=NC=C(C=C2)C3=C(C=C(C=C3)N4CC(OC4=O)COP(=O)(O)O)F,COC1C(OC(C(C1O)O)OC2C(OC(C(C2O)O)OC)CO)CO
49846579,26924,0,CC1(CCC(=C(C1)C2=CC=C(C=C2)Cl)CN3CCN(CC3)C4=CC(=C(C=C4)C(=O)NS(=O)(=O)C5=CC(=C(C=C5)NCC6CCOCC6)[N+](=O)[O-])OC7=CN=C8C(=C7)C=CN8)C,O[Si](=O)[O-].O[Si](=O)[O-].[O-][Si](=O)[O-].[O-][Si](=O)[O-].[Mg+2].[Mg+2].[Mg+2]
3599,518696,0,CCCCCCCCCCCCCCCCOP(=O)([O-])OCC[N+](C)(C)C,O=[Fe]O[Fe]=O
71764,11177,0,CN(CCCNC(=O)C1CCCO1)C2=NC3=CC(=C(C=C3C(=N2)N)OC)OC.Cl,CCCCCCCCCCCCCCCCCC(=O)[O-].CCCCCCCCCCCCCCCCCC(=O)[O-].[Mg+2]
15008962,62698,0,COC1=C(C(=NC=C1)CS(=O)C2=NC3=C([N-]2)C=CC(=C3)OC(F)F)OC.[Na+],C(C1C(C(C(C(O1)OC2C(OC(C(C2O)O)OC3C(OC(C(C3O)O)O)CO)CO)O)O)O)O
163761,174,0,CC1=CC(=NC2=C1C(=C(C=C2NC(C)CCCN)OC)OC3=CC=CC(=C3)C(F)(F)F)OC.C(CC(=O)O)C(=O)O,C(CO)O
219078,14055602,0,CC(=O)NC(COC)C(=O)NCC1=CC=CC=C1,COC1C(OC(C(C1O)O)OC2C(OC(C(C2O)O)OC)CO)CO
163701,11199,0,CCN(CC)C(=O)C1(CC1CN)C2=CC=CC=C2.Cl,C=CO
71491931,26924,0,C1CCNC(C1)C2(CN(C2)C(=O)C3=C(C(=C(C=C3)F)F)NC4=C(C=C(C=C4)I)F)O.C1CCNC(C1)C2(CN(C2)C(=O)C3=C(C(=C(C=C3)F)F)NC4=C(C=C(C=C4)I)F)O.C(=CC(=O)O)C(=O)O,O[Si](=O)[O-].O[Si](=O)[O-].[O-][Si](=O)[O-].[O-][Si](=O)[O-].[Mg+2].[Mg+2].[Mg+2]
9875401,11199,0,C1COCC(=O)N1C2=CC=C(C=C2)N3CC(OC3=O)CNC(=O)C4=CC=C(S4)Cl,C=CO
216237,11177,0,CC1=CC=CC=C1C(=O)NC2=CC(=C(C=C2)C(=O)N3CCCC(C4=C3C=CC(=C4)Cl)O)C,CCCCCCCCCCCCCCCCCC(=O)[O-].CCCCCCCCCCCCCCCCCC(=O)[O-].[Mg+2]
58557659,56841934,0,CCC1CN(CC1C2=CN=C3N2C4=C(NC=C4)N=C3)C(=O)NCC(F)(F)F,O.O.O.[Fe].[Fe]
25151352,24751,0,C1=CC(=NC=C1CC2=CNC3=C2C=C(C=N3)Cl)NCC4=CN=C(C=C4)C(F)(F)F,CC1CO1.C1CO1
3001055,131751496,1,CNC(=C[N+](=O)[O-])NCCSCC1=CC=C(O1)CN(C)C,C1CC(=O)N(C1)C(CP)P
11065,6134,0,CN(C)CCC=C1C2=CC=CC=C2CCC3=CC=CC=C31.Cl,C(C1C(C(C(C(O1)OC2C(OC(C(C2O)O)O)CO)O)O)O)O
71492247,104938,0,CC(C)OC(=O)C(C)NP(=O)(COC(C)CN1C=NC2=C(N=CN=C21)N)OC3=CC=CC=C3.CC(C)OC(=O)C(C)NP(=O)(COC(C)CN1C=NC2=C(N=CN=C21)N)OC3=CC=CC=C3.C(=CC(=O)O)C(=O)O,C(C1C(C(C(C(O1)OC2C(OC(C(C2O)O)O)CO)O)O)O)O.O
3033924,516892,0,CC1COC2=C3N1C=C(C(=O)C3=CC(=C2N4CCN(CC4)C)F)C(=O)O.CC1COC2=C3N1C=C(C(=O)C3=CC(=C2N4CCN(CC4)C)F)C(=O)O.O,C(=O)(O)[O-].[Na+]
3672,11177,1,CC(C)CC1=CC=C(C=C1)C(C)C(=O)O,CCCCCCCCCCCCCCCCCC(=O)[O-].CCCCCCCCCCCCCCCCCC(=O)[O-].[Mg+2]
67505836,11177,0,CC(C)C(C(=O)N1CC2(CC2)CC1C3=NC=C(N3)C4=CC5=C(C=C4)C6=C(C5(F)F)C=C(C=C6)C7=CC8=C(C=C7)N=C(N8)C9C1CCC(C1)N9C(=O)C(C(C)C)NC(=O)OC)NC(=O)OC,CCCCCCCCCCCCCCCCCC(=O)[O-].CCCCCCCCCCCCCCCCCC(=O)[O-].[Mg+2]
16158208,6850749,0,CC1C(=O)NC2CSSCC3C(=O)NC(C(=O)NC(C(=O)NC(CSSCC(NC(=O)CNC(=O)C(NC2=O)C(C)O)C(=O)NC(CC4=CC=C(C=C4)O)C(=O)O)C(=O)NC(CSSCC(C(=O)N3)N)C(=O)NC(C(=O)N5CCCC5C(=O)N1)CC(=O)N)CC6=CC=C(C=C6)O)CCC(=O)O,CC1(C2CCC(C23CC1C(=CC3O)C(=O)O)C(=O)O)CO.C(CCCC(C(CCCCCO)O)O)CCCC(=O)O
9552079,24470,1,C1=CC(=CC=C1NC(=NC(=NCCCCCCN=C(N)N=C(N)NC2=CC=C(C=C2)Cl)N)N)Cl,[N+](=O)([O-])[O-].[Ag+]
6321416,11177,0,CC(OC(=O)C)OC(=O)C1=C(CSC2N1C(=O)C2NC(=O)C(=NOC)C3=CC=CO3)COC(=O)N,CCCCCCCCCCCCCCCCCC(=O)[O-].CCCCCCCCCCCCCCCCCC(=O)[O-].[Mg+2]
24776445,6917,0,CS(=O)(=O)C1=CC(=C(C=C1)C(=O)NC2=CC(=C(C=C2)Cl)C3=CC=CC=N3)Cl,C=CN1CCCC1=O
78357807,23320441,0,CN1C=C(C2=CC=CC=C21)C3=NC(=NC=C3)NC4=C(C=C(C(=C4)NC(=O)C=C)N(C)CCN(C)C)OC.CS(=O)(=O)O,O.[OH-].[O-2].[Fe+3]
129073603,263,0,CC1=CC(=NN1)NC2=NC(=NC(=C2)C)C3CCC(CC3)(C(=O)NC(C)C4=CN=C(C=C4)N5C=C(C=N5)F)OC,CCCCO
2130,24261,0,C1C2CC3CC1CC(C2)(C3)N,O=[Si]=O
9837243,11199,0,CCCC1CC(=O)N(C1)C(CC)C(=O)N,C=CO
5035,23706213,0,C1CCN(CC1)CCOC2=CC=C(C=C2)C(=O)C3=C(SC4=C3C=CC(=C4)O)C5=CC=C(C=C5)O,CC(=O)[O-].C(C(C(C(C(C=O)O)O)O)O)O.[Na+]
12035,516892,0,CC(=O)NC(CS)C(=O)O,C(=O)(O)[O-].[Na+]
656631,6251,0,CN1CCCC1CC2=CNC3=C2C=C(C=C3)CCS(=O)(=O)C4=CC=CC=C4.Br,C(C(C(C(C(CO)O)O)O)O)O
44516822,26042,0,CC(C)(C)C1=NC(=C(S1)C2=NC(=NC=C2)N)C3=C(C(=CC=C3)NS(=O)(=O)C4=C(C=CC=C4F)F)F.CS(=O)(=O)O,O=[Ti]=O
71731823,11177,0,CC1C2=C(C=CC(=C2)F)C(=O)N(CC3=NN(C(=C3C4=CC(=C(N=C4)N)O1)C#N)C)C,CCCCCCCCCCCCCCCCCC(=O)[O-].CCCCCCCCCCCCCCCCCC(=O)[O-].[Mg+2]
4614,68245,0,C1=CC=C(C=C1)C2=C(OC(=N2)CCC(=O)O)C3=CC=CC=C3,C1=C(C=C(C(=C1O)O)O)C2=[O+]C3=CC(=CC(=C3C=C2O)O)O.[Cl-]
6918248,61560,0,C1CN(CCN1CCN2C3=CC=CC=C3NC2=O)C4=CC=CC(=C4)C(F)(F)F,O.[O-2].[O-2].[O-2].[Fe+3].[Fe+3]
9837243,3037558,0,CCCC1CC(=O)N(C1)C(CC)C(=O)N,C(C1C(C(C(C(O1)OC(C(CO)O)C(C(C=O)O)O)O)O)O)O
49800073,11199,0,C1C2CC2N(C1C#N)C(=O)C(C34CC5CC(C3)CC(C5)(C4)O)N.Cl,C=CO
5483,107665,0,CC(C(=O)NCC(=O)O)S,CCOC(=O)C=C.CC(=C)C(=O)O
196,24434,1,C(CCC(=O)O)CC(=O)O,[N+](=O)([O-])[O-].[K+]
5035,11177,0,C1CCN(CC1)CCOC2=CC=C(C=C2)C(=O)C3=C(SC4=C3C=CC(=C4)O)C5=CC=C(C=C5)O,CCCCCCCCCCCCCCCCCC(=O)[O-].CCCCCCCCCCCCCCCCCC(=O)[O-].[Mg+2]
14219,24441,0,CN(C)C(=N)N=C(N)N.Cl,OP(=O)([O-])[O-].[Ca+2]
135449331,6251,0,CC1=C(C=C(C=C1)N2C(=O)C(=C(N2)C)N=NC3=CC=CC(=C3O)C4=CC(=CC=C4)C(=O)O)C.C(CO)N.C(CO)N,C(C(C(C(C(CO)O)O)O)O)O
3715,131751496,1,CC1=C(C2=C(N1C(=O)C3=CC=C(C=C3)Cl)C=CC(=C2)OC)CC(=O)O,C1CC(=O)N(C1)C(CP)P
5280965,6134,0,CC1C=CC=CC=CC=CC=CC=CC=CC(CC2C(C(CC(O2)(CC(CC(C(CCC(CC(CC(=O)OC(C(C1O)C)C)O)O)O)O)O)O)O)C(=O)O)OC3C(C(C(C(O3)C)O)N)O,C(C1C(C(C(C(O1)OC2C(OC(C(C2O)O)O)CO)O)O)O)O
17747012,11177,0,CC1=CN=C(C(=C1OC)C)CS(=O)C2=NC3=C([N-]2)C=CC(=C3)OC.CC1=CN=C(C(=C1OC)C)CS(=O)C2=NC3=C([N-]2)C=CC(=C3)OC.O.O.[Mg+2],CCCCCCCCCCCCCCCCCC(=O)[O-].CCCCCCCCCCCCCCCCCC(=O)[O-].[Mg+2]
11001318,5780,0,C1=CC2=C(C=C1C(=O)O)OC(=N2)C3=CC(=CC(=C3)Cl)Cl,C(C(C(C(C(CO)O)O)O)O)O
9874560,26042,0,CCCCC(=O)OC1CCC2C1(CCC3C2CCC4=C3C=CC(=C4)O)C.CC12CCC3=C4CCC(=O)C=C4CCC3C1CCC2(CC#N)O,O=[Ti]=O
11597697,16211978,0,CC(CC1=CC=CC=C1)NC(=O)C(CCCCN)N.CS(=O)(=O)O.CS(=O)(=O)O,O=[Fe].O=[Fe]O[Fe]=O
445643,518696,0,CC1CC(C2C(CC(C(O2)(C(=O)C(=O)N3CCCCC3C(=O)OC(C(C(CC(=O)C(C=C(C1)C)CC=C)O)C)C(=CC4CCC(C(C4)OC)O)C)O)C)OC)OC,O=[Fe]O[Fe]=O
134018,174,0,CC1=C(SC(=N1)C2=CC(=C(C=C2)OCC(C)C)C#N)C(=O)O,C(CO)O
23668479,14055602,0,CC1=NN=C(O1)C(=O)NC(C)(C)C2=NC(=C(C(=O)N2C)[O-])C(=O)NCC3=CC=C(C=C3)F.[K+],COC1C(OC(C(C1O)O)OC2C(OC(C(C2O)O)OC)CO)CO
129073603,14055602,0,CC1=CC(=NN1)NC2=NC(=NC(=C2)C)C3CCC(CC3)(C(=O)NC(C)C4=CN=C(C=C4)N5C=C(C=N5)F)OC,COC1C(OC(C(C1O)O)OC2C(OC(C(C2O)O)OC)CO)CO
60871,84571,0,CC(C)(C)C(=O)OCOP(=O)(COCCN1C=NC2=C(N=CN=C21)N)OCOC(=O)C(C)(C)C,C(C1C(C(C(C(O1)OC2C(OC(C(C2O)O)O)CO)O)O)O)O
5311083,1030,0,CC1=CN=C(C(=C1OC)C)CS(=O)C2=NC3=C([N-]2)C=CC(=C3)OC.CC1=CN=C(C(=C1OC)C)CS(=O)C2=NC3=C([N-]2)C=CC(=C3)OC.[Mg+2],CC(CO)O
134780,26042,0,C1CC(=O)NC(=O)C1N2C(=O)C3=C(C2=O)C(=CC=C3)N,O=[Ti]=O
121892,6328154,0,CCOC(=O)NC1=C(C=C(C=C1)NCC2=CC=C(C=C2)F)N,CC(=O)O.C(C(C(C(C(C=O)O)O)O)O)O.[Na]
25166913,518696,0,CN1CCC(CC1C2=NC3=CC=CC=C3N2)NC(=O)NC4=CC=C(C=C4)C#N,O=[Fe]O[Fe]=O
3036505,5541,0,C1=CC=C(C=C1)C(=C(C2=CC=CC=C2)C3=CC=C(C=C3)OCCO)CCCl,CC(=O)OCC(COC(=O)C)OC(=O)C
5284583,263,0,CCC(C(=O)N)N1CCCC1=O,CCCCO
6451150,11199,0,C1CN2C(=NN=C2C(F)(F)F)CN1C(=O)CC(CC3=CC(=C(C=C3F)F)F)N.OP(=O)(O)O,C=CO
71731823,104938,0,CC1C2=C(C=CC(=C2)F)C(=O)N(CC3=NN(C(=C3C4=CC(=C(N=C4)N)O1)C#N)C)C,C(C1C(C(C(C(O1)OC2C(OC(C(C2O)O)O)CO)O)O)O)O.O
1983,702,0,CC(=O)NC1=CC=C(C=C1)O,CCO
24785956,56841934,0,CC1=C(C(=O)N(C(=O)N1CC2=C(C=CC=C2F)C(F)(F)F)CC(C3=CC=CC=C3)NCCCC(=O)[O-])C4=C(C(=CC=C4)OC)F.[Na+],O.O.O.[Fe].[Fe]
9578005,11029,0,CC1=C(C=CN=C1CS(=O)C2=NC3=CC=CC=C3N2)OCC(F)(F)F,C(=O)([O-])[O-].[Mg+2]
135476717,26042,0,CCS(=O)(=O)O.CN1CCN(CC1)CC(=O)N(C)C2=CC=C(C=C2)N=C(C3=CC=CC=C3)C4=C(NC5=C4C=CC(=C5)C(=O)OC)O,O=[Ti]=O
10324367,26042,0,CC1(C2C1C(N(C2)C(=O)C(C(C)(C)C)NC(=O)NC(C)(C)C)C(=O)NC(CC3CCC3)C(=O)C(=O)N)C,O=[Ti]=O
6450551,14055602,0,CNC(=O)C1=CC=CC=C1SC2=CC3=C(C=C2)C(=NN3)C=CC4=CC=CC=N4,COC1C(OC(C(C1O)O)OC2C(OC(C(C2O)O)OC)CO)CO
4614,443314,0,C1=CC=C(C=C1)C2=C(OC(=N2)CCC(=O)O)C3=CC=CC=C3,CCCCCCCCCCCC(=O)OCCOCC(C1C(C(CO1)OCCO)OCCO)OCCO
2249,51063134,1,CC(C)NCC(COC1=CC=C(C=C1)CC(=O)N)O,COCC1C(C(C(C(O1)OC2C(OC(C(C2OC)OC)OC)COC)OC)OC)OC
41684,24671,0,CC(=O)OC1=CC=CC=C1C(=O)NC2=NC=C(S2)[N+](=O)[O-],C1=CC=C2C(=C1)C(=O)C(C2=O)C3=NC4=C(C=C(C=C4C=C3)S(=O)(=O)[O-])S(=O)(=O)[O-].[Na+].[Na+]
25151352,6251,0,C1=CC(=NC=C1CC2=CNC3=C2C=C(C=N3)Cl)NCC4=CN=C(C=C4)C(F)(F)F,C(C(C(C(C(CO)O)O)O)O)O
54891,311,0,CCOC(=O)C(CCC1=CC=CC=C1)NC(C)C(=O)N2CC3=CC=CC=C3CC2C(=O)O.Cl,C(C(=O)O)C(CC(=O)O)(C(=O)O)O
9871419,123706,0,CCCSC1=NC(=C2C(=N1)N(N=N2)C3CC(C(C3O)O)OCCO)NC4CC4C5=CC(=C(C=C5)F)F,CCC(C1=C(C=C(C=C1)N(C)C)C)N
6436173,26042,0,CC1C=CC=C(C(=O)NC2=C(C3=C(C4=C(C(=C3O)C)OC(C4=O)(OC=CC(C(C(C(C(C(C1O)C)O)C)OC(=O)C)C)OC)C)C5=C2N6C=CC(=CC6=N5)C)O)C,O=[Ti]=O
9821849,24261,0,CC(=O)OC1CCC2(C3CCC4(C(C3CC=C2C1)CC=C4C5=CN=CC=C5)C)C,O=[Si]=O
3062316,26042,0,CC1=C(C(=CC=C1)Cl)NC(=O)C2=CN=C(S2)NC3=CC(=NC(=N3)C)N4CCN(CC4)CCO,O=[Ti]=O
753,14915,1,C(C(CO)O)O,O=[Cr](=O)=O
4495,11177,0,CS(=O)(=O)NC1=C(C=C(C=C1)[N+](=O)[O-])OC2=CC=CC=C2,CCCCCCCCCCCCCCCCCC(=O)[O-].CCCCCCCCCCCCCCCCCC(=O)[O-].[Mg+2]
23725423,26042,0,CC1=C(C2=CC=CC=C2N1)CCNCC3=CC=C(C=C3)C=CC(=O)NO.CC(C(=O)O)O,O=[Ti]=O
23668479,16211978,0,CC1=NN=C(O1)C(=O)NC(C)(C)C2=NC(=C(C(=O)N2C)[O-])C(=O)NCC3=CC=C(C=C3)F.[K+],O=[Fe].O=[Fe]O[Fe]=O
3308,6917,0,CCC1=C2C(=CC=C1)C3=C(N2)C(OCC3)(CC)CC(=O)O,C=CN1CCCC1=O
50905713,24261,0,CC(C1=CC2=C(C(=CC=C2)Cl)C(=O)N1C3=CC=CC=C3)NC4=NC=NC5=C4NC=N5,O=[Si]=O
78131177,26042,0,CN1CC(C2=C(C1)C(=CC(=C2)Cl)Cl)C3=CC(=CC=C3)S(=O)(=O)NCCOCCOCCNC(=O)NCCCCNC(=O)NCCOCCOCCNS(=O)(=O)C4=CC=CC(=C4)C5CN(CC6=C5C=C(C=C6Cl)Cl)C.Cl.Cl,O=[Ti]=O
4631,131751496,1,CC(C)NCC(COC1=CC=CC=C1OCC=C)O,C1CC(=O)N(C1)C(CP)P
24965990,270885,0,CC1CCN(CCN1C(=O)C2=C(C=CC(=C2)C)N3N=CC=N3)C4=NC5=C(O4)C=CC(=C5)Cl,CC(=O)OC=C.C=CN1CCCC1=O
118023034,26042,0,CC(C1=CC=C(C=C1)F)(C2=CN=C(N=C2)N3CCN(CC3)C4=NC=NN5C4=CC(=C5)C6=CN(N=C6)C)N,O=[Ti]=O
25141092,14055602,0,CN1CCN(CC1)C2=CC(=C(C=C2)C(=O)NC3=NNC4=C3C=C(C=C4)CC5=CC(=CC(=C5)F)F)NC6CCOCC6,COC1C(OC(C(C1O)O)OC2C(OC(C(C2O)O)OC)CO)CO
130881,26924,0,CCCC1=NC(=C(N1CC2=CC=C(C=C2)C3=CC=CC=C3C4=NNN=N4)C(=O)OCC5=C(OC(=O)O5)C)C(C)(C)O,O[Si](=O)[O-].O[Si](=O)[O-].[O-][Si](=O)[O-].[O-][Si](=O)[O-].[Mg+2].[Mg+2].[Mg+2]
4173,516892,0,CC1=NC=C(N1CCO)[N+](=O)[O-],C(=O)(O)[O-].[Na+]
243,56841936,1,C1=CC=C(C=C1)C(=O)O,O.O.O=[Al]O[Si](=O)O[Si](=O)O[Al]=O
62937,1030,0,CC(C)NCC(COC1=CC=C(C=C1)CCOC)O.CC(C)NCC(COC1=CC=C(C=C1)CCOC)O.C(CC(=O)O)C(=O)O,CC(CO)O
5717,70519829,0,CC1=CC=CC=C1S(=O)(=O)NC(=O)C2=CC(=C(C=C2)CC3=CN(C4=C3C=C(C=C4)NC(=O)OC5CCCC5)C)OC,CCCCCCCC[N+](C)(C)C1=CC=CC=C1.[Cl-]
2727,11177,1,CCCNC(=O)NS(=O)(=O)C1=CC=C(C=C1)Cl,CCCCCCCCCCCCCCCCCC(=O)[O-].CCCCCCCCCCCCCCCCCC(=O)[O-].[Mg+2]
129791,11177,0,CN(C)CCOC1=CC=C(C=C1)CNC(=O)C2=CC(=C(C=C2)OC)OC.Cl,CCCCCCCCCCCCCCCCCC(=O)[O-].CCCCCCCCCCCCCCCCCC(=O)[O-].[Mg+2]
159269,24261,0,CC1=CN(C(=O)NC1=O)C2CC(C(O2)CO)O,O=[Si]=O
11673085,26924,0,CC1CNCCC2=C1C=C(C=C2)Cl.Cl,O[Si](=O)[O-].O[Si](=O)[O-].[O-][Si](=O)[O-].[O-][Si](=O)[O-].[Mg+2].[Mg+2].[Mg+2]
63013,104804,0,CN(C)CC1CCCCC1(C2=CC(=CC=C2)OC)O.Cl,CC(=C)C(=O)O.CC(=C)C(=O)O.CN(C)C
24776445,3423265,0,CS(=O)(=O)C1=CC(=C(C=C1)C(=O)NC2=CC(=C(C=C2)Cl)C3=CC=CC=N3)Cl,CCCCCCCCCCCCOS(=O)(=O)[O-].[Na+]
5281040,134601,0,CC(C)(C1=CC=CC=C1CCC(C2=CC=CC(=C2)C=CC3=NC4=C(C=CC(=C4)Cl)C=C3)SCC5(CC5)CC(=O)O)O,COC(=O)C(CC1=CC=CC=C1)NC(=O)C(CC(=O)O)N
71491931,14055602,0,C1CCNC(C1)C2(CN(C2)C(=O)C3=C(C(=C(C=C3)F)F)NC4=C(C=C(C=C4)I)F)O.C1CCNC(C1)C2(CN(C2)C(=O)C3=C(C(=C(C=C3)F)F)NC4=C(C=C(C=C4)I)F)O.C(=CC(=O)O)C(=O)O,COC1C(OC(C(C1O)O)OC2C(OC(C(C2O)O)OC)CO)CO
244,1118,1,C1=CC=C(C=C1)CO,OS(=O)(=O)O
46700777,5362585,0,CCC1=C(C=CC(=C1)C(=NOCC2=CC(=C(C=C2)C3CCCCC3)C(F)(F)F)C)CN4CC(C4)C(=O)O.CCC1=C(C=CC(=C1)C(=NOCC2=CC(=C(C=C2)C3CCCCC3)C(F)(F)F)C)CN4CC(C4)C(=O)O.C(=CC(=O)O)C(=O)O,CCCCCCCCCCCCCCCCCCCCCC(=O)OCC(CO)O
45138699,16211978,0,CC1CN(CC(O1)C)C2=NC=C(C=C2)NC(=O)C3=CC=CC(=C3C)C4=CC=C(C=C4)OC(F)(F)F.OP(=O)(O)O.OP(=O)(O)O,O=[Fe].O=[Fe]O[Fe]=O
71616,6134,0,CC(C1=NC=NC=C1F)C(CN2C=NC=N2)(C3=C(C=C(C=C3)F)F)O,C(C1C(C(C(C(O1)OC2C(OC(C(C2O)O)O)CO)O)O)O)O
11237860,6251,0,C1CCC(C(C1)CN2CCN(CC2)C3=NSC4=CC=CC=C43)CN5C(=O)C6C7CCC(C7)C6C5=O.Cl,C(C(C(C(C(CO)O)O)O)O)O
23668479,104938,0,CC1=NN=C(O1)C(=O)NC(C)(C)C2=NC(=C(C(=O)N2C)[O-])C(=O)NCC3=CC=C(C=C3)F.[K+],C(C1C(C(C(C(O1)OC2C(OC(C(C2O)O)O)CO)O)O)O)O.O
181458,14923,0,CC12CC3CC(C1)(CC(C3)(C2)N)C.Cl,[NH4+].[OH-]
6918248,26924,0,C1CN(CCN1CCN2C3=CC=CC=C3NC2=O)C4=CC=CC(=C4)C(F)(F)F,O[Si](=O)[O-].O[Si](=O)[O-].[O-][Si](=O)[O-].[O-][Si](=O)[O-].[Mg+2].[Mg+2].[Mg+2]
11250029,26924,0,CC1=CC(=CC(=C1CC(C(=O)N(CC2=CC(=C(C=C2)OC)C(=O)O)C(C)C3=NC=C(N3)C4=CC=CC=C4)N)C)C(=O)N,O[Si](=O)[O-].O[Si](=O)[O-].[O-][Si](=O)[O-].[O-][Si](=O)[O-].[Mg+2].[Mg+2].[Mg+2]
60834,6506,0,CNCCC(C1=CC=CS1)OC2=CC=CC3=CC=CC=C32.Cl,CCOC(=O)CC(CC(=O)OCC)(C(=O)OCC)O
169535,33258,0,CC1=C(C(=O)C=CO1)[O-].CC1=C(C(=O)C=CO1)[O-].CC1=C(C(=O)C=CO1)[O-].[Fe+3],CC1=CC(=C(C=C1S(=O)(=O)[O-])OC)N=NC2=C(C=CC3=C2C=CC(=C3)S(=O)(=O)[O-])O.[Na+].[Na+]
41684,26042,0,CC(=O)OC1=CC=CC=C1C(=O)NC2=NC=C(S2)[N+](=O)[O-],O=[Ti]=O
41693,6251,0,CCC(=O)N(C1=CC=CC=C1)C2(CCN(CC2)CCC3=CC=CS3)COC,C(C(C(C(C(CO)O)O)O)O)O
54697325,23665634,0,CC(C)(C)CNCC1=CC(=C2CC3CC4C(C(=O)C(=C(C4(C(=O)C3=C(C2=C1O)O)O)O)C(=O)N)N(C)C)N(C)C,CCCCCCCCCCCCCCCCCCOC(=O)C=CC(=O)[O-].[Na+]
11626560,1030,0,CC(C1=C(C=CC(=C1Cl)F)Cl)OC2=C(N=CC(=C2)C3=CN(N=C3)C4CCNCC4)N,CC(CO)O
5282455,5541,0,CC(C)C1=NC(=NC(=C1C=CC(CC(CC(=O)[O-])O)O)C2=CC=C(C=C2)F)N(C)S(=O)(=O)C.CC(C)C1=NC(=NC(=C1C=CC(CC(CC(=O)[O-])O)O)C2=CC=C(C=C2)F)N(C)S(=O)(=O)C.[Ca+2],CC(=O)OCC(COC(=O)C)OC(=O)C
9871419,104805,0,CCCSC1=NC(=C2C(=N1)N(N=N2)C3CC(C(C3O)O)OCCO)NC4CC4C5=CC(=C(C=C5)F)F,O.O.OP(=O)([O-])[O-].[Ca+2]
4168,24832091,0,CCN(CC)CCNC(=O)C1=CC(=C(C=C1OC)N)Cl,CCOCC1C(C(C(C(O1)OC)OCC)OCC)OC2C(C(C(C(O2)CO)OC)O)O
11250029,11177,0,CC1=CC(=CC(=C1CC(C(=O)N(CC2=CC(=C(C=C2)OC)C(=O)O)C(C)C3=NC=C(N3)C4=CC=CC=C4)N)C)C(=O)N,CCCCCCCCCCCCCCCCCC(=O)[O-].CCCCCCCCCCCCCCCCCC(=O)[O-].[Mg+2]
24970412,518696,0,CNCC(C(C(C(CO)O)O)O)O.C1=CC2=C(C=C1C(=O)O)OC(=N2)C3=CC(=CC(=C3)Cl)Cl,O=[Fe]O[Fe]=O
3883,6451167,0,CC1=C(C=CN=C1CS(=O)C2=NC3=CC=CC=C3N2)OCC(F)(F)F,O.O.OP(=O)([O-])[O-].[Na+].[Na+]
5754,11177,1,CC12CCC(=O)C=C1CCC3C2C(CC4(C3CCC4(C(=O)CO)O)C)O,CCCCCCCCCCCCCCCCCC(=O)[O-].CCCCCCCCCCCCCCCCCC(=O)[O-].[Mg+2]
637568,26042,0,COC(=O)C=CC(=O)OC,O=[Ti]=O
78131177,5281,0,CN1CC(C2=C(C1)C(=CC(=C2)Cl)Cl)C3=CC(=CC=C3)S(=O)(=O)NCCOCCOCCNC(=O)NCCCCNC(=O)NCCOCCOCCNS(=O)(=O)C4=CC=CC(=C4)C5CN(CC6=C5C=C(C=C6Cl)Cl)C.Cl.Cl,CCCCCCCCCCCCCCCCCC(=O)O
44093,6917,0,CC(CS)C(=O)N1CCCC1C(=O)O,C=CN1CCCC1=O
1983,22311,0,CC(=O)NC1=CC=C(C=C1)O,CC1=CCC(CC1)C(=C)C
5487,24261,0,C1CN=C(N1)NC2=C(C=CC3=NSN=C32)Cl,O=[Si]=O
3308,104938,0,CCC1=C2C(=CC=C1)C3=C(N2)C(OCC3)(CC)CC(=O)O,C(C1C(C(C(C(O1)OC2C(OC(C(C2O)O)O)CO)O)O)O)O.O
5486971,56841934,0,CC(C)CC(CC(=O)O)CN,O.O.O.[Fe].[Fe]
3672,174,0,CC(C)CC1=CC=C(C=C1)C(C)C(=O)O,C(CO)O
11561674,6328154,0,CCOC1=C(C=CC(=C1)C(CS(=O)(=O)C)N2C(=O)C3=C(C2=O)C(=CC=C3)NC(=O)C)OC,CC(=O)O.C(C(C(C(C(C=O)O)O)O)O)O.[Na]
163701,24261,0,CCN(CC)C(=O)C1(CC1CN)C2=CC=CC=C2.Cl,O=[Si]=O
72722243,3423265,0,CC(C)(C)C1=CC(=C(C=C1NC(=O)C2=CNC3=CC=CC=C3C2=O)O)C(C)(C)C.CC(C)(CO)C1=CC2=CC(=C(C=C2N1CC(CO)O)F)NC(=O)C3(CC3)C4=CC5=C(C=C4)OC(O5)(F)F,CCCCCCCCCCCCOS(=O)(=O)[O-].[Na+]
1549000,1254,0,C1CN(CCN1CCOCC(=O)O)C(C2=CC=CC=C2)C3=CC=C(C=C3)Cl,CC1CCC(C(C1)O)C(C)C
44610678,56841934,0,CC1=CC=C(C=C1)S(=O)(=O)O.CN1CCC2=C(C1)SC(=N2)C(=O)NC3CC(CCC3NC(=O)C(=O)NC4=NC=C(C=C4)Cl)C(=O)N(C)C,O.O.O.[Fe].[Fe]
118023034,11199,0,CC(C1=CC=C(C=C1)F)(C2=CN=C(N=C2)N3CCN(CC3)C4=NC=NN5C4=CC(=C5)C6=CN(N=C6)C)N,C=CO
11978813,26924,0,C1CN(CCN1CCCCOC2=CC3=C(C=C2)C=CC(=O)N3)C4=C5C=CSC5=CC=C4,O[Si](=O)[O-].O[Si](=O)[O-].[O-][Si](=O)[O-].[O-][Si](=O)[O-].[Mg+2].[Mg+2].[Mg+2]
11304743,26042,0,CN(C1=C(N=C(N=C1N)C2=NN(C3=C2C=CC=N3)CC4=CC=CC=C4F)N)C(=O)OC,O=[Ti]=O
134780,1030,0,C1CC(=O)NC(=O)C1N2C(=O)C3=C(C2=O)C(=CC=C3)N,CC(CO)O
41684,47932,0,CC(=O)OC1=CC=CC=C1C(=O)NC2=NC=C(S2)[N+](=O)[O-],C1=CC(=C(C=C1N)N)OCCO.Cl.Cl
10130337,518696,0,C1=CC=C(C=C1)CC(COC(=O)N)N,O=[Fe]O[Fe]=O
9869929,11177,0,COC1=C(C=C(C=C1)CNC2=NC(=NC=C2C(=O)NCC3=NC=CC=N3)N4CCCC4CO)Cl,CCCCCCCCCCCCCCCCCC(=O)[O-].CCCCCCCCCCCCCCCCCC(=O)[O-].[Mg+2]
969472,24261,0,CN1CCN(CC1)C(=O)OC2C3=NC=CN=C3C(=O)N2C4=NC=C(C=C4)Cl,O=[Si]=O
49843517,14792,0,CCCCCCOC(C)C1=CC=CC(=C1OC)C2=CSC(=N2)NC(=O)C3=CC(=C(C(=C3)Cl)C=C(C)C(=O)O)Cl,O=[Mg]
135565082,1030,0,CN1C(=NC=N1)C2C(NC3=CC(=CC4=C3C2=NNC4=O)F)C5=CC=C(C=C5)F,CC(CO)O
24906252,11199,0,CCOC1=CC=C(C=C1)CC2=C(C=CC(=C2)C3C(C(C(C(O3)CO)O)O)O)Cl.CC(CO)O.O,C=CO
656631,104938,0,CN1CCCC1CC2=CNC3=C2C=C(C=C3)CCS(=O)(=O)C4=CC=CC=C4.Br,C(C1C(C(C(C(O1)OC2C(OC(C(C2O)O)O)CO)O)O)O)O.O
66558664,26924,0,CCN(C1CCOCC1)C2=CC(=CC(=C2C)C(=O)NCC3=C(C=C(NC3=O)C)C)C4=CC=C(C=C4)CN5CCOCC5,O[Si](=O)[O-].O[Si](=O)[O-].[O-][Si](=O)[O-].[O-][Si](=O)[O-].[Mg+2].[Mg+2].[Mg+2]
10348973,123706,0,CN(C)CC1=C(SC2=C1C(=O)N(C(=O)N2CC3=C(C=CC=C3F)F)C4=NN=C(C=C4)OC)C5=CC=C(C=C5)NC(=O)NOC,CCC(C1=C(C=C(C=C1)N(C)C)C)N
51039,14109413,0,C1C(=C(N2C(S1)C(C2=O)NC(=O)C(C3=CC=CC=C3)N)C(=O)O)Cl,CC(=O)C1CC(=O)C2(C1(CC(=O)C3=C2C(CC4C3(CCC(C4(C)C)O)C)O)C)C
53239799,445709,0,CCC1=CC2=C(C=C1N3CCC(CC3)N4CCOCC4)C(C5=C(C2=O)C6=C(N5)C=C(C=C6)C#N)(C)C.Cl,O.O.O.[Fe]
4421,11177,1,CCN1C=C(C(=O)C2=C1N=C(C=C2)C)C(=O)O,CCCCCCCCCCCCCCCCCC(=O)[O-].CCCCCCCCCCCCCCCCCC(=O)[O-].[Mg+2]
51039094,4873,0,CC1=C(C=CC(=C1)NC2=NC=NC3=C2C=C(C=C3)NC4=NC(CO4)(C)C)OC5=CC6=NC=NN6C=C5,[Cl-].[K+]
10077129,26042,0,CCOC(=O)NC1CCC2C(C1)CC3C(C2C=CC4=NC=C(C=C4)C5=CC(=CC=C5)F)C(OC3=O)C.OS(=O)(=O)O,O=[Ti]=O
5491577,11177,0,C=CC1=C(N2C(C(C2=O)NC(=O)C(=NOCC(=O)O)C3=CSC(=N3)N)SC1)C(=O)O.O.O.O,CCCCCCCCCCCCCCCCCC(=O)[O-].CCCCCCCCCCCCCCCCCC(=O)[O-].[Mg+2]
46700774,6251,0,CN1CCC(CC1)COC2=CN=C(N=C2)C3=CC=CC(=C3)CN4C(=O)C=CC(=N4)C5=CC=CC(=C5)C#N.O.Cl,C(C(C(C(C(CO)O)O)O)O)O
77997,4764,0,CN(C)CCC1=CNC2=C1C=C(C=C2)CN3C=NC=N3.C1=CC=C(C=C1)C(=O)O,C1=CC=C2C(=C1)C(=O)OC2(C3=CC=C(C=C3)O)C4=CC=C(C=C4)O
67683363,11199,0,CC1CCC(N1C(=O)C(C(C)C)NC(=O)OC)C2=NC3=C(N2)C=CC4=CC5=C(C=C43)OCC6=C5C=CC(=C6)C7=CN=C(N7)C8CC(CN8C(=O)C(C9=CC=CC=C9)NC(=O)OC)COC,C=CO
23665037,14055602,0,C1=C(C=C(C(=C1I)OC2=CC(=C(C(=C2)I)O)I)I)CC(C(=O)[O-])N.O.O.O.O.O.[Na+],COC1C(OC(C(C1O)O)OC2C(OC(C(C2O)O)OC)CO)CO
11250029,174,0,CC1=CC(=CC(=C1CC(C(=O)N(CC2=CC(=C(C=C2)OC)C(=O)O)C(C)C3=NC=C(N3)C4=CC=CC=C4)N)C)C(=O)N,C(CO)O
14720269,11177,0,CC1=C(C=CN=C1CS(=O)C2=NC3=CC=CC=C3[N-]2)OCCCOC.[Na+],CCCCCCCCCCCCCCCCCC(=O)[O-].CCCCCCCCCCCCCCCCCC(=O)[O-].[Mg+2]
5281068,17730,0,CN(C)CCC(C1=CC=C(C=C1)Cl)C2=CC=CC=N2.C(=CC(=O)O)C(=O)O,C1=CC(=CC=C1N=NC2=C(C=CC3=C2C=CC(=C3)S(=O)(=O)[O-])O)S(=O)(=O)[O-].[Na+].[Na+]
46892186,11199,0,CC1=NN(C=N1)C2=NC=C(C3=C2N(C=C3C(=O)C(=O)N4CCN(CC4)C(=O)C5=CC=CC=C5)COP(=O)(O)O)OC.C(C(CO)(CO)N)O,C=CO
189729,21862903,1,C1CC(N(C1)C(=O)C(CCCCN)OP(=O)(CCCCC2=CC=CC=C2)O)C(=O)O,O.O.[O-]P(=O)([O-])[O-].[Ca+2].[Ca+2]
9874560,131751496,0,CCCCC(=O)OC1CCC2C1(CCC3C2CCC4=C3C=CC(=C4)O)C.CC12CCC3=C4CCC(=O)C=C4CCC3C1CCC2(CC#N)O,C1CC(=O)N(C1)C(CP)P
4771,712,1,CC(C)(CC1=CC=CC=C1)N,C=O
3033637,11177,0,CNC(=C[N+](=O)[O-])NCCSCC1=CSC(=N1)CN(C)C,CCCCCCCCCCCCCCCCCC(=O)[O-].CCCCCCCCCCCCCCCCCC(=O)[O-].[Mg+2]
445643,11177,0,CC1CC(C2C(CC(C(O2)(C(=O)C(=O)N3CCCCC3C(=O)OC(C(C(CC(=O)C(C=C(C1)C)CC=C)O)C)C(=CC4CCC(C(C4)OC)O)C)O)C)OC)OC,CCCCCCCCCCCCCCCCCC(=O)[O-].CCCCCCCCCCCCCCCCCC(=O)[O-].[Mg+2]
9869929,23320441,0,COC1=C(C=C(C=C1)CNC2=NC(=NC=C2C(=O)NCC3=NC=CC=N3)N4CCCC4CO)Cl,O.[OH-].[O-2].[Fe+3]
11001318,161821,0,C1=CC2=C(C=C1C(=O)O)OC(=N2)C3=CC(=CC(=C3)Cl)Cl,CC(=O)OC=C.C1=CC=C(C(=C1)C(=O)O)C(=O)O
9913767,6251,0,CC(C)N(CCCCOCC(=O)NS(=O)(=O)C)C1=CN=C(C(=N1)C2=CC=CC=C2)C3=CC=CC=C3,C(C(C(C(C(CO)O)O)O)O)O
9924495,26924,0,C1=CC=C(C=C1)N2C=C(C=C(C2=O)C3=CC=CC=C3C#N)C4=CC=CC=N4,O[Si](=O)[O-].O[Si](=O)[O-].[O-][Si](=O)[O-].[O-][Si](=O)[O-].[Mg+2].[Mg+2].[Mg+2]
3884,7456,1,CC(=CCC1=C(C2=CC=CC=C2C(=O)C1=O)O)C,COC(=O)C1=CC=C(C=C1)O
10174505,14923,0,CC1CCN(CC1N(C)C2=NC=NC3=C2C=CN3)C(=O)CC#N.C(C(=O)O)C(CC(=O)O)(C(=O)O)O,[NH4+].[OH-]
3386,131751496,0,CNCCC(C1=CC=CC=C1)OC2=CC=C(C=C2)C(F)(F)F,C1CC(=O)N(C1)C(CP)P
24872560,24261,0,CNC(=O)C1=C(C=C(C=C1)N2C(=S)N(C(=O)C23CCC3)C4=CC(=C(N=C4)C#N)C(F)(F)F)F,O=[Si]=O
219078,131751496,0,CC(=O)NC(COC)C(=O)NCC1=CC=CC=C1,C1CC(=O)N(C1)C(CP)P
6442177,11177,0,CC1CCC2CC(C(=CC=CC=CC(CC(C(=O)C(C(C(=CC(C(=O)CC(OC(=O)C3CCCCN3C(=O)C(=O)C1(O2)O)C(C)CC4CCC(C(C4)OC)OCCO)C)C)O)OC)C)C)C)OC,CCCCCCCCCCCCCCCCCC(=O)[O-].CCCCCCCCCCCCCCCCCC(=O)[O-].[Mg+2]
10176082,1117,1,[OH-].[OH-].[OH-].[Al+3],[O-]S(=O)(=O)[O-]
54840,3423265,0,CC1=CC=CC=C1OC(CCNC)C2=CC=CC=C2.Cl,CCCCCCCCCCCCOS(=O)(=O)[O-].[Na+]
16220172,26924,0,CC(C)(C)C1=CC(=C(C=C1NC(=O)C2=CNC3=CC=CC=C3C2=O)O)C(C)(C)C,O[Si](=O)[O-].O[Si](=O)[O-].[O-][Si](=O)[O-].[O-][Si](=O)[O-].[Mg+2].[Mg+2].[Mg+2]
3825,114690,1,CC(C1=CC(=CC=C1)C(=O)C2=CC=CC=C2)C(=O)O,CCCCCCCCCCCCCCCCCC(=O)O.CCCCCCCCCCCCCCCC(=O)O.C(C(CO)O)O
5311454,12961638,0,CC(C)(C)C(C=CC1=CC2=C(C=C1)OCO2)O,C1=CC=C2C(=C1)C(=O)OC23C4=CC(=C(C(=C4OC5=C(C(=C(C=C35)I)[O-])I)I)[O-])I.[Na+].[Na+]
54681908,24671,0,CN(C)C1C2CC3CC4=C(C=CC(=C4C(=C3C(=O)C2(C(=C(C1=O)C(=O)N)O)O)O)O)CN(C)OC,C1=CC=C2C(=C1)C(=O)C(C2=O)C3=NC4=C(C=C(C=C4C=C3)S(=O)(=O)[O-])S(=O)(=O)[O-].[Na+].[Na+]
6451150,56841934,0,C1CN2C(=NN=C2C(F)(F)F)CN1C(=O)CC(CC3=CC(=C(C=C3F)F)F)N.OP(=O)(O)O,O.O.O.[Fe].[Fe]
11644097,14797,0,C1C(C(C(C(N1)CO)O)O)O.Cl,[OH-].[K+]
86346053,11177,0,CC1CCC23CCC(=O)C2C1(C(CC(C(C3C)O)(C)C=C)OC(=O)CSC4CCC(CC4O)N)C.CC(=O)O,CCCCCCCCCCCCCCCCCC(=O)[O-].CCCCCCCCCCCCCCCCCC(=O)[O-].[Mg+2]
1103,751,1,C(CCNCCCN)CNCCCN,C(C(C=O)O)O
5311454,11177,0,CC(C)(C)C(C=CC1=CC2=C(C=C1)OCO2)O,CCCCCCCCCCCCCCCCCC(=O)[O-].CCCCCCCCCCCCCCCCCC(=O)[O-].[Mg+2]
134018,6328154,0,CC1=C(SC(=N1)C2=CC(=C(C=C2)OCC(C)C)C#N)C(=O)O,CC(=O)O.C(C(C(C(C(C=O)O)O)O)O)O.[Na]
6456015,56841934,0,CCN(CC)CCNC(=O)C1=C(NC(=C1C)C=C2C3=C(C=CC(=C3)F)NC2=O)C.C(C(C(=O)O)O)C(=O)O,O.O.O.[Fe].[Fe]
17397714,7456,0,COC1=CC=CC=C1CNC(=O)C2=NOC(=C2)C3=CC=CC=C3,COC(=O)C1=CC=C(C=C1)O
4763,16211032,0,CCC1(C(=O)NC(=O)NC1=O)C2=CC=CC=C2,C(C1C(C(C(C(O1)OC2C(OC(C(C2O)O)O)CO)O)O)O)O
23668479,131751496,0,CC1=NN=C(O1)C(=O)NC(C)(C)C2=NC(=C(C(=O)N2C)[O-])C(=O)NCC3=CC=C(C=C3)F.[K+],C1CC(=O)N(C1)C(CP)P
10182969,6328154,0,COC1=CC=C(C=C1)N2C3=C(CCN(C3=O)C4=CC=C(C=C4)N5CCCCC5=O)C(=N2)C(=O)N,CC(=O)O.C(C(C(C(C(C=O)O)O)O)O)O.[Na]
35370,6134,0,CC1=CN(C(=O)NC1=O)C2CC(C(O2)CO)N=[N+]=[N-],C(C1C(C(C(C(O1)OC2C(OC(C(C2O)O)O)CO)O)O)O)O
54684141,14055602,0,CC(=C(C#N)C(=O)NC1=CC=C(C=C1)C(F)(F)F)O,COC1C(OC(C(C1O)O)OC2C(OC(C(C2O)O)OC)CO)CO
129791,6251,0,CN(C)CCOC1=CC=C(C=C1)CNC(=O)C2=CC(=C(C=C2)OC)OC.Cl,C(C(C(C(C(CO)O)O)O)O)O
5035,6134,0,C1CCN(CC1)CCOC2=CC=C(C=C2)C(=O)C3=C(SC4=C3C=CC(=C4)O)C5=CC=C(C=C5)O,C(C1C(C(C(C(O1)OC2C(OC(C(C2O)O)O)CO)O)O)O)O
6918313,11199,0,C1CN(CCN1CCCCC2=CNC3=C2C=C(C=C3)C#N)C4=CC5=C(C=C4)OC(=C5)C(=O)N.Cl,C=CO
10324367,6328154,0,CC1(C2C1C(N(C2)C(=O)C(C(C)(C)C)NC(=O)NC(C)(C)C)C(=O)NC(CC3CCC3)C(=O)C(=O)N)C,CC(=O)O.C(C(C(C(C(C=O)O)O)O)O)O.[Na]
214348,11177,0,C1=CC=C(C(=C1)C2=NN(C(=N2)C3=CC=CC=C3O)C4=CC=C(C=C4)C(=O)O)O,CCCCCCCCCCCCCCCCCC(=O)[O-].CCCCCCCCCCCCCCCCCC(=O)[O-].[Mg+2]
2082,23706213,0,CCCSC1=CC2=C(C=C1)N=C(N2)NC(=O)OC,CC(=O)[O-].C(C(C(C(C(C=O)O)O)O)O)O.[Na+]
23725423,11177,0,CC1=C(C2=CC=CC=C2N1)CCNCC3=CC=C(C=C3)C=CC(=O)NO.CC(C(=O)O)O,CCCCCCCCCCCCCCCCCC(=O)[O-].CCCCCCCCCCCCCCCCCC(=O)[O-].[Mg+2]
4168,16211032,0,CCN(CC)CCNC(=O)C1=CC(=C(C=C1OC)N)Cl,C(C1C(C(C(C(O1)OC2C(OC(C(C2O)O)O)CO)O)O)O)O
176871,11177,0,COCCOC1=C(C=C2C(=C1)C(=NC=N2)NC3=CC=CC(=C3)C#C)OCCOC.Cl,CCCCCCCCCCCCCCCCCC(=O)[O-].CCCCCCCCCCCCCCCCCC(=O)[O-].[Mg+2]
24812732,443314,0,CN(C)CCC(C1=CC=CC2=CC=CC=C21)(C(C3=CC=CC=C3)C4=C(N=C5C=CC(=CC5=C4)Br)OC)O.C(=CC(=O)O)C(=O)O,CCCCCCCCCCCC(=O)OCCOCC(C1C(C(CO1)OCCO)OCCO)OCCO
11476460,174,0,CN1N=C(N=N1)C2=NC=C(C=C2)C3=C(C=C(C=C3)N4CC(OC4=O)COP(=O)(O)O)F,C(CO)O
52918379,104938,0,CCCCCCCC(=O)NC(CN1CCCC1)C(C2=CC3=C(C=C2)OCCO3)O.CCCCCCCC(=O)NC(CN1CCCC1)C(C2=CC3=C(C=C2)OCCO3)O.C(C(C(=O)O)O)(C(=O)O)O,C(C1C(C(C(C(O1)OC2C(OC(C(C2O)O)O)CO)O)O)O)O.O
11511120,2723854,0,COC1=C(C=C2C(=C1)N=CN=C2NC3=CC(=C(C=C3)F)Cl)NC(=O)C=CCN4CCCCC4,C1=CC2=C(C=C1S(=O)(=O)[O-])C(=C(N2)C3=NC4=C(C3=O)C=C(C=C4)S(=O)(=O)[O-])O.[Na+].[Na+]
56959,11199,0,CC1=C(C(=CC=C1)C)NC(=O)CN2CCN(CC2)CC(COC3=CC=CC=C3OC)O,C=CO
54674461,3423265,0,COC(=O)NC1=C(N=C(N=C1N)C2=NN(C3=C2C=C(C=N3)F)CC4=CC=CC=C4F)N,CCCCCCCCCCCCOS(=O)(=O)[O-].[Na+]
9588170,174,0,CON=C1CN(CC1CN)C2=C(C=C3C(=O)C(=CN(C3=N2)C4CC4)C(=O)O)F.CS(=O)(=O)O,C(CO)O
51039,6917,0,C1C(=C(N2C(S1)C(C2=O)NC(=O)C(C3=CC=CC=C3)N)C(=O)O)Cl,C=CN1CCCC1=O
11001318,174,0,C1=CC2=C(C=C1C(=O)O)OC(=N2)C3=CC(=CC(=C3)Cl)Cl,C(CO)O
11525740,26042,0,CC1=C(C=C(C=C1)NC2=NC=CC(=N2)N(C)C3=CC4=NN(C(=C4C=C3)C)C)S(=O)(=O)N.Cl,O=[Ti]=O
4173,3776,0,CC1=NC=C(N1CCO)[N+](=O)[O-],CC(C)O
6324616,11177,0,CC1C=CC=C(C(=O)NC2=CC(=C3C(=C2O)C(=C(C4=C3C(=O)C(O4)(OC=CC(C(C(C(C(C(C1O)C)O)C)OC(=O)C)C)OC)C)C)O)O)C,CCCCCCCCCCCCCCCCCC(=O)[O-].CCCCCCCCCCCCCCCCCC(=O)[O-].[Mg+2]
14219,14055602,0,CN(C)C(=N)N=C(N)N.Cl,COC1C(OC(C(C1O)O)OC2C(OC(C(C2O)O)OC)CO)CO
16124688,11177,0,C1C2C1C3C=CC2C4C3C(=O)N(C4=O)NC(=O)C5=CC=C(C=C5)C(F)(F)F,CCCCCCCCCCCCCCCCCC(=O)[O-].CCCCCCCCCCCCCCCCCC(=O)[O-].[Mg+2]
23725423,445709,0,CC1=C(C2=CC=CC=C2N1)CCNCC3=CC=C(C=C3)C=CC(=O)NO.CC(C(=O)O)O,O.O.O.[Fe]
60871,10340,1,CC(C)(C)C(=O)OCOP(=O)(COCCN1C=NC2=C(N=CN=C21)N)OCOC(=O)C(C)(C)C,C(=O)([O-])[O-].[Na+].[Na+]
2082,135350084,0,CCCSC1=CC2=C(C=C1)N=C(N2)NC(=O)OC,COC1=C(C=CC2=C(C=CN=C21)OC3=C(C=C(C=C3)NC(=O)C(=O)NCCC4=CC5=C(C=C4)OCO5)F)OCC6CCNCC6
5311304,62551,0,C1CC(C1)CN2CCC34C5C(CCC3(C2CC6=C4C(=C(C=C6)O)O5)O)O,C(COCCOCCOCCOCCO)O
456199,3423265,0,C1C(COC2=NC(=CN21)[N+](=O)[O-])OCC3=CC=C(C=C3)OC(F)(F)F,CCCCCCCCCCCCOS(=O)(=O)[O-].[Na+]
52918379,14923,0,CCCCCCCC(=O)NC(CN1CCCC1)C(C2=CC3=C(C=C2)OCCO3)O.CCCCCCCC(=O)NC(CN1CCCC1)C(C2=CC3=C(C=C2)OCCO3)O.C(C(C(=O)O)O)(C(=O)O)O,[NH4+].[OH-]
56959086,4947,0,COCCOCCOCCOCCOCCOCCOCCOC1CCC2(C3CC4=C5C2(C1OC5=C(C=C4)O)CCN3CC=C)O.C(=O)(C(=O)O)O,CCCOC(=O)C1=CC(=C(C(=C1)O)O)O
1983,5988,0,CC(=O)NC1=CC=C(C=C1)O,C(C1C(C(C(C(O1)OC2(C(C(C(O2)CO)O)O)CO)O)O)O)O
11673085,518696,0,CC1CNCCC2=C1C=C(C=C2)Cl.Cl,O=[Fe]O[Fe]=O
9924495,518696,0,C1=CC=C(C=C1)N2C=C(C=C(C2=O)C3=CC=CC=C3C#N)C4=CC=CC=N4,O=[Fe]O[Fe]=O
23699544,6251,0,CCOC1=NC2=CC=CC(=C2N1CC3=CC=C(C=C3)C4=CC=CC=C4C5=NOC(=O)[N-]5)C(=O)OCC6=C(OC(=O)O6)C.[K+],C(C(C(C(C(CO)O)O)O)O)O
107970,11177,0,CCCCCCCCC1=CC=C(C=C1)CCC(CO)(CO)N,CCCCCCCCCCCCCCCCCC(=O)[O-].CCCCCCCCCCCCCCCCCC(=O)[O-].[Mg+2]
6918248,11177,0,C1CN(CCN1CCN2C3=CC=CC=C3NC2=O)C4=CC=CC(=C4)C(F)(F)F,CCCCCCCCCCCCCCCCCC(=O)[O-].CCCCCCCCCCCCCCCCCC(=O)[O-].[Mg+2]
11978813,518696,0,C1CN(CCN1CCCCOC2=CC3=C(C=C2)C=CC(=O)N3)C4=C5C=CSC5=CC=C4,O=[Fe]O[Fe]=O
24755604,56841934,0,CCCCC(=O)N(CC1=CC=C(C=C1)C2=CC=CC=C2C3=NN=N[N-]3)C(C(C)C)C(=O)[O-].CCOC(=O)C(C)CC(CC1=CC=C(C=C1)C2=CC=CC=C2)NC(=O)CCC(=O)[O-].O.[Na+].[Na+].[Na+],O.O.O.[Fe].[Fe]
637568,5281955,0,COC(=O)C=CC(=O)OC,CCCCCCCCC=CCCCCCCCC(=O)OCCOCC(C1C(C(CO1)OCCO)OCCO)OCCO
14985,104755,1,CC1=C(C2=C(CCC(O2)(C)CCCC(C)CCCC(C)CCCC(C)C)C(=C1O)C)C,[Ag+]
4409,26924,0,CC(=O)CCC1=CC2=C(C=C1)C=C(C=C2)OC,O[Si](=O)[O-].O[Si](=O)[O-].[O-][Si](=O)[O-].[O-][Si](=O)[O-].[Mg+2].[Mg+2].[Mg+2]
54704426,131751496,0,CC1(C2CC3C(C(=O)C(=C(C3(C(=O)C2=C(C4=C1C=CC=C4O)O)O)O)C(=O)N)N(C)C)O.Cl,C1CC(=O)N(C1)C(CP)P
129073603,516892,0,CC1=CC(=NN1)NC2=NC(=NC(=C2)C)C3CCC(CC3)(C(=O)NC(C)C4=CN=C(C=C4)N5C=C(C=N5)F)OC,C(=O)(O)[O-].[Na+]
3825,6134,1,CC(C1=CC(=CC=C1)C(=O)C2=CC=CC=C2)C(=O)O,C(C1C(C(C(C(O1)OC2C(OC(C(C2O)O)O)CO)O)O)O)O
3883,24261,0,CC1=C(C=CN=C1CS(=O)C2=NC3=CC=CC=C3N2)OCC(F)(F)F,O=[Si]=O
9444,11177,0,C1=NC(=NC(=O)N1C2C(C(C(O2)CO)O)O)N,CCCCCCCCCCCCCCCCCC(=O)[O-].CCCCCCCCCCCCCCCCCC(=O)[O-].[Mg+2]
58557659,14789,0,CCC1CN(CC1C2=CN=C3N2C4=C(NC=C4)N=C3)C(=O)NCC(F)(F)F,O[Fe]=O.O[Fe]=O.[Fe]
135413536,518696,0,CC(C1=CC(=CC(=C1)C(F)(F)F)C(F)(F)F)OC2C(N(CCO2)CC3=NNC(=O)N3)C4=CC=C(C=C4)F,O=[Fe]O[Fe]=O
