cid,fp_string
174,10000000010000000011000000000000000000000000000000000000000000000000000000000000000000000000000000000000000000000000000000000000000000000000000000000000000000000000000000000000000000000000000000000000000000000000000000000000000000000000000000000000000000000000000000000000000000000001101000000000000000000000100000000000000000000000000000000000101000001000000000000010000000000000000000000000000000000000001000000000000000000000000000000000000000000000000000000000000000000000000000000000000000000000000000000000000000000000000000000000000000000000000000000000000000010001000000000000000000000000000000000000000000000000000000000000000000000000000000000000000000010000000000000000000000000000000000000000000000000000000000000000000000000000000000000000000000000000000000000000000000000000000000000000000000000000000000000000000000000000000000000000000000000000000000000000000000000
180,10000000010000000010000000000000000000000000000000000000000000000000000000000000000000000000000000000000000000000000000000000000000000000000000000000000000000000000000000000000000000000000000000000000000000000000000000000000000000000000000000000000000000000000000000000000000000000001101000000000000000000000000000000000000000000000100000000100100000001000000000000000000000100000000000000000000000000000000000000000000010000000000010000000000100000000000000000000000000000000000000000000000000000000000000000000000000000000000000000000000000000000000000000000000000000000000000000000000000000000000000000000000000000000000000000000000000000000000000000000000000000000000000000000000000000000000000000000000000000000000000000000000000000000000000000000000000000000000000000000000000000000000000000000000000000000000000000000000000000000000000000000000000000000000000000000000000000
196,11000000011000000011100000000000000000000000000000000000000000000000000000000000000000000000000000000000000000000000000000000000000000000000000000000000000000000000000000000000000000000000000000000000000000000000000000000000000000000000000000000000000000000000000000000000000000000001101000000000000000000000100000000000000000000000100000000000100000001000000000000000000000000000100000000000000000000000001000000000000010000000000000000000100100000000100000000000000000000000000000000000000000000000000000000000000000000000000000000001000000000000000000000000000000000000000000010010000000000000000000000000000000000100000000000000000001000000000000000000000000000000000000000001100010000100100000000000000000000000000000000000000000000000000000000000000000000000000000000000000000000000000000000000000000000000000000000000000000000000000000000000000000000000000000000000000000000
222,00000000000000100000000000000000000000000000000000000000000000000000000000000000000000000000000000000000000000000000000000000000000000000000000000000000000000000000000000000000000000000000000000000000000000000000000000000000000000000000000000000000000000000000000000000000000000000000000000000000000100000000000000000000000000000000000000000000000000000000000000000000000000000000000000000000000000000000000000000000000000000000000000000000000000000000000000000000000000000000000000000000000000000000000000000000000000000000000000000000000000000000000000000000000000000000000000000000000000000000000000000000000000000000000000000000000000000000000000000000000000000000000000000000000000000000000000000000000000000000000000000000000000000000000000000000000000000000000000000000000000000000000000000000000000000000000000000000000000000000000000000000000000000000000000000000000000000
243,10000000011000000011000000000000000000000000000000000000000000000000000000000000000000000000000000000000000000000000000000000000000000000000000000000000000000000000000000000000001100000000000000000000000000000000000000000000000000000000000000000000000000010000000000000000000000000001101000000000000000000000100000000000000000000000110000000000100000001001100000000000001100000000100010000000000000000000001000000000100010000000001000100000110100100000100000000000000000100000000000000000001001000000000000000000000010001000100000000001000000000000100011001000000010000010011000110010100000000001010100010000100000000111000100000000001001001100000000000001000010001001100110000111100010001100100000100000100011100000000000000000000000000000000000000000000000000000000000000000000000000000000000000000000000000000000000000000000000000000000000000000000000000000000000000000000000000
244,11000000011000000010000000000000000000000000000000000000000000000000000000000000000000000000000000000000000000000000000000000000000000000000000000000000000000000000000000000000001100000000000000000000000000000000000000000000000000000000000000000000000000010000000000000000000000000001101000000000000000000000100000000000000000000000110000000000101000001001100000000010001100000000000010000000000000000000001000000000100000000000001000100000010000100000000000000000000000100000000000000000001000000000000000000000000010001000100000000000000000000000100010001000000010000011011000100010100000000001000100010000100000000111000000000000001001001100000000000001000010001001100000000111100000001100000000100000000011100000000000000000000000000000000000000000000000000000000000000000000000000000000000000000000000000000000000000000000000000000000000000000000000000000000000000000000000000
261,11000000011000000010000000000000000000000000000000000000000000000000000000000000000000000000000000000000000000000000000000000000000000000000000000000000000000000000000000000000000000000000000000000000000000000000000000000000000000000000000000000000000000000000000000000000000000000001101000000000000000000000000000000000000000000000100000000000101000001000000000000010000000100000000000000000000000000000000000000000000010000000000000001000000100001000000000000000000000000000000000000000000000000000000000000000000000000000000000000001000000000000000000000000000000000000000000010000000000000000000000000000000000000000000000000000000000000000000000000000000000000000000000000000000000000000000000000000000000000000000000000000000000000000000000000000000000000000000000000000000000000000000000000000000000000000000000000000000000000000000000000000000000000000000000000000000000000
263,11000000011000000010000000000000000000000000000000000000000000000000000000000000000000000000000000000000000000000000000000000000000000000000000000000000000000000000000000000000000000000000000000000000000000000000000000000000000000000000000000000000000000000000000000000000000000000001101000000000000000000000100000000000000000000000100000000000101000001000000000000010000000100000000000000000000000000000001000000000000000000000000000000000000000000000000000000000000000000000000000000000000000000000000000000000000000000000000000000000000000000000000000000000000000000001000000000000000000000000000000000000000000000100000000000000000001000000000000000000000000000000000000000000000000000000000000000000000000000000000000000000000000000000000000000000000000000000000000000000000000000000000000000000000000000000000000000000000000000000000000000000000000000000000000000000000000000
284,00000000000000000011000000000000000000000000000000000000000000000000000000000000000000000000000000000000000000000000000000000000000000000000000000000000000000000000000000000000000000000000000000000000000000000000000000000000000000000000000000000000000000000000000000000000000000000001001000000000000000000000100000000000000000000000000000000000000000000000000000000011000000000000100000000000000000000000001000000000000010000000000000000000000000001000100000000000000000000000000000000000000000000000000000000000000000000000000000000000000000000000000000000000000000000001000000000000000000000000000000000000000000000000000000000000000000000000000000000000000000000000000000000000000000000000000000000000000000000000000000000000000000000000000000000000000000000000000000000000000000000000000000000000000000000000000000000000000000000000000000000000000000000000000000000000000000000
294,11100000011100000011110000000000000000000000000000000000000000000000000000000000000000000000000000000000000000000000000000000000000000000000000000000000000000000000000000000000001001000100100000000000000000000000000000000000000000000000000000000000000000000000000000000000000000000001101000000000000000000000100000000000000000000000100000010100101100001000000000000011000000000000100000000000000000000000011000000000000000000000000000000000000000000000000000000000000000000000000000000000000000000000000000000000000000000000000000000000000000000000000000000000000100010001000000000010000000000000000000000000001000100100000000000000000001010000000000000000000001110000000000000001110000000110000000001100000000000000000000000000000000000000000000000000000000000000000000000000000000000000000000000000000000000000000000000000000000000000000000000000000000000000000000000000000000000
305,11000000011000100010000000000000000000000000000000000000000000000000000000000000000000000000000000000000000000000000000000000000000000000000000000000000000000000000000000000000000000000000000000000000000000000000000000000000000000000000000000000000000000000000000000000000000000000001111000000000000000000000100000000000000000000000000000000000111000011000000000000110000000100000000000000011000000000000001000000000000000000000000000000000000000000000000000000000000000000000000000000000000000000000000000000000000000000000000000000000000010000000000000000000000000100001000000000000000000000000000000000000000000000000000000000000000000000000000000000000000100000000000000000000000000000000000000000000000000000000000000000000000000000000000000000000000000000000000000000000000000000000000000000000000000000000000000000000000000000000000000000000000000000000000000000000000000000
311,11000000011000000011100000000000000000000000000000000000000000000000000000000000000000000000000000000000000000000000000000000000000000000000000000000000000000000000000000000000000000000000000000000000000000000000000000000000000000000000000000000000000000000000000000000000000000000001101000000000000000000000100000000000000000000000110001000100100000001000000000000000000000000000100000000000000000000000001000000000000010000000000000000000100100000000100000000010000000000000000000000000000000000000000000000000000000000000000000000001010000000000000000000000000000010000000000010110000000000000000000000000000000000100000000000000000001010010000000000000000000010000000000000000110010110010011000000000000010100000000000000000000000000000000000000000000000000000000000000000000000000000000000000000000000000000000000000000000000000000000000000000000000000000000000000000000000000
342,11000000011000000010000000000000000000000000000000000000000000000000000000000000000000000000000000000000000000000000000000000000000000000000000000000000000000000000000000000000001100000000000000000000000000000000000000000000000000000000000000000000000000010000000000000000000000000001101000000000000000000000100000000000000000000000110000000100100000001001100000000000001100100000011010000000000000000000001000000000100000000000001000100000010000100000000000000000000000100000000000000000001000000010000000000000000010001000100000000000000001100000100010001000000010000010011000100010100000100001000100010010100000000111000000000000001001001100000000010001000010001001100000000111100000001100000000010000000011100000000000000000000000010000000000000000000000000000000000000000000000000000000000000010000000000000000000000000000000000000000000000000000000000000000000000000000000000
379,11100000011100000011000000000000000000000000000000000000000000000000000000000000000000000000000000000000000000000000000000000000000000000000000000000000000000000000000000000000000000000000000000000000000000000000000000000000000000000000000000000000000000000000000000000000000000000001101000000000000000000000100000000000000000000000100000000000100000001000000000000000000000100000100000000000000000000000001000000000000010000000000000000000100100000000100000000000000000000000000000000000000000000000000000000000000000000000000000000001000000000000000000000000000000000000000000010010000000000000000000000000000000000100000000000000000001000000000000000000000000000000000000000001100010001100100010100000100000000000000000000000000000000000000000000000000000000000000000000000000000000000000000000000000000000000000000000000000000000000000000000000000000000000000000000000000000000
525,10000000011000000011100000000000000000000000000000000000000000000000000000000000000000000000000000000000000000000000000000000000000000000000000000000000000000000000000000000000000000000000000000000000000000000000000000000000000000000000000000000000000000000000000000000000000000000001101000000000000000000000100000000000000000000000100000010100101000001000000000000010000000000000100000000000000000000000001000000000000010000000000000000000100100000000100000000010000000000000000000000000000000000000000000000000000000000000000000000001010000000000000000000000000000010001000000010100000000000000000000000000000000000100000000000000000001010010000000000000000000010000000000000000010000110000000000000000000000000000000000000000000000000000000000000000000000000000000000000000000000000000000000000000000000000000000000000000000000000000000000000000000000000000000000000000000000000
679,10000000010000000010000000000000010000000000000000000000000000000000000000000000000000000000000000000000000000000000000000000000000000000000000000000000000000000000000000000000000000000000000000000000000000000000000000000000000000000000000000000000000000000000000000000000000000000001000000000100000000000000000000000000000000000000000000000000000000000000000000000000100000100000000000000000000000000000000000001010000000000000000000000000000000000000000001000000000000000000000000000000000000000000000000000000000000000000000000000000000000000000000000000000000000000000000000000000000000000000000000000000000000000000000000000000000000000000000000000000000000000000000000000000000000000000000000000000000000000000000000000000000000000000000000000000000000000000000000000000000000000000000000000000000000000000000000000000000000000000000000000000000000000000000000000000000000000
702,10000000010000000010000000000000000000000000000000000000000000000000000000000000000000000000000000000000000000000000000000000000000000000000000000000000000000000000000000000000000000000000000000000000000000000000000000000000000000000000000000000000000000000000000000000000000000000001101000000000000000000000100000000000000000000000000000000000101000001000000000000010000000100000000000000000000000000000001000000000000000000000000000000000000000000000000000000000000000000000000000000000000000000000000000000000000000000000000000000000000000000000000000000000000000000001000000000000000000000000000000000000000000000000000000000000000000000000000000000000000000000000000000000000000000000000000000000000000000000000000000000000000000000000000000000000000000000000000000000000000000000000000000000000000000000000000000000000000000000000000000000000000000000000000000000000000000000
712,00000000000000000010000000000000000000000000000000000000000000000000000000000000000000000000000000000000000000000000000000000000000000000000000000000000000000000000000000000000000000000000000000000000000000000000000000000000000000000000000000000000000000000000000000000000000000000001001000000000000000000000000000000000000000000000000000000000000000000000000000000010000000000000000000000000000000000000000000000000000010000000000000000000000000001000000000000000000000000000000000000000000000000000000000000000000000000000000000000000000000000000000000000000000000000000000000000000000000000000000000000000000000000000000000000000000000000000000000000000000000000000000000000000000000000000000000000000000000000000000000000000000000000000000000000000000000000000000000000000000000000000000000000000000000000000000000000000000000000000000000000000000000000000000000000000000000000
751,10000000010000000011000000000000000000000000000000000000000000000000000000000000000000000000000000000000000000000000000000000000000000000000000000000000000000000000000000000000000000000000000000000000000000000000000000000000000000000000000000000000000000000000000000000000000000000001101000000000000000000000100000000000000000000000100000010100101000001000000000000010000000000000000000000000000000000000001000000000000010000000000000001000000100001000000000000010000000000000000000000000000000000000000000000000000000000000000000000001010000000000000000000000000000010001000000000100000000000000000000000000000000000100000000000000000000000010000000000000000000010000000000000000000000000000000000000000000000000000000000000000000000000000000000000000000000000000000000000000000000000000000000000000000000000000000000000000000000000000000000000000000000000000000000000000000000000
753,11000000010000000011000000000000000000000000000000000000000000000000000000000000000000000000000000000000000000000000000000000000000000000000000000000000000000000000000000000000000000000000000000000000000000000000000000000000000000000000000000000000000000000000000000000000000000000001101000000000000000000000100000000000000000000000100000010100101000001000000000000010000000000000000000000000000000000000001000000000000000000000000000000000000000000000000000000000000000000000000000000000000000000000000000000000000000000000000000000000000000000000000000000000000000010001000000000000000000000000000000000000000000000100000000000000000000010000000000000000000000010000000000000000000000000000000000000000000000000000000000000000000000000000000000000000000000000000000000000000000000000000000000000000000000000000000000000000000000000000000000000000000000000000000000000000000000000
757,10000000010000000011000000000000000000000000000000000000000000000000000000000000000000000000000000000000000000000000000000000000000000000000000000000000000000000000000000000000000000000000000000000000000000000000000000000000000000000000000000000000000000000000000000000000000000000001101000000000000000000000100000000000000000000000000000000000101000001000000000000010000000000000100000000000000000000000001000000000000010000000000000000000100100000000100000000010000000000000000000000000000000000000000000000000000000000000000000000000010000000000000000000000000000010001000000000000000000000000000000000000000000000000000000000000000000000000000000000000000000010000000000000000000000000000000000000000000000000000000000000000000000000000000000000000000000000000000000000000000000000000000000000000000000000000000000000000000000000000000000000000000000000000000000000000000000000
784,00000000000000000011000000000000000000000000000000000000000000000000000000000000000000000000000000000000000000000000000000000000000000000000000000000000000000000000000000000000000000000000000000000000000000000000000000000000000000000000000000000000000000000000000000000000000000000000000000000000000000000000110000000000000000000000000000000000000000000000000000000000000000000000000000000000000000000000000000000000000000000000000000000000000000000000000000000000000000000000000000000000000000000000000000000000000000000000000000000000000000000000000000000000000000000000000000000000000000000000000000000000000000000000000000000000000000000000000000000000000000000000000000000000000000000000000000000000000000000000000000000000000000000000000000000000000000000000000000000000000000000000000000000000000000000000000000000000000000000000000000000000000000000000000000000000000000000
807,00000000000000000000000000000000000000000000001100000000000000000000000000000000000000000000000000000000000000000000000000000000000000000000000000000000000000000000000000000000000000000000000000000000000000000000000000000000000000000000000000000000000000000000000000000000000000000000000000000000000000000000000000000000000000000000000000000000000000000000000000000000000000000000000000000000000000000000000000000000000000000000000000000000000000000000000000000000000000000000000000000000000000000000000000000000000000000000000000000000000000000000000000000000000000000000000000000000000000000000000000000000000000000000000000000000000000000000000000000000000000000000000000000000000000000000000000000000000000000000000000000000000000000000000000000000000000000000000000000000000000000000000000000000000000000000000000000000000000000000000000000000000000000000000000000000000000000
872,11100000011100000011110000000000000000000000000000000000000000000000000000000000000000000000000000000000000000000000000000000000000000000000000000000000000000000000000000000000001001000100100000000000000000000000000000000000000000000000000000000000000000000000000000000000000000000001101000000000000000000000100000000000000000000000100000010100101100001000000000000011000000000000100000000000000000000000011000000000000000000000000000000000000000000000000000000000000000000000000000000000000000000000000000000000000000000000000000000000000000000000000000000000000100010001000000000010000000000000000000000000001000100100000000000000000001010000000000000000000001110000000000000001110000000110000000001100000000000000000000000000000000000000000000000000000000000000000000000000000000000000000000000000000000000000000000000000000000000000000000000000000000000000000000000000000000000
875,10000000011000000011100000000000000000000000000000000000000000000000000000000000000000000000000000000000000000000000000000000000000000000000000000000000000000000000000000000000000000000000000000000000000000000000000000000000000000000000000000000000000000000000000000000000000000000001101000000000000000000000100000000000000000000000100000010100101000001000000000000010000000000000100000000000000000000000001000000000000010000000000000000000100100000000100000000010000000000000000000000000000000000000000000000000000000000000000000000001010000000000000000000000000000010001000000010100000000000000000000000000000000000100000000000000000001010010000000000000000000010000000000000000010000110000000000000000000000000000000000000000000000000000000000000000000000000000000000000000000000000000000000000000000000000000000000000000000000000000000000000000000000000000000000000000000000000
887,10000000000000000010000000000000000000000000000000000000000000000000000000000000000000000000000000000000000000000000000000000000000000000000000000000000000000000000000000000000000000000000000000000000000000000000000000000000000000000000000000000000000000000000000000000000000000000001001000000000000000000000100000000000000000000000000000000000000000000000000000000010000000100000000000000000000000000000001000000000000000000000000000000000000000000000000000000000000000000000000000000000000000000000000000000000000000000000000000000000000000000000000000000000000000000001000000000000000000000000000000000000000000000000000000000000000000000000000000000000000000000000000000000000000000000000000000000000000000000000000000000000000000000000000000000000000000000000000000000000000000000000000000000000000000000000000000000000000000000000000000000000000000000000000000000000000000000
943,00000000000000100011000000000000000000000000000000000000000000000000000000000000000000000000000000000000000000000000000000000000000000000000000000000000000000000000000000000000000000000000000000000000000000000000000000000000000000000000000000000000000000000000000000000000000000000000000000000000000001000000000000000000000000000000000000000000000000000000000000000000000000000000000000000000000000000100000000000000000000010000000000000000000000000000000100000000000000000000000000000000000000000000000000000000000000000000000000000000000000000000000000000000000000000000000000000000000000000000000000000000000000000000000000000000000000000000000000000000000000000000000000000000000000000000000000000000000000000000000000000000000000000000000000000000000000000000000000000000000000000000000000000000000000000000000000000000000000000000000000000000000000000000000000000000000000000
977,00000000000000000011000000000000000000000000000000000000000000000000000000000000000000000000000000000000000000000000000000000000000000000000000000000000000000000000000000000000000000000000000000000000000000000000000000000000000000000000000000000000000000000000000000000000000000000000000000000000000000000000010000000000000000000000000000000000000000000000000000000000000000000000000000000000000000000000000000000000000000000000000000000000000000000000000000000000000000000000000000000000000000000000000000000000000000000000000000000000000000000000000000000000000000000000000000000000000000000000000000000000000000000000000000000000000000000000000000000000000000000000000000000000000000000000000000000000000000000000000000000000000000000000000000000000000000000000000000000000000000000000000000000000000000000000000000000000000000000000000000000000000000000000000000000000000000000
985,11110000011110000011000000000000000000000000000000000000000000000000000000000000000000000000000000000000000000000000000000000000000000000000000000000000000000000000000000000000000000000000000000000000000000000000000000000000000000000000000000000000000000000000000000000000000000000001101000000000000000000000100000000000000000000000100000000000100000001000000000000000000000100000100000000000000000000000001000000000000010000000000000000000100100000000100000000000000000000000000000000000000000000000000000000000000000000000000000000001000000000000000000000000000000000000000000010010000000000000000000000000000000000100000000000000000001000000000000000000000000000000000000000001100010001100100010100000100000000000000000000000000000000000000000000000000000000000000000000000000000000000000000000000000000000000000000000000000000000000000000000000000000000000000000000000000000000
996,10000000011000000010000000000000000000000000000000000000000000000000000000000000000000000000000000000000000000000000000000000000000000000000000000000000000000000000000000000000001100000000000000000000000000000000000000000000000000000000000000000000000000010000000000000000000000000001101000000000000000000000100000000000000000000000100000000100100000001001000000000000001100000000011010000000000000000000001000000000100000000000000000100000010000100000000000000000000000100000000000000000001000000010000000000000000010001000100000000000000001100000100010001000000010000010011000100010100000100001000100010010100000000111000000000000001001001100000000010001000010001001100000000111100000000100000000000000000000000000000000000000000000000000000000000000000000000000000000000000000000000000000000000000000000000000000000000000000000000000000000000000000000000000000000000000000000000
1030,11000000010000000011000000000000000000000000000000000000000000000000000000000000000000000000000000000000000000000000000000000000000000000000000000000000000000000000000000000000000000000000000000000000000000000000000000000000000000000000000000000000000000000000000000000000000000000001101000000000000000000000100000000000000000000000100000010100101000001000000000000010000000100000000000000000000000000000001000000000000000000000000000000000000000000000000000000000000000000000000000000000000000000000000000000000000000000000000000000000000000000000000000000000000000010001000000000000000000000000000000000000000000000100000000000000000000000000000000000000000000010000000000000000000000000000000000000000000000000000000000000000000000000000000000000000000000000000000000000000000000000000000000000000000000000000000000000000000000000000000000000000000000000000000000000000000000000
1061,00000000000000000011100000000010000000000000000000000000000000000000000000000000000000000000000000000000000000000000000000000000000000000000000000000000000000000000000000000000000000000000000000000000000000000000000000000000000000000000000000000000000000000000000000000000000000000000000000000000000000000000000000100000000000000000000000000000000000000000000000000000000000000000000000000000000000000000000000010000000000000100000000000000000000000000000010000000000000000000000000000000000000000000000000000000000000000000000000000000000000000000000000000000000000000000000000000000000000000000000000000000000000000000000000000000000000000000000000000000000000000000000000000000000000000000000000000000000000000000000000000000000000000000000000000000000000000000000000000000000000000000000000000000000000000000000000000000000000000000000000000000000000000000000000000000000000000
1103,11100000011100111000000000000000000000000000000000000000000000000000000000000000000000000000000000000000000000000000000000000000000000000000000000000000000000000000000000000000000000000000000000000000000000000000000000000000000000000000000000000000000000000000000000000000000000000001110000000000000100000000000000000000000000000000100000000000110000010000000000000100000000000000000000000010110000000000000000000000000000000000000000000000000000000000000000000000000000000000000000000000000000000000000000000000000000000000000010000000000010000000000000000000000000000000000000000000000000001100000000000000000001000000000000000000000000000001000000000000100000000000000000000000000000000000000000000000000000000000000000000000000000000000000000000000000000000000000000000000000000000000000000000000000000000000000000000000000000000000000000000000000000000000000000000000000000000
1110,10000000011000000011100000000000000000000000000000000000000000000000000000000000000000000000000000000000000000000000000000000000000000000000000000000000000000000000000000000000000000000000000000000000000000000000000000000000000000000000000000000000000000000000000000000000000000000001101000000000000000000000100000000000000000000000100000000000100000001000000000000000000000000000100000000000000000000000001000000000000010000000000000000000100100000000100000000000000000000000000000000000000000000000000000000000000000000000000000000001000000000000000000000000000000000000000000010000000000000000000000000000000000000100000000000000000001000000000000000000000000000000000000000000010000110000000000000000000000000000000000000000000000000000000000000000000000000000000000000000000000000000000000000000000000000000000000000000000000000000000000000000000000000000000000000000000000000
1117,00000000000000000011100000000000010000000000000000000000000000000000000000000000000000000000000000000000000000000000000000000000000000000000000000000000000000000000000000000000000000000000000000000000000000000000000000000000000000000000000000000000000000000000000000000000000000000000000000000000000000000000000000000000000000000000000000000000000000000000000000000000000000000000000000000000000000000000000000000000000000000000000000000000000000000000000000110000000000000000000000000000000000000000000000000000000000000000000000000000000000000000000000000000000000000000000000000000000000000000000000000000000000000000000000000000000000000000000000000000000000000000000000000000000000000000000000000000000000000000000000000000000000000000000000000000000000000000000000000000000000000000000000000000000000000000000000000000000000000000000000000000000000000000000000000000000000000
1118,00000000000000000011100000000000010000000000000000000000000000000000000000000000000000000000000000000000000000000000000000000000000000000000000000000000000000000000000000000000000000000000000000000000000000000000000000000000000000000000000000000000000000000000000000000000000000000000000000000000000000000000100000000000000000000000000000000000000000000000000000000000000000000000000000000000000000000000000010000000000000000000000000000000000000000000000000110000000000000000000000000000000000000000000000000000000000000000000000000000000000000000000000000000000000000000000000000000000000000000000000000000000000000000000000000000000000000000000000000000000000000000000000000000000000000000000000000000000000000000000000000000000000000000000000000000000000000000000000000000000000000000000000000000000000000000000000000000000000000000000000000000000000000000000000000000000000000
1176,10000000000000110010000000000000000000000000000000000000000000000000000000000000000000000000000000000000000000000000000000000000000000000000000000000000000000000000000000000000000000000000000000000000000000000000000000000000000000000000000000000000000000000000000000000000000000000000011000000000000100000000000000000000000000000000000000000000000000000000000000000000000000010000000000000000010000000000000000000000000010000000000000000000000000000001000000000000000000000000000000000000000000000000000000000000000000000000000000000000000000000000000000000000000000000000000000000000000000000000000000000000000000000000000000000000000000000000000000000000000000000000000000000000000000000000000000000000000000000000000000000000000000000000000000000000000000000000000000000000000000000000000000000000000000000000000000000000000000000000000000000000000000000000000000000000000000000
1183,11000000011100000011000000000000000000000000000000000000000000000000000000000000000000000000000000000000000000000000000000000000000000000000000000000000000000000000000000000000001100000000000000000000000000000000000000000000000000000000000000000000000000010000000000000000000000000001101000000000000000000000100000000000000000000000110000000100101000001001100000000010001100100000011010000000000000000000011000000000100010000000001000101000010100101000000000000000000000100000100000000000001001000010000000000000000010001000100000000001000001101000100011001000000011010010011000110010100001100011010100011010100000000111000100100011001001001100000000010001000010111011100110000111100010101100110000010000110011100010000000000000000000010000000000000000000000000100000000000000010000000000000000000010000000000000000000000000100000000000000000000000000000000000000000000000000000000
1254,11100000011100000010000000000000000000000000000000000000000000000000000000000000000000000000000000000000000000000000000000000000000000000000000000000000000000000000000000000000001100000000000000000000000000000000000000000000000000000000000000000000000000000000000000000000000000000001101000000000000000000000100000000000000000000000110100010100101000001000000000000010000000100000000000000000000000000000001000000000000000000000000000000000000000000000000000000000000000000000000000000000000000000000000000000000000000000000000000000000000000000000000000000000000000000001000000000010000000000000000000000000000000000100000000000000000001000000000000000000000000000000000000000001100000001100000011110000000011101000000000000000000000000000000000000000000000000000000000000000100000000000000000000010000000000000000000010000000000000000000000000000000000000000000000000000000000000
1264,11100000011110111111100000000000000000000000000000000000000000000000000000000000000000000000000000000000000000000000000000000000000000000000000101100010110001011000000000000000000000000000000000000000000000000000000000000000000000000000000000000000000000011111100000000000000000000001111000000000000100000000000000000000000000000000000000000000110000011000001100000110001011111011000000010111110011000001000000000000101010000000000000010011001101111111010000000000000000001000000000101101000100110001001010100000000000010100000010000000100110000011000000000000100000000100100000000000000000000000100000100000000100000000000000000000000010000001011100000010100000000000000000100000000000000000000000000000000000000000000000000000000000000000000000000000000000000000000000000000000000000000000000000000000000000000000000000000000000000000000000000000000000000000000000000000000000000
1727,10000000011000110000000000000000000000000000000000000000000000000000000000000000000000000000000000000000000000000000000000000000000000000000000000000000000000000000000000000000001011000000000000000000000000000000000000000000000000000000000000000000000000011000000000000000000000000001110000000000000100000000000000000000000000000000100000001000110000010001001000000100001111001100000010010010010010000001000000000000101000000000000000110100011001110100010000000000100000101000000000100000001100010000001000100000000010001101100000100000001110000110010010011000000010000010000001100010110000001101000111010001100001000010010000001000011000001001000000000000110010001100100000000110000100000000000000000000000000000000000000000000000000000000000000000000000000000000000000000000000000000000000000000000000000000000000000000000000000000000000000000000000000000000000000000000000000000
1732,10000000011000000010000000000000000001000000000000000000000000000000000000000000000000000000000000000000000000000000000000000000000000000000000000000000000000000000000000000000001100000000000000000000000000000000000000000000000000000000000000000000000000010000000000000000000000000001101000000010000000000000100000000000000000000000110000000110100000001001100000100000001100100000011010000000000000000000001000000000100000000000001000100000010000100000000000000000000000100000000000000000001000000010010100000000000010001000100000000000000001100000101010001000000010000010011000100010100000110001001100010010100000000111000000000000001001001100000000010001000010001001100000000111100000001100000000010000000011100000000000100000000000010000000000000000000000010000000000000000000000000100000000000010000000000000000000000010000000000000000000000000000000000000000000000000000000000
1775,11000000011100110011000000000000000000000000000000000000000000000000000000000000000000000000000000000000000000000000000000000000000000000000000101100000000000000000000000000000001100000110000000000000000000000000000000000000000000000000000000000000000000010100000000000000000000000001111000000000000100000000000000000000000000000000110010001000100000011001100000000000001100010000000010000010110000000000000000000000100010000000001000100001010100100001000000000000100000100000000000000000001000000000000000000000000010001000100000000001100000000000010010001000100010000110000000110010100000001001010100110001100101000010000000001000011010001000010100100010000010001000100000000111000110001000100011000000100011101000000000000000000000000000000000000000000000000000000000000000000000000000000000000000000000000000000000000000000000000000000000000000000000000000000000000000000000000
1983,11000000011100100011000000000000000000000000000000000000000000000000000000000000000000000000000000000000000000000000000000000000000000000000000000000000000000000000000000000000001100000000000000000000000000000000000000000000000000000000000000000000000000010000000000000000000000000001111000000000000100000000100000000000000000000000100000001100100000011001000000000000001100101100011010000010110000000000001000000000100010000000000000100101010100100101000000000000100000100000000000000000001000010010001000000000000010001000100000000000000001100110110010001000000010000010011000100010110000101001000110010011100001000111000000001000011001001101010000010001110010001101100000000111101100000100000000000000000000000000000001000000000000000000000000000000000000000000000000000000000000001000000000000000000000000000000000000000000000000000000000000000000000000000000000000000000000000
2082,11000000011100110011000000000000010000000000000000000000000000000000000000000000000000000000000000000000000000000000000000000000000000000000000101100000000000000000000000000000001100000000000000000000000000000000000000000000000000000000000001011000000000011111000000000000000000000001111000000100000100000000000000000000000000000000100000001000100001010101011000000010101100111101100110110110110010011001010000001000101010000000000100100100011000100111110000000000100000101000000000101101101000010001101010110000000010011001100100111000001100000111010010011001100010000110100010100010111000001001100110010001100101000010000000001100011010001001000100000010011010001100100000100111000100000000000000000000000000000000000000000100000000000000000000100000000000000000000000100000000000000000100000000000000000000100000000000000000000000100000000000000000000000000000000000000000000000
2083,11100000011100100011000000000000000000000000000000000000000000000000000000000000000000000000000000000000000000000000000000000000000000000000000000000000000000000000000000000000001100000000000000000000000000000000000000000000000000000000000000000000000000010000000000000000000000000001111000000000000100000000100000000000000000000000110010011100111000011001100000000110001100100000011010000010110000000000001000000000100000000000001000100000010000100000000000000000000000100000000000000000001000000010000000000000000010001000100010000000000011100000100010001000000010100011011100100010100000101001000100010011100001000111000000000000001001011101000000010001100110001001100000000111100100001110000011100100000011100010000000000000000000100000000000000000000010000000000000000000010000000000000000000100000000000000000000010000000000000000000000000000000000000000000000000000000000000
2130,11100000011100100000000000000000000000000000000000000000000000000000000000000000000000000000000000000000000000000000000000000000000000000000000000000000000000000000000000000000001100000110000011000001100000000000000000000000000000000000000000000000000000000000000000000000000000000001110000000000000100000000000000000000000000000000110110001000100000010000000000000000000000000000000000000000010000000000000000000000000000000000000000000000000000000000000000000000000000000000000000000000000000000000000000000000000000000000000000000000000000000000000000000000000000000000000000000010000000001000000000000000000000000000000000000000000000000001000000000000000000000000000000000001000100001000000011000000000011100000000000000000000000000000000000000000000000000000000000000000000000000000000000000100100000000000000000000000000000000000000000000000000000000000000000000000000000000
2132,11100000011100110010000000000000000000000001100000000000000000000000000000000000000000000000000000000000000000000000000000000000000000000000000000000000000000000000000000000000001100000110000000000000000000000000000000000000000000000000000000000000000000010000000000000000000000000001111000000000010100000000100000000000000000011010110000111100111000011001100000000110001100001100000010000010110000000000001000000000100000000000001000100100010000100100000000000000100000100000000000000000001000000000000000000100000000001000100010000000000010000100010010101000000010000011000000100010100000001101000110010001100001000110000000001000011001001001000000000000100010001100101000010111101100001100000000000000000011100000000000000000001000000001000000000000001000100000000000001000000000001000000001000000001000000000000001000100000000000001000000000000000000000000000000000000000000000
2162,11100000011110110011100000000000000001000000000000000000000000000000000000000000000000000000000000000000000000000000000000000000000000000000000000000000000000000000000000000000001100000100000000000000000000000000000000000000000000000000000000000000000000010000000000000000000000000001111000000010000100000000000000000000000000000000110100001010111000011001100000100110001100100000100010000010110000000000010000000000100010000000001000100100110100100100100000000000000000100000000000000000001000000000010100000000000010001000100010000001000000000000001011001000000010100010010000110010100000010011001100010000100000110011000000000000001001001001000000000000100110001010100101000111100010001110111011101000100011101000000000000000000000000000000000000000000000010000000000000000000000000000000000000000000000000000000000000010000000000000000000000000000000000000000000000000000000000
2244,11000000011100000011100000000000000000000000000000000000000000000000000000000000000000000000000000000000000000000000000000000000000000000000000000000000000000000000000000000000001100000000000000000000000000000000000000000000000000000000000000000000000000010000000000000000000000000001101000000000000000000000100000000000000000000000110000000100100000001001100000000000001100100000111010000000000000000000011000000000100010000000001000100000110100100000100000000000000000100000100000000000001001000010000000000000000010001000100000000001000001100000100011001000000011000010011100110110100001000011010100011010100000100111101101100000101001011110000000010001000010001011100110000111100010001100100000100000100011100000000000000000000000000000000000000000000010000000000000000000000000000000000000000000000000000000000000010000000000000000000000000000000000000000000000000000000000000
2249,11100000011100110011000000000000000000000000000000000000000000000000000000000000000000000000000000000000000000000000000000000000000000000000000000000000000000000000000000000000001100000000000000000000000000000000000000000000000000000000000000000000000000010000000000000000000000000001111000000000000100000000100000000000000000000000110000111100111000011001100000000110001100100000011010000010110000000000011000000000100010000000001000100001010100100001000000000000000000100000100000000000001000000010000000000000000010001000100010000001000011100000100010001000000011110011011000110010100001001011010100011011100001100011100000100000101001101101000000010001100110111010100000000111100110001100100010000000100011100010000000000000000000000000000000000000000000000000000000000000010000000000000000000000000000000000000000000000000000000000000000000000000000000000000000000000000000000
2284,11000000011100100011000000000000000001000000000000000000000000000000000000000000000000000000000000000000000000000000000000000000000000000000000000000000000000000000000000000000001100000000000000000000000000000000000000000000000000000000000000000000000000010000000000000000000000000001111000000010000100000000100000000000000000000000110100000010110000011001100000100100001100000000100010000000010000000000001000000000100010000000001000100000110100100000100000000000000000100000000000000000001000000000010100000000000010001000100010000001000000000000001010001000000010000010000000110010100000011001001100010001100000000110000000000000001001001001000000000000000010001000100000000111101111001100100011100000100011101000010000000000000000000000000000000000000000000000000000000000000010000000000000000000000000000000000000000000000000000000000000000000000000000000000000000000000000000
2345,11000000011100000011000000000000000000000000000000000000000000000000000000000000000000000000000000000000000000000000000000000000000000000000000000000000000000000000000000000000001100000110000000000000000000000000000000000000000000000000000000000000000000010100000000000000000000000001101000000000000000000000000000000000000000000000110000000000101000001001100000000010001100000000100010000000000000000000010000000000100010000000001000100000110100100000100000000000000000100000000000000000001001000000000000000000000010001000100000000001000000000000100011001000000010000010011000110010100000000011010100011000100000100011000100000000001001001100000000000001000010001010100110000111100010001100100000100000100011100000000000000000000000000000000000000000000000000000000000000000000000000000000000000000000000000000000000000000000000000000000000000000000000000000000000000000000000000
2369,11100000011110100011000000000000000000000000000000000000000000000000000000000000000000000000000000000000000000000001100000000000000000000000000000000000000000000000000000000000001100000000000000000000000000000000000000000000000000000000000000000000000000010000000000000000000000000001111000000000000100000000100000000000000000000000110100111100111000011001100000000110001100100000011010000010110000000000011000000000100000000000001000100000010000100000000000000000000000100000100000000000001000000010000000000000000010001000100010000000000011100000100010001000000011110011011000100010100001000011000100011010100001100011100000100000101001101101000000010001100110111010100000000111100000001100000010100000000011100010000000000000000000000000000000000000000000000000000000000000010000000000000000000000000000000000000000000000000000000000000000000000000000000000000000000000000000000
2450,10000000010000100011100000000000000000000001000000000000000000000000000000000000000000000000000000000000000000000000000000000000000000000000000000000000000000000000000000000000000000000000000000000000000000000000000000000000000000000000000000000000000000000000000000000000000000000001111000000000010001000000100000000000000000011000100000001000101000011000000000000010000000000000000000000000000100000100001000000000000000010000000000000000000000000000001100000000000000000000000000000000000000000000000000000000001000000000000000000000000000000000000000000000000000100001000000000000000000000000000000000000000000000100000000000000000000010000000000000000000000000000000000000000000000000000000000000000000000000000000000000000000000000000000000000000000000000000000000000000000000000000000000000000000000000000000000000000000000000000000000000000000000000000000000000000000000000
2537,11100000011100000010000000000000000000000000000000000000000000000000000000000000000000000000000000000000000000000000000000000000000000000000000110000011000000000000000000000000001100000000000000000000000000000000000000000000000000000000000000000000000000000000000000000000000000000001101000000000000000000000000000000000000000000000111100000100100000001000000000000000000000100000000000000000000000000000000000000000000010000000000010000000000100000000000000000000000000000000000000000000000000000000000000000000000000000000000000000001000000000000000000000000000000000000000000010010000000000000000000000000000000000000000000000000000000000000000000000000000000000000000000000001000010001000100011000000100011111000000000000000000000000000000000000000000000000000000000000000100000000000000000000000000000000000000000000000000000000000000100000000000000000000100000000000000000000
2678,11100000011110110011000000000000000001000000000000000000000000000000000000000000000000000000000000000000000000000000000000000000000000000000000000000000000000000000000000000000001111000110000010000000000000000000000000000000000000000000000000000000000000010100000000000000000000000001111000000010000000000000100000000000000000000000110000101010111000011001100000100110001100000000100010000011000000000000011000000000100010000000001000100000110100100000100000000010100000100000000000000000001000000000010100000000000010001000100000000000010010000000011010001000000010110110000000100010100000011001001100010101100101110010000000001000011000001000000000000000100110111000100000000111000100001000000011000000000011100000010000000000000000000000000000000000000000000000000000000000000010000000000000000000000000000000000000000000000000000000000000000000000000000000000000000000000000000
2682,11110000011110000010000000000000000000000000000000000000000000000000000000000000000000000000000000000000000000000000000000000000000000000000000000000000000000000000000000000000000000000000000000000000000000000000000000000000000000000000000000000000000000000000000000000000000000000001101000000000000000000000100000000000000000000000100000000000101000001000000000000010000000100000000000000000000000000000001000000000000000000000000000000000000000000000000000000000000000000000000000000000000000000000000000000000000000000000000000000000000000000000000000000000000000000001000000000010000000000000000000000000000000000100000000000000000001000000000000000000000000000000000000000001100000001100000010100000000000000000000000000000000000000000000000000000000000000000000000000000000000000000000000000000000000000000000000000000000000000000000000000000000000000000000000000000000000000
2712,11000000011110110010000000000000000001000000000000000000000000000000000000000000000000000000000000000000000000000000000000000000000000000000000000000000000000000000000000000000001100000100000000000000000000000000010000000000000000000000000000000000000000010000000000000000000000000001110000000010000001000000100000000000000000000000110000001010110000010001100000000100001100110000000010000010000100000000000000000000101000000000001100100110011000100110010000000000100000100000000000000001001000000000000000000000001010001000100000000000001110000000010010011000000010000110000000100010100000001001000100010001100101000010000000001000011000001000000000000000100010001000100000000111000100001000000000000000000011100000000000000000000000000000000000000000000000000000000000000000000000000000000000000000000000000000000000000000000000000000000000000000000000000000000000000000000000000
2723,11000000011100000010000000000000000001000000000000000000000000000000000000000000000000000000000000000000000000000000000000000000000000000000000000000000000000000000000000000000001100000000000000000000000000000000000000000000000000000000000000000000000000010000000000000000000000000001101000000010000000000000100000000000000000000000110000000110100000001001100000100000001100100000011010000000000000000000001000000000100000000000001000100000010000100000000000000000000000100000000000000000001000000010010000000000000000001000100000000000000001100000101010001000000010000010011000100010100000110001001100010010100000000111000000000000001001001100000000010001000010001001100000000111100000001100000001010000000011100000000000100000000000110000000000000000000000010000000000000000000000000100000000000110000000000000000000000010000000000000000000000000000000000000000000000000000000000
2726,11100000011110110000000000000000010001000000000000000000000000000000000000000000000000000000000000000000000000000000000000000000000000000000000000000000000000000000000000000000001111000110000010000000000000000000000000000000000000000000000000000000101100010100000000000000000000000001110000000110000000000000000000000000000000000000100000001010110000010101000000100100001100101100000110000011000000000000000000001000100000000000000000100100010000100100000000000000100000100000000000000000001000010000111100010000000010001000100000011100000010000110011010001000000010000010000001100010111000011101001110010001100001000010000000001000011000001000000000000000111010001100100000000111000100000000000000000000000000000000000000000010000000000000000000000010000000000000000100000000000000000000010000000000000000000000010000000000000000100000000000000000000000000000000000000000000000000
2727,11000000011100110011000000000000010001000000000000000000000000000000000000000000000000000000000000000000000000000000000000000000000000000000000000000000000000000000000000000000001100000000000000000000000000000000000000000000000000000000000000000000000000010000000000000000000000000001111000000110000100000100000000000000000000000000100000000010110000010101000000100100001100110000000110000010110000000000000000000010100010000000000000100000010000100001000001110000010000100000000000010000001000000000010100000000000010001000100010011000000010000000001010001000100010000010000000100010100000010001001100010000100001000010000000000000001000001001011000000010000010001000100000000111000000000000000000000000000000000000000000000010000000000000000000000000000000000000000000000000000000000000010000000000000000000000000000000000000000000000000000000000000000000000000000000000000000000
2756,11100000011100111000000000000000010000000000000000000000000000000000000000000000000000000000000000000000000000000000000000000000000000000000000101100000000000000000000000000000000000000000000000000000000000000000000000000000000000000000000000000000000000011000000000000000000000000001110000000100000100000000000000000000000000000000100000001000110001010101011000000100100001111001000000010110110010011001000000001000101100000000000100000100011000010110010000000000000000001000000000101101100100010001000010110000000000010101100110000000001110000101000000000000100000000100100000000000011000000000100000000000000101000000000000000000000010000001000000000010011000000000000000100000000000000000000000000000000000000000000000000000000000000000000000000000000000000000000000000000000000000000000000000000000000000000000000000000000000000000000000000000000000000000000000000000000000000
2764,11100000011110110011000100000000000000000000000000000000000000000000000000000000000000000000000000000000000000000001100000000000000000000000000000000000000000000000000000000000001111000100000010000000000000000000000000000000000000000000000000000000100000010000000000000000000000000001111100000000000100000000100000000000000000000000110000101100110000011001100000001100001100001100100010000011110000000000001000000000100010000000001010100100110101100100100000000000100000100000000000000000001001010000001000000000000000001000100010000001000010000110010011001000000010000110010000111110110010001101010011010001100101000110000110001000011001001011000000000000110010001101100111000111100110001101100110100011100111100000100000000000000000000000000000000100000000100000000000000000000100000000000000000000000000000000100000000100000000000000000000000000000000000000000000000000000000000
2783,11100000011100110010000000000000000001100000000000000000000000000000000000000000000000000000000000000000000000000000000000000000000000000000000000000000000000000000000000000000001100000000000000000000000000000000000000000000000000000000000000000000000000010000000000000000000000000001111000000010000100000000100000000000000000000000110010011110111000011001100000100110001100101100000010000010110000000000001000000000100000000000001000100100010000100100000000000000100000100000000000000000001000000000010100000000000000001000100010000000000010000100111010001000000010100011011000100010100000011001001110010001100001000111000000000000011001001101000000000001100110001101100000000111100100001101000010100001000011100000100000000000000000000010000000000000100000000000000000010000000100000000000000000000010000000000000100000000000000000010000000000000000000000000000000000000000000000
2789,11000000011110110011000000000000000001000000000000000000000000000000000000000000000000000000000000000000000000000000000000000000000000000000000000000000000000000000000000000000001100000110000000000000000000000000010110000000000000000000000000000000000000010100000000000000000000000001111000000010000000000000000000000000000000000000100000001010100000011001000000100100001100101100000010000011000000000000000000000000100010000000000000100101010100100101000000000000100000100000000000000000001000010000011100000000000010001000100000000001000010000111011010001000000010000110000001101010110010011101001110010001100101000010000000001000011000001000011000000000110010001100100000000111000100000000000000000000000000000000000000000000010000000000000000000010000000000000000000100000000000000000000010000000000000000000010000000000000000000100000000000000000000000000000000000000000000000
2802,11000000011100110011000000000000000001000000000000000000000000000000000000000000000000000000000000000000000000000000000000000000000000000000000000000000000000000000000000000000001100000110000000000000000000000000010000000000000000000000000000000000000000010100000000000000000000000001111000000010000101000000000000000000000000000000110000001010110000011001100000100100001100001100000010000010110100000100000000000000101010010000001100100101011100100101011100000000100000100000000000000000001000010000011100000000001010001000100000000000101000000110011010011010000010000110000010100010110000011001001110010001100101000010000000001000011000001001010000000000110010001100100000000111000100001000000011000000000011100000000000000000100000000100000000000000000000110000000000000000000000000000000100000000100000000000000000000110000000000000000000000000000000000000000000000000000000000
2972,11000000011000100011000000000000000000000000000000000000000000000000000000000000000000000000000000000000000000000000000000000000000000000000000000000000000000000000000000000000001000000000000000000000000000000000000000000000000000000000000000000000000000000000000000000000000000000001111000000000000000000000100000000000000000000000100000001100110000011000000000000100000000100000000000000011000000000000001000000000100010000000000010100100010101100100000000000010000000000000000000000000001000000010001000000000000010000000100000000000010010000000000001001000000000000000000000000000000000000000000000000000000000000100000000000000000000000100000000000000000010000000000111000010000000000000000000000000000000000000000000000000000000000000000000000000000000000000000000000000000000000000000000000000000000000000000000000000000000000000000000000000000000000000000000000000000000000
3007,11000000011100100000000000000000000000000000000000000000000000000000000000000000000000000000000000000000000000000000000000000000000000000000000000000000000000000000000000000000001100000000000000000000000000000000000000000000000000000000000000000000000000010000000000000000000000000001110000000000000100000000000000000000000000000000110000101000110000010001100000000100001100100000000010000000010000000000000000000000100000000000001000100000010000100000000000000000000000100000000000000000001000000000000000000000000010001000100010000000000000000000000010001000000010000010000000100010100000001001000100010001100000000010000000000000001000001001000000000000000010001000100000000111000100001000000010000000000011100000000000000000000000000000000000000000000000000000000000000000000000000000000000000000000000000000000000000000000000000000000000000000000000000000000000000000000000000
3026,11100000011110000011100000000000000000000000000000000000000000000000000000000000000000000000000000000000000000000000000000000000000000000000000000000000000000000000000000000000001100000000000000000000000000000000000000000000000000000000000000000000000000010000000000000000000000000001101000000000000000000000000000000000000000000000110000000000101000001001100000000010001100100000100010000000000000000000010000000000100010000000001000100000110100100000100000000000000000100000000000000000001001000000000000000000000010001000100000000001000000000000100011001000000010000010011000110010100000000011010100011000100000100011000100000000001001001100000000000001000010001010100110000111110010111100100010100000100011101000000000000000000000000000000000000000000100000000000000000000000000000000000000000000000000000000000000100000000000000000000000000000000000000000000000000000000000000
3033,11000000011100100011000000000000000001100000000000000000000000000000000000000000000000000000000000000000000000000000000000000000000000000000000000000000000000000000000000000000001100000110000000000000000000000000000000000000000000000000000000000000000000010100000000000000000000000001111000000010000100000000100000000000000000000000110000001010100000011001100000100000001100001100100010000010110000000000001000000000100010000000001000100100110100100100100000000000100000100000000000000000001000010000011100000000000010001000100000000001000000000110011010001000000010000010000001110010110000011001011110010001110001000110000000001000011001001101000000000001110010001100100000000111101111001100100010100000100011100000000000000000000000000000000000000000100000100000000000010000000000000000000000000000000000000000000100000100000000000010000000000000000000000000000000000000000000000
3059,11000000011100000011000110000000000000000000000000000000000000000000000000000000000000000000000000000000000000000000000000000000000000000000000000000000000000000000000000000000001100000110000000000000000000000000000000000000000000000000000000000000000000010100000000000000000000000001101100000000000000000000100000000000000000000000110000000100100000001001100000001000001100000000111010000000000000000000001000000000100010000000001000100000110100100000100000000000000000100000000000000000001001000010000000000000000010001000100000000001000001100000100011001000000010000010011100110110100000100001010100010010100000000111000101000000001001011110000000010001000010001001100110000111100010001100100011110000100011101010000000000000000000100000000000000000000010000000000000000000010000000000000000000100000000000000000000010000000000000000000000000000000000000000000000000000000000000
3151,11100000011110111011000000000000000001000000000000000000000000000000000000000000000000000000000000000000000000000000000000000000000000000000000101100010110000000000000000000000001111000110000010000000000000000000000000000000000000000000000001011000000000010100000000000000000000000001111000000010000100000000000000000000000000000000100000101010110000010001000000100100001100011100000010000011110000000000000000000000100010000000000000100100010000100101000000000000100000100000000000000000001000010000011100000000000010001000100000000000000010000111011010001000100010000110000000100010110000011101001110010001100101000010000000001000011010001001011000000010110010001100100000100111000100000000000000000000000000000000000000000000010000000000000000000010000000000000000000100000000000000000000010000000000000000000010000000000000000000100000000000000000000000000000000000000000000000
3162,11100000011110110010000000000000000000000000000000000000000000000000000000000000000000000000000000000000000000000000000000000000000000000000000000000000000000000000000000000000001111000100000000000000000000000000000000000000000000000000000000000000000000011100000000000000000000000001111000000000000000000000000000000000000000000000110001001100111000011001111000000110001111101000000010010011000010000001010000000000101000000000001100110100011001110100010000000100100000101000000000100000001100010000001000100000000010001101100000100000001110000110110010011000000010100010011011100010110000001011000110011001100001110011000000001000011001001100000000000001110110001110100000000111100100001100000011100000000011101000000000000000000000000000000000000000000000000000000000000000000000000000000000000000000000000000000000000000000000000000000000000000000000000000000000000000000000000
3259,11000000011110000011100000000000000000000000001110000000000000000000000000000000000000000000000000000000000000000000000000000000000000000000000100100000000000000000000000000000001101000110000011000001000000000000000000000000000000000000000001001000100100010101000000000000000000000001101000000000001000000000100000000000000000000000110001000100100000101001100000000000001100000000111010000000000000000000011000000000100010000000001000100000110100100000100000000000000000100000100000000000001001000010000000000000000010001000100000000001000001000000100011001000000011000010011100110010100001100011010100011010100000100111100100100000101001011100000000010101000010001011100110000111100010101110100011111100100011101010000000000000000000000000100000000000000110000000000000000000010000000000000000000000000100000000000000110000000000000000000000000000000000000000000000000000000000000
3278,11000000011100000011100000000000000001100000000000000000000000000000000000000000000000000000000000000000000000000000000000000000000000000000000000000000000000000000000000000000001100000000000000000000000000000000000000000000000000000000000000000000000000010000000000000000000000000001101000000010000000000000100000000000000000000000110000000110101000001001100000100010001100100000111010000000000000000000011000000000100010000000001010100000110100100000100000000010000000100000100000000000001001000010010001000000000010001000101001000001010001100000101111001000000011010010011000110011100001010011011100011110100000100011100100100000101001001100000000010001000010111010110110000111100010001100110010100000110011100010000000000000000000000010000100000000000000010000100000000100010000000000000000000000010000100000000000000010000100000000100000000000000000000000000000000000000000000
3308,11100000011110100011000000000000000000000000000000000000000000000000000000000000000000000000000000000000000000000000000000000000000000000000000101100000000000000000000000000000001101000100000000000000000000000000000000000000000000000000000001011000000000011111000000000000000000000001111000000000000100000000100000000000000000000000110001001100101000011001111000000010001100101100100011110010110010011001011000000000101010000000001100100100111100100100110000000100100000101000000000100000001000010000000000100000000010001001100100100001001000000100110010011000000010100010011011110110110000001011000110011001100001110111000000001000011001011110000000000001110110001110100000000111101111001101100011110011100011101000000000000000000000100000000000000000000000100000000000000000000000000000000000000100000000000000000000000100000000000000000000000000000000000000000000000000000000000
3333,11100000011110100011100000000000000001100000000000000000000000000000000000000000000000000000000000000000000000000000000000000000000000000000000000000000000000000000000000000000001100000100000000000000000000000000000000000000000000000000000000000000000000010000000000000000000000000001111000000010000100000000000000000000000000000000110100001010101000011001100000100010001100100000100010000010110000000000010000000000100010000000001000100100110100100100100000000000000000100000000000000000001000000000010100000000000010001000101001000001000000000000001011001000000010000010010000110010100000010011001100010000100000100011000000000000001001001001000000000000100010001010100101000111100010001110111011101000100011101000000000000000000000000010000000000000000000010000000000000100000000000000000000000000010000000000000000000010000000000000100000000000000000000000000000000000000000000
3365,11000000011100111010000110000000000000000000000000000000000000000000000000000000000000000000000000000000000000000000000000000000000000000000000101100010110000000000000000000000001100000000000000000000000000000000000000000000000000000000000000000000000000011111000000000000000000000001111100000000000010000000100000000000000000000000110001000100110000011001100000001100001101010001000010000110000010000001001000000000101000100000001000100000010000110010010000000000000100100000000000001011001100001000000010000000000111011100100000000000000010000000100010001000100010100010111000100010100000001101100100010001100001000111000000000000001011001100000000000011000110001001100000000111100100001100000011100000000011101000000000000000000000000000000000000000000000000000000000000000000000000000000000000000000000000000000000000000000000000000000000000000000000000000000000000000000000000
3386,11100000011110100010000110000000000000000000000000000000000000000000000000000000000000000000000000000000000000000000000000000000000000000000000000000000000000000000000000000000001100000110000000000000000000000000000000000000000000000000000000000000000000010100000000000000000000000001111100000000000100000000000000000000000000000000110000010100111000011001100000010110001100100000011010000010110000000000010000000000100000000000001000100000010000100000000000000000000000100000100000000000001000000010000000000000000010001000100010000000000011100000100010001000000011000010011000100010100001001011000100011010100001100011100000100000101001101101000000010001000010001010100000000111100100001100000010100000000011100010000000000000000000000000000000000000000000000000000000000000010000000000000000000000000000000000000000000000000000000000000000000000000000000000000000000000000000000
3475,11100000011100110011000000000000010000000000000000000000000000000000000000000000000000000000000000000000000000000000000000000000000000000000000111100010000000000000000000000000001100000000000000000000000000000000000000000000000101100000000000000000000000010000000000000000000000000001111000000100000110000100000000000000000000000000110100000000110000010101100000000100001100110000000110000010011000100000000000000010100010000000001000100000010000100001000001110000010000100000000000010000001000000000000000000000000111101010100000011000000010000000000010001000000010000010000000100010100000001001000100010000100001000010000000000000001100001000000000000000100010001000100000000111000100001000000000000000000011101001000000000000000000000000000000000000000000000000000000000000001000000000000000000000000000000000000000000000000000000000000000000000000000000000100000000000000000000
3476,11110000011110111011100000000000010000000000000000000000000000000000000000000000000000000000000000000000000000000000000000000000000000000000000100000000000000000000000000000000001100000110000000000000000000000000000000000000000000000000000000000000000000010000000000000000000000000001111000000100000100000100000000000000000000000000110100101000110000011101100000000100001100110000000110000011110000000000000000000010100010000000001000100001010100100001000001110000110000100000000000010000001000000000000000000000000010001000100010011001000010000000000011001000100010000010000000110010100000001001000100010001100001000010000000000000001010001001011100100010100010001000100100000111000100001000000010000000000011100001000000000000000000000000000000000000000000000000000000000000001100000000000000000000000000000000000000000000000000000000000000000000000000000000000000000000000000000
3478,11100000011110111011100000000000010000000000000000000000000000000000000000000000000000000000000000000000000000000000000000000000000000000000000000000000000000000000000000000000001111000110000010000000000000000000000000000000000000000000000000000000000000011100000000000000000000000001111000000100000100000100000000000000000000000000110000101000110000011101111000000100001111111000000110010010110010000001000000000010101010000000001100110101011101110101010001110000110000101000000000110100001101110001001000100000000010001101100010011001101110000111010011001000100010000110000001101010110000001101000100110001100101000010000010001000001000001001011000000010110010001000100011000111000100001000000010000000000011100001000000000000000000000000000000000000000000000000000000000000001000000000000000000000000000000000000000000000000000000000000000000000000000000000000000000000000000000
3488,11100000011110110011100000000000010001000000000000000000000000000000000000000000000000000000000000000000000000000000000000000000000000000000000000000000000000000000000000000000001100000110000011000000000000000000000000000000000000000000000000000000000000010100000000000000000000000001111000000110000100000100000000000000000000000000110000101110110000011101100000100110001100110000011110000010110000000000010000000010100010000000001000100001010100100001000001110000110000100000100000010000001001000010010100000000000010001000100010011001000011100000111011001000100011000010011000110110100001011011011100011011100001000011000101101000011001101111011000010011100010001010100110000111100110001100100010100000100011100001000000100000000000000010000000000000000010000000000000000000001000000100000000000000010000000000000000010000000000000000000000000000000000000000000000000000000000000
3559,11100000011110100011000100000000000001000000000000000000000000000000000000000000000000000000000000000000000000000000000000000000000000000000000000000000000000000000000000000000001111000110000010000000000000000000000000000000000000000000000000000000000000010100000000000000000000000001111100000010000000000000100000000000000000000000110001000110110000011001100000101100001100000000000010000011000000000000001000000000100010000000001010100000010100100000000000000000000000100000000000000000001001000000010100000000000010001000100000000001000010000000101011001000000010000010011000110010100000011001011100010000100001000111000100000000001001101100000000000001100010001001100110000111100111001100100011100000100011101000010000000000000000000000000000000000000000000000000000000000000010000000000000000000000000000000000000000000000000000000000000000000000000000000000000000000000000000
3599,11110000011110100011100000000010000000000000000000000000000000000000000000000000000000000000000000000000000000000000000000000000000000000000000000000000000000000000000000000000000000000000000000000000000000000000000000000000000000000000000000000000000000000000000000000000000000000001111000000000000000000000000000100000000000000000100000000000111000011000000000000110000000100000000000000011000000000000000100010000000000000100000000000000000000000000000010000000000000000000000000000000000000000000000000000000000000000000000000000000000010000000000000000000000000100000000000000010000000000000000000000000000000000000000000000000000001000000000000000000000100000000000000000001100000001100000010100000000000000000000000000000000000000000000000000000000000000000000000000000000000000000000000000000000000000000000000000000000000000000000000000000000000000000000000000000000000000
3639,11000000011000110011100000000000011001000000000000000000000000000000000000000000000000000000000000000000000000000000000000000000000000000000000000000000000000000000000000000000001111000100000000000000000000000000000000000000000000000000000000000000101100010000000000000000000000000001110000000110000100000100000000000000000000000000100000001010100000010101000000100100001100011100000110000010110000000000000000000010100000000000000000100100010000100100000001110000110000100000000000010000001000010000011100000000000000001000100010011100000010000110011010001000100010000010000000100010110000011001001010010001100001000010000000001000011000001001000000000010010010001100100000100111000100000000000000000000000000000000000000000110000000000000000001000010000000000000000110000000000000000000110000000000000000001000010000000000000000110000000000000000000000000000000000000000000000000
3672,11100000011100000011000000000000000000000000000000000000000000000000000000000000000000000000000000000000000000000000000000000000000000000000000000000000000000000000000000000000001100000000000000000000000000000000000000000000000000000000000000000000000000010000000000000000000000000001101000000000000000000000100000000000000000000000110100000000100000001001100000000000001100100000100010000000000000000000001000000000100010000000001000100000110100100000100000000000000000100000000000000000001000000000000000000000000010001000100000000001000000000000000010001000000010000010000000110010100000000001010100010000100000000110000000000000001001001100000000000001000010001000100000000111100010001100100011100000100011101100000000000000000000000000000000000000000000000000000000000000100000000000000000000000000000000000000000000000000000000000000000000000000000000000000000000000000000000
3705,11000000011110110011110000000000011000000000000000000000000000000000000000000000000000000000000000000000000000000000000000000000000000000000000101100010000000000000000000000000001100000110000000000000000000000000000000000000000000000000000001011000000000011111010000000000000000000001111000000100000100000000100000000000000000000000110000001100100000011101111000000000001100001100011111110010110010011001001010000010101010000000001110100100011100100100010001110100110000101000000001100000001001010110001000100000000010001001100100111001001101010110110011011000000010100010011011111010110100101001010110010011100001000111000110001000011001101101000000011001110110001101100111000111100110101100100011110000100011100000000000000100000000001000000000000000000000100000000000000000000000000000100000000001000000000000000000000100000000000000000000000000000000000000000000000000000000000
3715,11100000011110100011100000000000000001000000000000000000000000000000000000000000000000000000000000000000000000000000000000000000000000000000000101100000000000000000000000000000001100000110000000000000000000000000000000000000000000000000000001011000000000011111010000000000000000000001111000000010000000000000100000000000000000000000110000001110100000011001111000100010001100101100111011110011000011000001011000000000101010000000001100100101111100100101110000000000100000101000100000100000001001010010011100100000000010001001100000100001001101100110111011011000000011000010011011110010110001011011011110011011100001000111000100101000011001001100010000010001110010001110100110000111101111001101100111110011100111101000010001000000000000010000000000000000000000100000000000000000000010001000000000000010000000000000000000000100000000000000000000000000000000000000000000000000000000000
3749,11100000011110111010000000000000000000000000000000000000000000000000000000000000000000000000000000000000000000000000000000000000000000000000000111100010000001000000000000000000001100000110000000000000000000000000000000000000000000000000000000000000000000011101000000000000000000000001111000000000000110000000000000000000000000000000110010001000110000011001101100000100001100110001000010000111000000100000000000000000101010100000001000100011011100100011010000000000100000100000000000000011001000000000000000000000000111011010100000100001101110000000010010011000000010000110000010110010100000001001100100010001100101000010000000001000011000001000011000000000100010001000100000000111000110001000100011000000000011101100000000000000000000000000000000000000000100000000000000000000100000000000000000000000000000000000000000100000000000000000000000000000000000000000000000000000000000000
3776,11000000010000000010000000000000000000000000000000000000000000000000000000000000000000000000000000000000000000000000000000000000000000000000000000000000000000000000000000000000000000000000000000000000000000000000000000000000000000000000000000000000000000000000000000000000000000000001101000000000000000000000100000000000000000000000100000010100101000001000000000000010000000100000000000000000000000000000001000000000000000000000000000000000000000000000000000000000000000000000000000000000000000000000000000000000000000000000000000000000000000000000000000000000000000000001000000000000000000000000000000000000000000000000000000000000000000000000000000000000000000000000000000000000000000000000000000000000000000000000000000000000000000000000000000000000000000000000000000000000000000000000000000000000000000000000000000000000000000000000000000000000000000000000000000000000000000000
3784,11100000011110110011100000000000000000000000000000000000000000000000000000000000000000000000000000000000000000000000000000000000000000000000000101100000000000000000000000000000001100000100000000000000000000000000000000000000000000000000000001011000000000011111000000000000000000000001111000000000000101000000000000000000000000000000110100011100101000011001111000000010001100101100100010110010110100000000010000000000101010010000001100100100111100100100101000000000100000100000000000000100001000000001001000000000001010001001100000100001001100000111010011011010000010000110010010110010100000001011000110010001100000100011000000000000011001001001000010000000100010001110100101000111100110001111111111101001100111101000000000000000000000000100000000000000000000100000000000100000000000000000000000000000100000000000000000000100000000000100000000000000000000000000000000000000000000000
3825,11000000011110000011000000000000000000000000000000000000000000000000000000000000000000000000000000000000000000000000000000000000000000000000000000000000000000000000000000000000001100000110000000000000000000000000000000000000000000000000000000000000000000010100000000000000000000000001101000000000000000000000100000000000000000000000110100000100100000001001100000000000001100100000100010000000000000000000001000000000100010000000001010100000110100100000100000000000000000100000000000000000001001000000000000000000000010001000100000000001000000000000000011001000000010000010000000110010100000000001010100010000100000000110000100000000001001001100000000000001000010001000100110000111100010001100100011110000100011101000000000000000000000100000000000000000000000000000000000000000000000000000000000000100000000000000000000000000000000000000000000000000000000000000000000000000000000000
3883,11000000011110110011000110000000010000000000000000000000000000000000000000000000000000000000000000000000000000000000000000000000000000000000000101100000000000000000000000000000001111000100000000000000000000000000000000000000000000000000000001011000000000011111110000000000000000000001111100000100000100000000000000000000000000000000110000001100111001011101111000010110101111111101011010110110110010011001010000001010101000000000001100110100011001110110010001000000110010101101101000101101111100010011001010110000000010011101100100100000001111100111110010011000100011000110111011100010111001001011100110011011100101100011100000101000111011101001000000011010110010001110100000100111000100000000000000000000000011100000000000000000000000000000000000000000000000000000000000100000000000000000000000000000000000000000000000000000000000000100000000000000000000000000000000000000000000000
3884,11000000011100000011000000000000000000000000000000000000000000000000000000000000000000000000000000000000000000000000000000000000000000000000000000000000000000000000000000000000001100000100000000000000000000000000000000000000000000000000000000000000100000010000000000000000000000000001101000000000000000000000100000000000000000000000110000000100100000001001100000000000001100100000000010000000000000000000001000000000100010000000001010100000010100100000000000000000000000100000000000000000001001000010000000000000000010001000100000000001000000000000100011001000000010000010011000110010100000000001010100010000100000000111000100000000001001001100000000000001000010001001100110000111100010101100110011100000100011101000000000000000000000000000000000000000000100000000000000000000000000000000000000000000000000000000000000100000000000000000000000000000000000000000000000000000000000000
3885,11000000011100000011000000000000000000000000000000000000000000000000000000000000000000000000000000000000000000000000000000000000000000000000000000000000000000000000000000000000001100000100000010000000000000000000000000000000000000000000000000000000100100010000000000000000000000000001101000000000000000000000000000000000000000000000110001000100100000001001100000000000001100100000000010000000000000000000010000000000100010000000001010100000010100100000000000000000000000100000100000000000001001000010000000000000000010001000100000000001000000000000100011001000000010000010011000110010100000000011010100011000100000100011000100000000001001001100000000000001000010001010100110000111100010101100110011100000110011101000000000000000000000000000000000000000000100000000000000000000000000000000000000000000000000000000000000100000000000000000000000000000000000000000000000000000000000000
3955,11110000011110110011000000000000000001000000000000000000000000000000000000000000000000000000000000000000000000000000000000000000000000000000000000000000000000000000000000000000001111000110000011000001000000000000000000000000000000000000000000000000000000010101000000000000000000000001111000000010000000000000100000000000000000000000111001000110110000011001100000100100001100100000000010000011000000000000001000000000100010000000001000100001010100100001000000000000000000100000000000000000001000000000010100000000000010001000100000000001000010000000101010001000000010000010011000110010100000011001011100010001100001000111000000000000001001101100001000000001100010001001100000000111100111001100100011100000100011111000010000000000000000000000000000000000000000000000000000000000000010000000000000000000000000000000000000000000000000000000000000000000000000000000000000000000000000000
3957,11100000011110110011000000000000000001000000000000000000000000000000000000000000000000000000000000000000000000000000000000000000000000000000000000000000000000000000000000000000001111000101100010000000000000000000011000000000000000000000000000000000000000011100000000000000000000000001111000000010000000000000000000000000000000000000110000001010111000011001111000100110001111101000100010010011000010000001010000000000101010000000001100110100011001110101110000000000100000101000000000100000001100010000011100100000000010001101100000100000001110000110011010011000000010000010000011100010110000011001001110010001100011000010000000001000011000001000011000000000110010001100100000000111000100001000000011000000000011101000010000000000000000000010000000000000000100000000000000000000000010000000000000000000010000000000000000100000000000000000000000000000000000000000000000000000000000000
4044,11000000011100100011000000000000000000000000000000000000000000000000000000000000000000000000000000000000000000000000000000000000000000000000000000000000000000000000000000000000001100000110000000000000000000000000000000000000000000000000000000000000000000010100000000000000000000000001111000000000000100000000100000000000000000000000110000001000100000011001100000000000001100101100100010000010110000000000001000000000100010000000001000100100110100100100100000000000100000100000000000000000001001010000001000000000000010001000100000000001000000000110110011001000000010000010011001111010110000001001010110010001100001000111000110001000011001101101000000000001110010001101100111000111100110001100100010100000100011101000000000000000000000000100000000000000000100100000000000000000000000000000000000000000100000000000000000100100000000000000000000000000000000000000000000000000000000000
4075,10000000011000100011000000000000000000000000000000000000000000000000000000000000000000000000000000000000000000000000000000000000000000000000000000000000000000000000000000000000001100000000000000000000000000000000000000000000000000000000000000000000000000010000000000000000000000000001111000000000000100000000100000000000000000000000110000001100100000011001100000000000001100001100111010000000010000000000001000000000100010000000001000100100110100100100100000000000100000100000000000000000001001000010001000000000000010001000100000000001000001100110110011001000000010000010011100110110100000101001010110010011100000000111000101000000011001011111000000010001000010001101100110000111101111001100100000100000100011100000000001000000000000000100000000000000000010000000000000000000000000001000000000000000100000000000000000010000000000000000000000000000000000000000000000000000000000000
4091,11000000011000111000000000000000000000000000000000000000000000000000000000000000000000000000000000000000000000000000000000000000000000000000000000000000000000000000000000000000000000000000000000000000000000000000000000000000000000000000000000000000000000000000000000000000000000000001010000000000000100000000000000000000000000000000000000000000000000000000000000000100000000110000000000000011010000000000000000000000001000000000000000000000000000000010010000000000000000000000000000000001100000000000000000000000000000010000000000000000000010000000000000000000100000000000000000000000000000000000000000000000000000000000000000000000000000000000000000000000000000000000000000000000000000000000000000000000000000000000000000000000000000000000000000000000000000000000000000000000000000000000000000000000000000000000000000000000000000000000000000000000000000000000000000000000000000000
4093,10000000011000000011000000000000000000000000000000000000000000000000000000000000000000000000000000000000000000000000000000000000000000000000000000000000000000000000000000000000000000000000000000000000000000000000000000000000000000000000000000000000000000000000000000000000000000000001101000000000000000000000100000000000000000000000110000000000100000001000000000000000000000100000100000000000000000000000001000000000100010000000001000000000110100100000100000000000000000000000000000000000000000000000000000000000000000000000000000000001000000000000000001000000000000000000010000000000000000000000000100000000000000000100000000000000000000000000000000000000000000000001000010000000000000000000000000000000000000000000000000000000000000000000000000000000000000000000000000000000000000000000000000000000000000000000000000000000000000000000000000000000000000000000000000000000000000000
4168,11100000011100110011000000000000000001000000000000000000000000000000000000000000000000000000000000000000000000000000000000000000000000000000000000000000000000000000000000000000001100000000000000000000000000000000000000000000000000000000000000000000000000010000000000000000000000000001111000000010000100000000000000000000000000000000110000001110110000011001100000100110001100101100011010000011110000000000010000000000100010000000001000100101010100100101000000000000100000100000100000000000001001000010011100000000000000001000100010000001000011100110111011001000000011000110011000110110100001011011011010011011100101000011000101101000011001101111011000011001100010001110100110000111100110001101100100100001100111100000100000100000000000000010001000000000000010000000000000010000000100000100000000000000010001000000000000010000000000000010000000000000000000000000000000000000000000000
4173,11000000011000110011000000000000000000000000000000000000000000000000000000000000000000000000000000000000000000000000000000000000000000000000000101100000000000000000000000000000000000000000000000000000000000000000000000000000000000000000000000000000000000011000000000000000000000000001111000000000000001000000100000000000000000000000000000000000111000011000001100000110001011111011000000010111000111000101001000000000101000010000000000010010001001110110011100000000000000001000000000101101000100010001001010100000001000010100000000000000000110000011000000000010100000100101100000000000000000000000100000000000000100000000000000000000000010000000000010000010100100000000000000100000000000000000000000000000000000000000000000000000000000000000000000000000000000000000000000000000000000000000000000000000000000000000000000000000000000000000000000000000000000000000000000000000000000000
4409,11100000011100000011000000000000000000000000000000000000000000000000000000000000000000000000000000000000000000000000000000000000000000000000000000000000000000000000000000000000001100000110000000000000000000000000000000000000000000000000000000000000110000010101000000000000000000000001101000000000000000000000000000000000000000000000110000000100100000001001100000000010001100100000011011000000000000000000010000000000100010000000001010100000010100100000000000000000000000100000100000000000001000000010000000000000000010001000100000000001000001100000100010001000000011000010011000110010100001000011000100011010100000000011000000100000001001001100000000010001000010001010100000000111100010001100100011110000100011101110000000000000000000110000000000000000000100000000000000000000110000000000000000000110000000000000000000100000000000000000000000000000000000000000000000000000000000000
4421,11000000011100110011000000000000000000000000000000000000000000000000000000000000000000000000000000000000000000000000000000000000000000000000000000000000000000000000000000000000001011000100000000000000000000000000000000000000000000000000000000000000100000011000000000000000000000000001111000000000000000000000100000000000000000000000110000001100110000011001111000000100001100111011100010010011000010000001001000000000101010000000001110100110111101100110110000000000100000101000000000101001001001010000001000100000000010011001100000100001001110000110010011011000100010000010010011111110110010001001110110010001100001000110000110001000011011001010000000000010110010001101100111100111100110001101100110100010100111100000000000000000000000000000000000000000000000000000000000000000000000000000000000000000000000000000000000000000000000000000000000000000000000000000000000000000000000000
4463,11000000011100111010000000000000000000000000000000000000000000000000000000000000000000000000000000000000000000000001100000000000000000000000000000000000000000000000000000000000001011000101100000000000000000000000010110000000000000000000000000000000000000011110000000000000000000000001111000000000000100000000000000000000000000000000110000101000110000011001101000000100001111111111000010010011110010000001000000000000101010000000001000110111011101110111010000000000100000101000000000101001001101010001001000100000000010011101100000100001001110000111010011011000100010000110000011111010110000001101110110010001100101000010000110001000011010001000010000000010110010001100100111100110000110000000000100000000000011100000000000000000000000000000000000000000000000000000000000000000000000000000000000000000000000000000000000000000000000000000000000000000000000000000000000000000000000000
4485,11100000011110110011100000000000000000000000000000000000000000000000000000000000000000000000000000000000000000000000000000000000000000000000000000000000000000000000000000000000001100000100000000000000000000000000000000000000000000000000000000000000000000010000000000000000000000000001111000000000000101000000000000000000000000000000110100001000100000011001100000000010001100101100100010000010110100000100010000000000100010010000001000100100110100100100101100000000100000100000000000000000001000000000001000000000001010001000100000000001000000000110010011001010000010000010010000110010100000001011000110010001100000000011000000000000011001001001000000000000100010001110100101000111100110001111111111101001100111101000000000000000000000000000000000000000000000100000000000000000000000000000000000000000000000000000000000000100000000000000000000000000000000000000000000000000000000000
4495,11000000011100110011100000000000010000000000000000000000000000000000000000000000000000000000000000000000000000000000000000000000000000000000000000000000000000000000000000000000001100000110000000000000000000000000000000000000000000000000000000000000000000010100000000000000000000000001111000000100000101000100000000000000000000000000100000001100100000011001000000000000101100101100011010000000010100000100010000000010100000010000000000100100010000100100001101110000100000100000100000000000001000000010001000000000001010001000100000000000000001110110110010001010000011100010011000100010100001001011000110011011100000110011100000100000111001101101000000011001000010001110100000000111100100000101000000000001000000000000000000000000100000000000001000000000000000000001000000000000000000000000000100000000000001000000000000000000001000000000000000000000000000000000000000000000000000000
4510,10000000010000110011110000000000000000000000000000000000000000000000000000000000000000000000000000000000000000000000000000000000000000000000000000000000000000000000000000000000000000000000000000000000000000000000000000000000000000000000000000000000000000000000000000000000000000000001101000000000000001000000000000000000000000000000100000010100101000001000000000000010000000000000000000000000000000000100000000000000000000010000000000000000000000000000000100000000000000000000000000000000000000000000000000000000000000000000000000000000000000000000000000000000000000010000000000000000000000000000000000000000000000000000000000000000000000010000000000000000000000000000000000000000000000000000000000000000000000000000000000000000000000000000000000000000000000000000000000000000000000000000000000000000000000000000000000000000000000000000000000000000000000000000000000000000000000000
4539,11100000011110110011000100000000000000000000000000000000000000000000000000000000000000000000000000000000000000000000000000000000000000000000000000000000000000000000000000000000001111000100000010000000000000000000000000000000000000000000000000000000100000010000000000000000000000000001111100000000000100000000100000000000000000000000110000001100110000011001100000001100001100101100100010000011110000000000001000000000100010000000001010100100110101100100100000000000100000100000000000000000001001010000001000000000000000001000100010000001000010000110010011001000000010000110010000111110110010001101010011010001100101000110000110001000011001001011000000000000110010001101100111000111100110001101100110100011100111100000100000000000000000000000000000000100000000100000000000000000000100000000000000000000000000000000100000000100000000000000000000000000000000000000000000000000000000000
4583,11100000011110110011100100000000000000000000000000000000000000000000000000000000000000000000000000000000000000000000000000000000000000000000000000000000000000000000000000000000001111000101100010000001000000000000000000000000000000000000000000000000101100010000000000000000000000000001111100000000000000000000100000000000000000000000110000101100111000011001100000001110001100101100111010000011000000000000011000000000100010000000001010100100110101100100100000000000100000100000100000000000001001010010000000000000000000001000100000000001000011010100110011001000000011100110011000111110110011001111010011011011100101110111100110101000111001001110000000010001110110001111100111000111100110101101100110110011100111100000100000000000000000010000000000000100000000100001000000000000000100000000000000000010000000000000100000000100001000000000000000000000000000000000000000000000000000000
4614,11000000011110100011000000000000000000000000000000000000000000000000000000000000000000000000000000000000000000000000000000000000000000000000000101100000000000000000000000000000001100000110000000000000000000000000000000000000000000000000000000000000000000011101000000000000000000000001111000000000000000000000100000000000000000000000110000001100100000011001111000000000001100001000110010010010000010000001011001000000101010000000001110100101111100100101110000000100100000101000100000100000001011110110000000100000000010001001100000100001101101010100110011011000000011100010011010110010110001001011010100111011100011110111100100101000111001001100010000000001110110001110100110000111111111111100100011100000100011100000000000000000000000000000000000000000000000000000000000000000000000000000000000000000000000000000000000000000000000000000000000000000000000000000000000000000000000000
4631,11100000011100100011000000000000000000000000000000000000000000000000000000000000000000000000000000000000000000000000000000000000000000000000000000000000000000000000000000000000001100000000000000000000000000000000000000000000000000000000000000000000000000010000000000000000000000000001111000000000000100000000100000000000000000000000100000111100111000011001000000000110001100100000011010000010110000000000011000000000100000000000000000100000010000100000000000000000000000100000100000000000001000000010000000000000000010001000100010000000000011101000100010001000000011110011011000100010100001000011000100011010100001100011100000100010101001101101000000010001100110111010100000000111100000000100000000000000000000000000000000000000000000000000000000000000000000000100000000000000000000000000000000000000000000000000000000000000100000000000000000000000000000000000000000000000000000000
4680,11100000011110100011100000000000000000000000000000000000000000000000000000000000000000000000000000000000000000000000000000000000000000000000000000000000000000000000000000000000001111000110000010000000000000000000000000000000000000000000000000000000101100011111010000000000000000000001111000000000000000000000000000000000000000000000110000001100110000011001111000000110001111101000011011010010000010000001010000000000101000000000001100110100011001110100010000000000100000101000100000100000001100010010001000100000000010001101100000100000001111101110110010011000000011010010011011100010110001001011000110011011100001000011000000101010011001001100000000010001110010101110100000000111101100001101000011110011000011101010000000000000000000010000000000000000000100000100000000000000010000000000000000000010000000000000000000100000100000000000000000000000000000000000000000000000000000000
4763,11000000011100110011000000000000000000000000000000000000000000000000000000000000000000000000000000000000000000000000000000000000000000000000000000000000000000000000000000000000001111000100000000000000000000000000000000000000000000000000000000000000000000010000000000000000000000000001111000000000000100000000000000000000000000000000111000000000100000011001100000000000001100110000000010000010110000000000000000000000100010000000001000100001010100100001000000000000000000100000000000000000001000000000000000000000000010001000100000000001000000000000000010001000100010000010000000111010100010001101010100010001100001000010000000000000001010001000010100100010000010001000100000000111000110001000100011000000100011111000000000000000000000000000000000000000000000000000000000000000000000000000000000000000000000000000000000000000000000000000000000000000000000000000000000000000000000000
4764,11000000011110000011100000000000000000000000000000000000000000000000000000000000000000000000000000000000000000000000000000000000000000000000000100100000000000000000000000000000001100000110000011000000000000000000000000000000000000000000000001001000000000010101000000000000000000000001101000000000000000000000100000000000000000000000110001000100100000001001100000000000001100000000111010000000000000000000011000000000100010000000001000100000110100100000100000000000000000100000000000000000001001000010000000000000000010001000100000000001000001100000100011001000000010000010011000110010100000100011010100011010100000100111000100000000001001001100000000010001000010001011100110000111100010101110100011111100100011101010000000000000000000000000000000000000000100000000000000000000010000000000000000000000000000000000000000100000000000000000000000000000000000000000000000000000000000000
4771,11000000011100100000000000000000000000000000000000000000000000000000000000000000000000000000000000000000000000000000000000000000000000000000000000000000000000000000000000000000001100000000000000000000000000000000000000000000000000000000000000000000000000010000000000000000000000000001110000000000000100000000000000000000000000000000110010001000100000010001100000000000001100100000000010000000010000000000000000000000100000000000001000100000010000100000000000000000000000100000000000000000001000000000000000000000000010001000100000000000000000000000000010001000000010000010000000100010100000001001000100010001100000000010000000000000001000001001000000000000000010001000100000000111000100001000000011000000000011100000000000000000000000000000000000000000000000000000000000000000000000000000000000000000000000000000000000000000000000000000000000000000000000000000000000000000000000000
4814,11100000011110111011000000000000000000000000000000000000000000000000000000000000000000000000000000000000000000000000000000000000000000000000000000000000000000000000000000000000001111000101100010000000000000000000000000000000000000000000000000000000000000011111000000000000000000000001111000000000000100000000000000000000000000000000110000000100110000011001101000000110001111101000011010010010110010000001010000000000101010000000001000110001011101110101010000000000100000101000100000100000001101010010001000100000000010001101100010100001001111100110110011011000000011000010011011110110110001001111010110011011100001000011000101101000011001101110011000010001110010001110100110000111100110001101111101100010110011100010000000000000000000100000000000000000000010000000000000000000010000000000000000000100000000000000000000010000000000000000000000000000000000000000000000000000000000000
4873,00000000000000000000000000000000000001000100000000000000000000000000000000000000000000000000000000000000000000000000000000000000000000000000000000000000000000000000000000000000000000000000000000000000000000000000000000000000000000000000000000000000000000000000000000000000000000000000000000000000000000000000000000000000000000000000000000000000000000000000000000000000000000000000000000000000000000000000000000000000000000000000000000000000000000000000000000000000000000000000000000000000000000000000000000000000000000000000000000000000000000000000000000000000000000000000000000000000000000000000000000000000000000000000000000000000000000000000000000000000000000000000000000000000000000000000000000000000000000000000000000000000000000000000000000000000000000000000000000000000000000000000000000000000000000000000000000000000000000000000000000000000000000000000000000000000000000000
4908,11100000011100110010000000000000000000000000000000000000000000000000000000000000000000000000000000000000000000000000000000000000000000000000000000000000000000000000000000000000001111000100000000000000000000000000000000000000000000000000000000000000101100011111000000000000000000000001111000000000000100000000000000000000000000000000110000101100110000011001111000000110001111101100011011110010110010000001010000000000101000000000001100110100011001110100010000000000100000101000100000100000001100010011001000100000000010001101100010100000001111100111110010011000000011000110011011100010110001001011000110011011100101000011000000101000011001101101000000011001110010001110100000000111101100001101000010110011000011100000000001000000000000010100001000000000000000100000000000100000000000001000000000000010100001000000000000000100000000000100000000000000000000000000000000000000000000000
4927,11100000011110110000000000000000010000000000000000000000000000000000000000000000000000000000000000000000000000000000000000000000000000000000000000000000000000000000000000000000001111000110000010000000000000000000000000000000000000000000000000000000101100010100000000000000000000000001110000000100000000000000000000000000000000000000100000101000110000010101000000000100001100101100000110000011000000000000000000001000100000000000000000100100010000100100000000000000100000100000000000000000001000010000101000010000000010001000100000011100000010000110010010001000000010000110000001100010111000001001000110010001100101000010000000001000011000001000000000000000111010001100100000000111000100000000000000000000000000000000000000000000000000000000000000000000000000000000000100000000000000000000000000000000000000000000000000000000000000100000000000000000000000000000000000000000000000000
4947,11000000011100000011100000000000000000000000000000000000000000000000000000000000000000000000000000000000000000000000000000000000000000000000000000000000000000000000000000000000001100000000000000000000000000000000000000000000000000000000000000000000000000010000000000000000000000000001101000000000000000000000100000000000000000000000110000000100101000001001100000000010001100100000111010000000000000000000011000000000100010000000001000100000110100100000100000000000000000100000000000000000001001000010000000000000000000001000100000000001000001101000100011001000000010010010011100110010100000100011010100011010100000100111000100000001001001011100000000010101000010011011100110000111110010101110110000111100110011100010000000000000000000010000100000000000000000000100000000000000010000000000000000000010000100000000000000000000100000000000000000000000000000000000000000000000000000000
5035,11100000011110100011100000000000010000000000000000000000000000000000000000000000000000000000000000000000000000000000000000000000000000000000000100100000000000000000000000000000001111000110000011000001000000000000000000000000000000000000000001001000000000011111010000000000000000000001111000000100000000000000100000000000000000000000110000000100111000011101100000000110001100000000011111000011000000000000011000001000100011000000001010100000010100100000000000000000000000110000100010000000001001000010100000010000010010001000100000011001000011100000100011001000000011100010011000110010101001101011010100011010100001110111100100100000101001001100000000010001101110001011100110000111100110001100110011110000110011101010000000000000000000000000010000000000000001000000000000000000010000000000000000000000000010000000000000001000000000000000000000000000000000000000000000000000000000000
5073,11100000011110111011000100000000000000000000000000000000000000000000000000000000000000000000000000000000000000000000000000000000000000000000000101100000000000000000000000000000001111000101100010000001000000000000000000000000000000000000000001011000100000011111000000000000000000000001111100000000000001000000000000000000000000000000110100001100110000011001111000001100001100111000011011010011000100000000000000000000101010010000001110100111011100100111011000000000100000100000000000000001001001000010000000000000001010011001100000100001001111100100110011011010000010000010011010111010100000001001110110010011100001000011000110000000011001101100011000011001100010001100100111000111100111001100100011100000100011100000000000000000000000000000000000000000000010000000000000000000000000000000000000000000000000000000000000010000000000000000000000000000000000000000000000000000000000000
5090,11000000011110000011100000000000010000000000000000000000000000000000000000000000000000000000000000000000000000000000000000000000000000000000000100000000000000000000000000000000001100000110000000000000000000000000000000000000000000000000000000000000000000010100000000000000000000000001101000000100000000000000000000000000000000000000110000000000101000001101100000000010101100100000100110000000000000000000010000001010100010000000001000100000110100100000100001110000010000100000000000000000001000000000100000010000000010001000100000011001000000000000000011001000000010000010010000110010101000000011010100010000100000100011000000000000001001001100000000000001000010001010100100000111100010001100100010100000100011100001000000000000000000000000000000000000000000000000000000000000001000000000000000000000000000000000000000000000000000000000000000000000000000000000000000000000000000000
5143,10000000011000100011000000000000010000000000000000000000000000000000000000000000000000000000000000000000000000000000000000000000000000000000000101100000000000000000000000000000001100000000000000000000000000000000000000000000000000000000000001011000000000010000000000000000000000000001111000000100000100000100000000000000000000000000110000000000100000011101100000000000001100000000000110000000010000000000000000000010100010000000001000100001010100100001000001110000110000100000000000010000001001000000000000000000000010001000100000011001000000000000010011001000000010000010000000110010100000001001010100010001100000000010000100000000011000001000000000000000000010001000100110000111000110001000100000000000100011100000000000000000000000000000000000000000000001000000000000000000000000000000000000000000000000000000000000001000000000000000000000000000000000000000000000000000000000000
5234,00000000000000000000000000100000000001000000000000000000000000000000000000000000000000000000000000000000000000000000000000000000000000000000000000000000000000000000000000000000000000000000000000000000000000000000000000000000000000000000000000000000000000000000000000000000000000000000000000000000000000000000000000000000000000000000000000000000000000000000000000000000000000000000000000000000000000000000000000000000000000000000000000000000000000000000000000000000000000000000000000000000000000000000000000000000000000000000000000000000000000000000000000000000000000000000000000000000000000000000000000000000000000000000000000000000000000000000000000000000000000000000000000000000000000000000000000000000000000000000000000000000000000000000000000000000000000000000000000000000000000000000000000000000000000000000000000000000000000000000000000000000000000000000000000000000000000000
5281,11110000011110000011000000000000000000000000000000000000000000000000000000000000000000000000000000000000000000000000000000000000000000000000000000000000000000000000000000000000000000000000000000000000000000000000000000000000000000000000000000000000000000000000000000000000000000000001101000000000000000000000100000000000000000000000100000000000100000001000000000000000000000100000100000000000000000000000001000000000000010000000000000000000100100000000100000000000000000000000000000000000000000000000000000000000000000000000000000000001000000000000000000000000000000000000000000010010000000000000000000000000000000000100000000000000000001000000000000000000000000000000000000000001100010001100100010100000100000000000000000000000000000000000000000000000000000000000000000000000000000000000000000000000000000000000000000000000000000000000000000000000000000000000000000000000000000000
5311,11100000011100110011000000000000000000000000000000000000000000000000000000000000000000000000000000000000000000000000000000000000000000000000000000000000000000000000000000000000001100000000000000000000000000000000000000000000000000000000000000000000000000010000000000000000000000000001111000000000000101000000100000000000000000000000100000001000100000011001000000000000001100001100000010000010110100000000000000000000100010000000000000100101010100100101000000000000100000100000000000000000001000010000001000000000001010001000100000000001000000000110010010001000000010000010000000110010110000001001000110010001100001000010000000001000011000001001010000000000110010001100100000000111000110001000100010000000100000000000000000000000000000000000000000000000000000000000000000000000000000000000000000000000000000000000000000000000000000000000000000000000000000000000000000000000000000000
5339,11000000011110111011100000000000010000000000000000000000000000000000000000000000000000000000000000000000000000000000000000000000000000000000000000000000000000000000000000000000001111000110000010000000000000000000000000000000000000000000000000000000000000011101000000000000000000000001111000000100000110000100100000000000000000000000110000001100110000011101101000000100001111011111111110010010010010000001001000000010101010100000001000110110111101110110110001110000110000101000000000111001001101010010001000100000000010001101100000111001001111100110110011011000100010000010011111110110110000101001010110010011100001000111000101001000011001011111000000010011110010001101100110100111101111001100100000100000100011100000000001000100000000000100000000000000000010000000000000000000000000001000100000000000100000000000000000010000000000000000000000000000000000000000000000000000000000000
5340,11000000011100110011000000000000011000000000000000000000000000000000000000000000000000000000000000000000000000000000000000000000000000000000000101100000000000000000000000000000001100000000000000000000000000000000000000000000000000000000000000000000000000011100000000000000000000000001110000000100000100000100000000000000000000000000100000001000110001010101001000000100101111011101000110010010010010000001000000001010101001000000000000110100011001110110010001110000110000101111000010111001011100010000101000111001010010001100100000011100000110000110010010001000100010000010000000100010100000001001000110010001100000000010000000000000011000001001000000000010000010001100100000100111000100000000000000000000000000000000000000000100000000000000000000000000000000000000000000000000000000000000100000000000000000000000000000000000000000000000000000000000000000000000000000000000000000000
5391,11000000011110110011000000000000000001000000000000000000000000000000000000000000000000000000000000000000000000000000000000000000000000000000000000000000000000000000000000000000001100000110000000000000000000000000010000000000000000000000000000000000000000010100000000000000000000000001111000000010000000000000100000000000000000000000110000001010111000011001100000100110001100101100000010000011000000000000001000000000101010000000001100100101011100100101010000000010100000100000000000000000001000010000011100000000000010001000100000000000111010000110011010011000000010100111000010100010110000011001001110010001100101000010000000001000011000001000011000000000110110001100100000000111000100001000000011000000000011100000000000000000010000000010000000000000000000100000000000000000000000000000000010000000010000000000000000000100000000000000000000000000000000000000000000000000000000000
5479,11000000011100110011100000000000010000000000000000000000000000000000000000000000000000000000000000000000000000000000000000000000000000000000000101100000000000000000000000000000000000000000000000000000000000000000000000000000000000000000000000000000000000011000000000000000000000000001110000000100000001000000000000000000000000000000000000000000110001010100001100000100101011111011000000010111000111000101000000001010101000010000000000010010001001110110011101110000010000001000000000101101000100010001001010110000001000010100000000000000000110000011000000000010100000000100100000000000000000000000100000000000000100000000000000000000000010000000000010000010101000000000000000100000000000000000000000000000000000000000000000000000000000000000000000000000000000000000000000000000000000000000000000000000000000000000000000000000000000000000000000000000000000000000000000000000000000000
5483,11000000011000100011000000000000010000000000000000000000000000000000000000000000000000000000000000000000000000000000000000000000000000000000000000000000000000000000000000000000000000000000000000000000000000000000000000000000000000000000000000000000000000000000000000000000000000000001111000000100000100000000100000000000000000000000100000000000110001011100000000000100100000100000100000000010110000000000001000000100000010000000000000000001100100000001100000000000000000000000000000000000000000000000000000000000000000000000000010000001100010000000000000000000000000100000000000000000000000000000000000100000000001000000000000000000000000000001011000000000100100000000000000000000000000000000000000000000000000000000000000000000000000000000000000000000000000000000000000000000000000000000000000000000000000000000000000000000000000000000000000000000000000000000000000000000000000000
5487,11000000011100111000000000000000010001000000000000000000000000000000000000000000000000000000000000000000000000000000000000000000000000000000000101100010000000000000000000000000001100000000000000000000000000000000000000000000000000000000000001011000000000011111000000000000000000000001110000000010000100000100000000000000000000000000100000001010110000010001011000100100001100011100000010110010110000000000000000000000101000000000000100100100011000100110010000000000100000100000000000000101001000010001011100000000000010011001100010100000001110000111011010011000100010000110000010100010110000011101101011010001110101000010010000001000011010001001000000000010010010001100100000100111000100000000000000000000000000000000000000000000010000000000000000000110000000000000000000110000000000000000000010000000000000000000110000000000000000000110000000000000000000000000000000000000000000000
5509,11000000011100100011000000000000000000000000000000000000000000000000000000000000000000000000000000000000000000000000000000000000000000000000000101100000000000000000000000000000001100000000000000000000000000000000000000000000000000000000000000000000000000011100000000000000000000000001111000000000000000000000100000000000000000000000110000001100100000011001111000000100001100101000100010010011000011000001001000000000101010000000001110100100111100100100110000000000100000101000000000100000001001110000001000100000000010001101100000100001101110000110010011011000000010000010000011111010110000001001010110110001100001000110000100001000011001101100000000000001110010001100100110000111100110001100100111100000100111100100000000000000000000000000000000000000000000000000000000000000100000000000000000000000000000000000000000000000000000000000000000000000000000000000000000000000000000000
5541,11000000011100000011100000000000000000000000000000000000000000000000000000000000000000000000000000000000000000000000000000000000000000000000000000000000000000000000000000000000000000000000000000000000000000000000000000000000000000000000000000000000000000000000000000000000000000000001101000000000000000000000000000000000000000000000100000010100101000001000000000000010000000100000100000000000000000000000010000000000000010000000000000000000100100000000100000000000000000000000000000000000000000000000000000000000000000000000000000000000000000000000000000000000000000010000000000000000000000000000000000000000000000100000000000000000000000010000000000000000000000100000000000000000000000000000000000000000000000000000000000000000000000000000000000000000000000000000000000000000000000000000000000000000000000000000000000000000000000000000000000000000000000000000000000000000000000000
5560,11000000011100110011100000000000011001100000000000000000000000000000000000000000000000000000000000000000000000000000000000000000000000000000000000000000000000000000000000000000001111000100000000000000000000000000000000000000000000000000000000000000101100010000000000000000000000000001110000000110000100000100000000000000000000000000100000001011110000010101000011100100001100011100000110000010110000000000000000000010100000000000000000100100010000100100000001110000110000100000000000010000001000010000011100000000000000001000100010011100000010000110011010001000100010000010000000100010110000011001001010010001110001000010000000001000011000001001000000000010110010001100100000100111000100000000000000000000000000000000000000000110000000000000000001000010000000000000000110000000000000000000110000000000000000001000010000000000000000110000000000000000000000000000000000000000000000000
5639,11100000011110111011000000000000000000000000000000000000000000000000000000000000000000000000000000000000000000000000000000000000000000000000000000000000000000000000000000000000001111000100000010000000000000000000000000000000000000000000000000000000000000010000000000000000000000000001111000000000000100000000000000000000000000000000100000001100110000011001000000000110001100111100011010000011110000000000010000000000100010000000000000100101010100100101000000000000100000100000100000000000001000010010001000000000000010001000100010000000000011110110110011001000100011100110011000100010110001001111000110011011100101010011000000101000011011001101011100110011110110001110100001000111100100000100000000000000000000000000000000000000000000000000000000000000000000000001000000000000000000000000000000000000000000000000000000000000001000000000000000000000000000000000000000000000000000000
5665,11000000011000100011000000000000000000000000000000000000000000000000000000000000000000000000000000000000000000000000000000000000000000000000000000000000000000000000000000000000000000000000000000000000000000000000000000000000000000000000000000000000000000000000000000000000000000000001111000000000000100000000100000000000000000000000100000101000110000011000000000000100000000000000100000000000010000000000001000000000100010000000000000100000110100100000100000000000100000000000000000000000001000000000000000000000000010000000000010000001000000000000000000001000000000000000000000010010000000001000000100000000000000000100000000000000000001001001000000000000000000000000000000000000101011000000000000000000000000000000000000000000000000000000000000000000000000000000000000000000000000000000000000000000000000000000000000000000000000000000000000000000000000000000000000000000000000000
5717,11110000011110110011100000000000010000000000000000000000000000000000000000000000000000000000000000000000000000000000000000000000000000000000000111100010000000000000000000000000001100000110000011000000000000000000000000000000000000000000000001011000000000011111010000000000000000000001111000000100000100000100000000000000000000000000110000011100111000011101111000000110001111101100111111110011110011000001010000000010101010000000001100110101011101110101110001110000110000101000100000110000001101010010001000100000000010001101100000111001001111100110110011011001000011000010011011110010110001001011010110011011100011000011000100101000011001001101010000010001110010001110100110000111101110101101100011110010100011101100000000000000100000010100000000000000000011100000000000000000100000000000000100000010100000000000000000011100000000000000000000000000000000000000000000000000000000000
5743,11100000011110000011100100000000000000000000000000000000000000000000000000000000000000000000000000000000000000000000000000000000000000000000000110000000000000000000000000000000001100000110000010000000000000000000000000000000000000000000000001100000110000000000000000000000000000000001101100000000000000000000100000000000000000000000111101010100101000001000000000000010000000100000000000000000000000000000001000000000100010000000001010100000010100100000000000000010000000000000000000000000001000000000000000000000000010000000100000000001010000000000000001001000000000000001000000010010000000000000000100000000000000000100000000000000000001011000000000000000000010000000000110000011110010001100110011110000110011111000000000000000000000000000000000000000000000000000000000000000110000000000000000000110000000000000000000110000000000000000000110000000000000000000110000000000000000000
5746,11100000011100111011100000000000000000000000000000000000000000000000000000000000000000000000000000000000000000000001011000000000000000000000000101100010000000000000000000000000001011000100000000000000000000000000000000000000000100000000000001000000000000000000000000000000000000000001111000000000000100000000000000000000000000000000110100101100111000011000000000000110000000100000100000000011110000000000010000000000100010000000001010000100010100000101100000000000000000000000000000000000001000000000000000000000000000000000100010000001100010000000000001001001000000100100000000010010000000001100000000100000000111010000000000000000000001111101000000000000100110000000000101000011101111101101100110000001100111100000000000000000000000000000000000000000000000000000000000000000000000000000000000000000000000000000000000000000000000000000000000000000000000000000000000000000000000000
5750,11100000011100100011000000000000000001000000000000000000000000000000000000000000000000000000000000000000000000000000000000000000000000000000000000000000000000000000000000000000001111000100000000000000000000000000000000000000000000000000000000000000000000010000000000000000000000000001111000000000000000000000000000000000000000000000111000000000111000011001100000000110001100100000100010000011000000000000010000000000100010000000001000100000110100100000100000000000000000100000000000000000001000000000000000000000000010001000100000000001000010000000000010001000000010000010000000110010100000001001010100010000100001100010000000000000001001001100000000000001100010001000100000000111101111001100100011100000100011111000000000000000000000000000000000000000000000000000000000000000000000000000000000000000000000000000000000000000000000000000000000000000000000000000000000000000000000000
5754,11100000011110000011100000000000000000000000000000000000000000000000000000000000000000000000000000000000000000000000000000000000000000000000000110000000000000000000000000000000001100000110000010000000000000000000000000000000000000000000000001100000110000000000000000000000000000000001101000000000000000000000100000000000000000000000111101010100101000001000000000000010000000100000000000000000000000000000001000000000100010000000001010100000010100100000000000000010000000000000000000000000001000000000000000000000000000000000100000000001010000000000000001001000000000000001000000010010000000000000000100000000000000000100000000000000000001011000000000000000000010000000000100000011110010001100110011110000110011111000000000000000000000000000000000000000000000000000000000000000110000000000000000000110000000000000000000110000000000000000000110000000000000000000110000000000000000000
5780,11000000011000000011100000000000000000000000000000000000000000000000000000000000000000000000000000000000000000000000000000000000000000000000000000000000000000000000000000000000000000000000000000000000000000000000000000000000000000000000000000000000000000000000000000000000000000000001101000000000000000000000100000000000000000000000100000010100101000001000000000000010000000000000000000000000000000000000001000000000000000000000000000000000000000000000000000000000000000000000000000000000000000000000000000000000000000000000000000000000000000000000000000000000000000010001000000000010000000000000000000000000000000000100000000000000000001010000000000000000000000010000000000000001110000000110000000000100000000000000000000000000000000000000000000000000000000000000000000000000000000000000000000000000000000000000000000000000000000000000000000000000000000000000000000000000000000000
5833,11110000011110000011100000000000010000000000000000000000000000000000000000000000000000000000000000000000000000000000000000000000000000000000000110100010000000000000000000000000001100000110000010000000000000000000000000000000000000000000000001100000110000000000000000000000000000000001101000000100000000000000000000000000000000000000111101000100100001001100000000000000100000100000100000000000000000000000010000001000100010000000001010100000110100100000100000000000000000000000000000000000001000000000000000010000000000000000100000000001000000000000000001001000000000000000000000010010001000000000000100000000000000100000000000000000000001001000000000000000001010000000000100000011100010101100100011110000100011111000000000000000000000000000000000000000000000000000000000000000101000000000000000000101000000000000000000101000000000000000000110000000000000000000110000000000000000000
5904,11100000011110110011100000000000010000000000000000000000000000000000000000000000000000000000000000000000000000000000000000000000010110000000000101100000000000000000000000000000001100000000000000000000000000000000010110000000000000000000000000000000000000010000000000000000000000000001111000000100000100000000100000000000000000000000110000101000110001011101100000000100101100100000100010000011110000000000001000001000100010000000001000100001110100100001100000000000000000100000000000000000011000000000000000010000000010001000100010000001100010000000000010001000000010100110000000111010101000001001010100110001100101000110000000000000001001001001011000000000101110001000100000000111000110001000100010000000100011100000000000000000000000000000000000000000000000000000000000000000000000000000000000000000000000000000000000000000000000000000000000000000000000000000000000000000000000000
5959,11000000011100110011100000000000000001100000000000000000000000000000000000000000000000000000000000000000000000000000000000000000000000000000000000000000000000000000000000000000001100000000000000000000000000000000000000000000000000000000000000000000000000010000000000000000000000000001111000000010000101000000100000000000000000000000110000111111111000011001100011000110001100001100000010000010110100000100001000000000100010010000001000100101010100100101001100000000100000100000000000000000001000000000001000000000001010001000100010000000000010000110110010001010010010100011011000100010100000001001000110010001110001000111000000000000011001011101011000000001100110001101100000000111100100001101000010100001000011100000100000000000000000000000000000000000000000000000000000000000000100000000000000000000000000000000000000000000000000000000000000000000000000000000000000000000000000000
5962,11000000011000110011000000000000000000000000000000000000000000000000000000000000000000000000000000000000000000000000000000000000000000000000000000000000000000000000000000000000000000000000000000000000000000000000000000000000000000000000000000000000000000000000000000000000000000000001111000000000000100000000100000000000000000000000100000101000110000011000000000000100000000000000100000000000010000000000001000000000000010000000000000000000100100000000100000000000000000000000000000000000000000000000000000000000000000000000000010000001100000000000000000000000000000100000000000010010000000001000000000000000000000000100000000000000000001000001000000000000000000000000000000000001100110000100100000000000000000000000000000000000000000000000000000000000000000000000000000000000000000000000000000000000000000000000000000000000000000000000000000000000000000000000000000000000000000000
5977,10000000011000000010000000000000000001100000000000000000000000000000000000000000000000000000000000000000000000000000000000000000000000000000000000000000000000000000000000000000000000000000000000000000000000000000000000000000000000000000000000000000000000000000000000000000000000000001101000000010000000000000100000000000000000000000110001000110100000001000000010000000000000100000000000000000000000000000001000000000000000000000000000000000000000000000000000000000000000000000000000000000000000000000000000000000000000000000000000000000000000000000001100000000000000000000000000000000000000000000000000000000000000000000000000000000000000000000000000000000000000000000000000000000000000000000000000000000000000000000000000000000000000000000000000000000000000000000000000000000000000000000000000000000000000000000000000000000000000000000000000000000000000000000000000000000000000000
5988,11100000011100000011110000000000000000000000000000000000000000000000000000000000000000000000000000000000000000000000000000000000000000000000000100100000000000000000000000000000001001000000000000000000000000000000000000000000000000000000000000000000000000000000000000000000000000000001101000000000000000000000100000000000000000000000100000010100101100001000000000000011000000000000100000000000000000000000011000000000000000000000000000000000000000000000000000000000000000000000000000000000000000000000000000000000000000000000000000000000000000000000000000000000000100010001000000000010000000000000000000000000001000100100000000000000000001010000000000000000000001110000000000000001110000000110000000001100000000000000000000000000000000000000000000000000000000000000000000000000000000000000000000000000000000000000000000000000000000000000000000000000000000000000000000000000000000000
5997,11110000011110000010000000000000000000000000000000000000000000000000000000000000000000000000000000000000000000000000000000000000000000000000000110000000000000000000000000000000001100000110000010000000000000000000000000000000000000000000000001100000100000000000000000000000000000000001101000000000000000000000100000000000000000000000111100010100101000001000000000000010000000100000000000000000000000000000001000000000100000000000001000100000010000100000000000000000000000000000000000000000001000000000000000000000000000000000100000000000000000000000000000001000000000000001000000000010000000000000000100000000000000000100000000000000000001001100000000000000000010000000000000000011100000001100000011110000000011111000000000000000000000000000000000000000000000000000000000000000110000000000000000000100000000000000000000100000000000000000000100000000000000000000100000000000000000000
6014,11100000011110110000000000000000010001000000000000000000000000000000000000000000000000000000000000000000000000000000000000000000000000000000000000000000000000000000000000000000001111000110000010000000000000000000000000000000000000000000000000000000101100010100000000000000000000000001110000000100000000000000000000000000000000000000100000101000110000010101000000000100001100101100000110000011000000000000000000001000100000000000000000100100010000100100000000000000100000100000000000000000001000010000101000010000000010001000100000011100000010000110010010001000000010000110000001100010111000001001000110010001100101000010000000001000011000001000000000000000111010001100100000000111000100000000000000000000000000000000000000000000000000000000000000000000000000000000000100000000000000000000000000000000000000000000000000000000000000100000000000000000000000000000000000000000000000000
6018,11100000011110100011000000000000000000000000000000000000000000000000000000000000000000000000000000000000000000000000000000000000000000000000000000000000000000000000000000000000001111000101100010000000000000000000000000000000000000000000000000000000101100010000000000000000000000000001111000000000000000000000000000000000000000000000110100101100110000011001100000000110001100100000011010000011000000000000010000000000100010000000001010100000010100100000000000000000100000100000100000000000001000000010000000000000000000001000100000000001000011101000110010001000000011010010011000111010100001001011000100011011100001000011000000101010011001001100000000010001100010101010100000000111101110001101100011110011100011101010000000000000000000010000000000000000000100000100000000000000010000000000000000000010000000000000000000100000100000000000000000000000000000000000000000000000000000000
6049,11100000011100110011110000000000000000000000000000000000000000000000000000000000000000000000000000000000000000000000000000000000000000000000000000000000000000000000000000000000000000000000000000000000000000000000000000000000000000000000000000000000000000000000000000000000000000000001111000000000000000000000100000000000000000000000000000000000110000011000000000000100000000000000100000000011000000000000001000000000000010000000000000000000100100000000100000000000000000000000000000000000000000000000000000000000000000000000000000000000100010000000000000000000000000100100000000000000000000000000000000100000000100000000000000000000000000000000000000000000100100000000000000000000000000000000000000000000000000000000000000000000000000000000000000000000000000000000000000000000000000000000000000000000000000000000000000000000000000000000000000000000000000000000000000000000000000000
6055,11100000011110110011100000000000010000000000000000000000000000000000000000000000000000000000000000000000000000000000000000000000000000000000000000000000000000000000000000000000001100000110000000000000000000000000000000000000000000000000000000000000000000010100000000000000000000000001110000000000000100000000100000000000000000000000110000101000110000010001100000000100001100100000000010000000010000000000000010000000100000000000001000100000010000100000000000110000000000100000000000000000001000000000000000000000000010001000100010000000000000000000000010001000000010000010000000100010100000001001000100010001100000000010000000000000001000001001000000000000000010001000100000000111000100001000000010000000000011100000000000000000000000000000000000000000000000000000000000000000000000000000000000000000000000000000000000000000000000000000000000000000000000000000000000000000000000000
6084,11100000011110100011100000000000000001000000000000000000000000000000000000000000000000000000000000000000000000000000000000000000000000000000000000000000000000000000000000000000001111000110000010000000000000000000000000000000000000000000000000000000101100011111010000000000000000000001111000000000000000000000000000000000000000000000110000001100110000011001111000000110001111101000011011010010000010000001010000000000101000000000001100110100011001110100010000000000100000101000100000100000001100010010001000100000000010001101100000100000001111101110110010011000000011010010011011100010110001001011000110011011100001000011000000101010011001001100000000010001110010101110100000000111101100001101000011110011000011101010000000000000000000010000000000000000000100000100000000000000010000000000000000000010000000000000000000100000100000000000000000000000000000000000000000000000000000000
6106,11000000011000100011000000000000000000000000000000000000000000000000000000000000000000000000000000000000000000000000000000000000000000000000000000000000000000000000000000000000000000000000000000000000000000000000000000000000000000000000000000000000000000000000000000000000000000000001111000000000000100000000100000000000000000000000110100101000110000011000000000000100000000100000100000000000010000000000001000000000000010000000000000000000100100000000100000000000000000000000000000000000000000000000000000000000000000000000000010000001100000000000000000000000000000100000000000010010000000001000000000000000000000000100000000000000000001000001000000000000000000000000000000000000100010000000000000000000000011000000000000000000000000000000000000000000000000000000000000000000000000000000000000000000000000000000000000000000000000000000000000000000000000000000000000000000000000000
6112,11000000011100000011000000000000011000000000000000000000000000000000000000000000000000000000000000000000000000000000000000000000000000000000000100100000000000000000000000000000000000000000000000000000000000000000000000000000000000000000000000000000000000000000000000000000000000000001101000000100000000000000100000000000000000000000100000000000100001001100000000000000100000000000100000000000000000000000001000000000000010000000000000000000100100000000100000000000000000000000000000000000000000000000000000000000000000000000000000000001000000000000000000000000000000000000000000010010000000000000000000000000000000000100000000000000000001000000000000000000000000000000000000000001100010001100100010100000100000000000000000000000000000000000000000000000000000000000000000000000000000000000000000000000000000000000000000000000000000000000000000000000000000000000000000000000000000000
6116,10000000011000000011100000000000000000000000000000001000000000000000000000000000000000000000000000000000000000000000000000000000000000000000000000000000000000000000000000000000000000000000000000000000000000000000000000000000000000000000000000000000000000000000000000000000000000000001101000000000000000000000000000000000000000000000000000000000100000001000000000000000000000100000100000000000000000000000000000000000000010000000000000000000100100000000100000000000000000000000000000000000000000000000000000000000000000000000000000000000000000000000000000000000000000000000000000000000000000000000000000000000000000000000000000000000000000000000000000000000000000000000000000000000000000000000000000000000000000000000000000000000000000000000000000000000000000000000000000000000000000000000000000000000000000000000000000000000000000000000000000000000000000000000000000000000000000000
6134,11100000011100000011110000000000000000000000000000000000000000000000000000000000000000000000000000000000000000000000000000000000000000000000000000000000000000000000000000000000001001000100100000000000000000000000000000000000000000000000000000000000000000000000000000000000000000000001101000000000000000000000100000000000000000000000100000010100101100001000000000000011000000000000100000000000000000000000011000000000000000000000000000000000000000000000000000000000000000000000000000000000000000000000000000000000000000000000000000000000000000000000000000000000000100010001000000000010000000000000000000000000001000100100000000000000000001010000000000000000000001110000000000000001110000000110000000001100000000000000000000000000000000000000000000000000000000000000000000000000000000000000000000000000000000000000000000000000000000000000000000000000000000000000000000000000000000000
6144,11000000011100110011110000110000000000000000000000000000000000000000000000000000000000000000000000000000000000000000000000000000000000000000000000000000000000000000000000000000000000000000000000000000000000000000000000000000000000000000000000000000000000000000000000000000000000000001111000000000000000000000000000000000000000000000000000000000110000011000000000000100000000000000100000000011000000000000000000000000000010000000000000000000100100000000100000000000000000000000000000000000000000000000000000000000000000000000000000000000100010000000000000000000000000100100000000000000000000000000000000100000000100000000000000000000000000000000000000000000100100000000000000000000000000000000000000000000000000000000000000000000000000000000000000000000000000000000000000000000000000000000000000000000000000000000000000000000000000000000000000000000000000000000000000000000000000000
6196,11100000011110110011100000000000010000000000000000000000000000000000000000000000000000000000000000000000000000000000000000000000010110000000000101100010110000000000000000000000001100000000000000000000000000000000010110000000000000000000000000000000000000011100000000000000000000000001111000000100000101000000100000000000000000000000110000101100110001011101111000000100101100101000110010010011110100000000001000001000101010010000001110100101111100100101101000000000100000100000000000000000011001000010000000010000001010001001100010100001101011000100110011011010000010100110011010111110101010001101000110110011100101000111000111001000011001101011011000011000101110001100100101000111100110001100100011100000100011100000000000000000000000000000000000000000000000000000000000000000000000000000000000000000000000000000000000000000000000000000000000000000000000000000000000000000000000000
6224,10000000011000000011100000110000000000000000000000000000000000000000000000000000000000000000000000000000000000000000000000000000000000000000000000000000000000000000000000000000000000000000000000000000000000000000000000000000000000000000000000000000000000000000000000000000000000000001101000000000000000000000100000000000000000000000110001000100100000001000000000000000000000000000100000000000000000000000001000000000000010000000000000000000100100000000100000000010000000000000000000000000000000000000000000000000000000000000000000000001010000000000000000000000000000010000000000010110000000000000000000000000000000000100000000000000000001010010000000000000000000010000000000000000110010110010011000000000000010100000000000000000000000000000000000000000000000000000000000000000000000000000000000000000000000000000000000000000000000000000000000000000000000000000000000000000000000000
6249,11100000011110110011100000000000010000000000000000000000000000000000000000000000000000000000000000000000000000000000000000000000010110000000000101100000000000000000000000000000001100000000000000000000000000000000010110000000000000000000000000000000000000010000000000000000000000000001111000000100000100000000100000000000000000000000110000101000110001011101100000000100101100100000100010000011110000000000001000001000100010000000001000100001110100100001100000000000100000100000000000000000011000000000000000010000000010001000100010000001100010000000010010001000000010100110000000111010101000001001010100110001100101000110000000000000011001001001011000000000101110001000100000000111000110001000100010000000100011100000000000000000000000000000000000000000000000000000000000000000000000000000000000000000000000000000000000000000000000000000000000000000000000000000000000000000000000000
6251,11000000011000000011100000000000000000000000000000000000000000000000000000000000000000000000000000000000000000000000000000000000000000000000000000000000000000000000000000000000000000000000000000000000000000000000000000000000000000000000000000000000000000000000000000000000000000000001101000000000000000000000100000000000000000000000100000010100101000001000000000000010000000000000000000000000000000000000001000000000000000000000000000000000000000000000000000000000000000000000000000000000000000000000000000000000000000000000000000000000000000000000000000000000000000010001000000000010000000000000000000000000000000000100000000000000000001010000000000000000000000010000000000000001110000000110000000000100000000000000000000000000000000000000000000000000000000000000000000000000000000000000000000000000000000000000000000000000000000000000000000000000000000000000000000000000000000000
6253,11000000011100110011100000000000000000000000000000000000000000000000000000000000000000000000000000000000000000000000000000000000000000000000000100100000000000000000000000000000001000000000000000000000000000000000000000000000000000000000000000000000000000000000000000000000000000000001111000000000000100000000100000000000000000000000100000010100111000011000000000000110000000010000000000000011010000000000011000000000101010000000000000100010011001100111010000000000100000000000000000000001000000000000001000000000000010000000000000000000000110000000000000010000100000110001000000000010000000001000000000000000000011100100000000000000000001110001011000000010000100110000000000000000111100000011000000000010000000000000000000000000000000000000000000000000000000000000000000000000000000000000000000000000000000000000000000000000000000000000000000000000000000000000000000000000000000000
6255,11100000011100000011110000000000000000000000000000000000000000000000000000000000000000000000000000000000000000000000000000000000000000000000000000000000000000000000000000000000001001000100100000000000000000000000000000000000000000000000000000000000000000000000000000000000000000000001101000000000000000000000100000000000000000000000100000010100101100001000000000000011000000000000100000000000000000000000011000000000000000000000000000000000000000000000000000000000000000000000000000000000000000000000000000000000000000000000000000000000000000000000000000000000000100010001000000000010000000000000000000000000001000100100000000000000000001010000000000000000000001110000000000000001110000000110000000001100000000000000000000000000000000000000000000000000000000000000000000000000000000000000000000000000000000000000000000000000000000000000000000000000000000000000000000000000000000000
6344,00000000000000000000000000000000000001100000000000000000000000000000000000000000000000000000000000000000000000000000000000000000000000000000000000000000000000000000000000000000000000000000000000000000000000000000000000000000000000000000000000000000000000000000000000000000000000000001000000000010000000000000000000000000000000000000000000000000000000000000000011000000000000000000000000000000000000000000000000000000000000000000000000000000000000000000000000000000000000000000000000000000000000000000000000000000000000000000000000000000000000000000000000000000000000000000000000000000000000000000000000000000000000000000000000000000000000000000000000000000000000000000000000000000000000000000000000000000000000000000000000000000000000000000000000000000000000000000000000000000000000000000000000000000000000000000000000000000000000000000000000000000000000000000000000000000000000000
6354,10000000010000000010000000000000000000000000000000000000000000000000000000000000000000000000000000000000000000000001001000000000000000000000000000000000000000000000000000000000000000000000000000000000000000000000000000000000000000000000000000000000000000000000000000000000000000000001101000000000000000000000000000000000000000000000000000000000101000001000000000000010000000000000000000000000000000000000010000000000000000000000000000000000000000000000000000000000000000000000000000000000000000000000000000000000000000000000000000000000000000000000000000000000000000000000000000000000000000000000000000000000000000000000000000000000000000000000000000000000000000000000000000000000000000000000000000000000000000000000000000000000000000000000000000000000000000000000000000000000000000000000000000000000000000000000000000000000000000000000000000000000000000000000000000000000000000000
6375,00000000000000100011000000000000000000000000000000000000000000000000000000000000000000000000000000000000000000000000000000000000000000000000000000000000000000000000000000000000000000000000000000000000000000000000000000000000000000000000000000000000000000000000000000000000000000000001010000000000000001000000000000000000000000000000000000000000000000000000000000000100000000100000000000000000000100000100000000000000000000010000000000000000000000000000001100000000000000000000000000000000000000000000000000000000000000000000000000000000000000000000000000000000000000000000000000000000000000000000000000000000000000000000000000000000000000000000000000000000000000000000000000000000000000000000000000000000000000000000000000000000000000000000000000000000000000000000000000000000000000000000000000000000000000000000000000000000000000000000000000000000000000000000000000000000000000000
6506,11100000011100000011100000000000000000000000000000000000000000000000000000000000000000000000000000000000000000000000000000000000000000000000000000000000000000000000000000000000000000000000000000000000000000000000000000000000000000000000000000000000000000000000000000000000000000000001101000000000000000000000100000000000000000000000110001000100101000001000000000000010000000100000100000000000000000000000011000000000000010000000000000000000100100000000100000000010000000000000000000000000000000000000000000000000000000000000000000000001010000000000000000000000000000010000000000010110000000000000000000000000000000100100000000000000000001010010000000000000000000110000000000000000110010110010011000001000000010100000000000000000000000000000000000000000000000000000000000000000000000000000000000000000000000000000000000000000000000000000000000000000000000000000000000000000000000000
6581,10000000010000000011000000000000000000000000000000000000000000000000000000000000000000000000000000000000000000000000000000000000000000000000000000000000000000000000000000000000000000000000000000000000000000000000000000000000000000000000000000000000000000000000000000000000000000000001101000000000000000000000100000000000000000000000100000000000100000001000000000000000000000000000100000000000000000000000001000000000100010000000000000100000110100100000100000000000000000000000000000000000000000000000000000000000000010000000000000000000000000000000000001000000000000000000010000000000000000000000000000000000000000000000000000000000000000000000000000000000000000000001000010000000000000000000000000000000000000000000000000000000000000000000000000000000000000000000000000000000000000000000000000000000000000000000000000000000000000000000000000000000000000000000000000000000000000000
6587,10000000010000100011000000000000000000000000000000000000000000000000000000000000000000000000000000000000000000000000000000000000000000000000000000000000000000000000000000000000000000000000000000000000000000000000000000000000000000000000000000000000000000000000000000000000000000000001110000000000000001000000000000000000000000000000000000000000110000010000000000000100000000100000000000000000000100000100000000000000000000010000000000000000000000000000001100000000000000000000000000000000000000000000000000000000001000000000000000000000000000000000000000000000000000000000000000000000000000000000000000000000000000000000000000000000000000000000000000000000000000000000000000000000000000000000000000000000000000000000000000000000000000000000000000000000000000000000000000000000000000000000000000000000000000000000000000000000000000000000000000000000000000000000000000000000000000000
6635,11000000011100000011000000000000010001100000000000000000000000000000000000000000000000000000000000000000000000000000000000000000000000000000000000000000000000000000000000000000001100000110000000000000000000000000000000000000000000000000000000000000000000010100000000000000000000000001101000000110000000000000000000000000000000000000100000000110100000001101000000100000001100000000011110000000000000000000000000000010100000000000000000100000010000100000000001110000010000100000000001000000001000000010010100000000000010001000100000011000000001100000101010001000000010000010011000100010100000010001001100010010100000000011000000000000001001001100000000010001000010001000100000000111100000000100000000000000000000000000000000100010000000000000000000000000000000000000000000000000000000000100010000000000000000000000000000000000000000000000000000000000000000000000000000000000000000000
6658,11000000011000000011000000000000000000000000000000000000000000000000000000000000000000000000000000000000000000000000000000000000000000000000000000000000000000000000000000000000000000000000000000000000000000000000000000000000000000000000000000000000000000000000000000000000000000000001101000000000000000000000000000000000000000000000110000000000100000001000000000000010000000100000100000000000000000000000010000000000100010000000001000000000110100100000100000000000000000000000000000000000000000000000000000000000000000000000000000000001000000000000000001000000000000000000010000000000000000000010000100000000000000000000000000000000000000000000000000000000000000000010000010000000000000000000000000000000000000000000000000000000000000000000000000000000000000000000000000000000000000000000000000000000000000000000000000000000000000000000000000000000000000000000000000000000000000000
6731,11000000011110100011000000000000000000000000000000000000000000000000000000000000000000000000000000000000000000000000000000000000000000000000000110000000000000000000000000000000001111000110000010000000000000000000000000000000000000000000000001100000101100011111010000000000000000000001111000000000000000000000000000000000000000000000110100001100100000011001111000000000001100001100000011110010000010000001000000000000101010000000001110100100011100100100010000000000100000101000000000100000001001010000001000100000000010001001100000100001001100000110010011011000000010000010000011111010110010001001010110010001100001000010000100001000011000001000000000000000110010001100100110000111000110011000100011000000100011101000000000000000000000000000000000000000000100100000000000000000000000000000000000000000000000000000000000100100000000000000000100000000000000000000100000000000000000000
6781,11000000011100000011100000000000000000000000000000000000000000000000000000000000000000000000000000000000000000000000000000000000000000000000000000000000000000000000000000000000001100000000000000000000000000000000000000000000000000000000000000000000000000010000000000000000000000000001101000000000000000000000000000000000000000000000110000000000101000001001100000000010001100100000100010000000000000000000010000000000100010000000001000100000110100100000100000000000000000100000000000000000001001000000000000000000000010001000100000000001000000000000100011001000000010000010011000110010100000000011010100011000100000100011000100000000001001001100000000000001000010001010100110000111110010111100100010100000100011101000000000000000000000000000000000000000000100000000000000000000000000000000000000000000000000000000000000100000000000000000000000000000000000000000000000000000000000000
6912,11000000011000000011100000000000000000000000000000000000000000000000000000000000000000000000000000000000000000000000000000000000000000000000000000000000000000000000000000000000000000000000000000000000000000000000000000000000000000000000000000000000000000000000000000000000000000000001101000000000000000000000100000000000000000000000100000010100101000001000000000000010000000000000000000000000000000000000001000000000000000000000000000000000000000000000000000000000000000000000000000000000000000000000000000000000000000000000000000000000000000000000000000000000000000010001000000000010000000000000000000000000000000000100000000000000000001010000000000000000000000010000000000000000110000000010000000000000000000000000000000000000000000000000000000000000000000000000000000000000000000000000000000000000000000000000000000000000000000000000000000000000000000000000000000000000000000000
6917,11000000011000100010000000000000000000000000000000000000000000000000000000000000000000000000000000000000000000000000000000000000000000000000000101100000000000000000000000000000000000000000000000000000000000000000000000000000000000000000000000000000000000000000000000000000000000000001111000000000000000000000000000000000000000000000100000000000110000011000000000000100000000000000000000000011000000000000000000000000100010000000000000000001000101100101000000000000000000000000000000000000000000000000001000000000000010000000000000000001000010000000000000000000000000000000000000010000000000001000000000000000000001000000000000000000000000000000011000000000100000000000000000000000000001000000000000000000000000000000000000000000000000000000000000000000000000000000000000000000000000000000000000000000000000000000000000000000000000000000000000000000000000000000000000000000000000000
6932,11100000011100000011000000000000000000000000000000000000000000000000000000000000000000000000000000000000000000000000000000000000000000000000000000000000000000000000000000000000001100000000000000000000000000000000000000000000000000000000000000000000000000010000000000000000000000000001101000000000000000000000100000000000000000000000111000000100100000001001100000000010001100100000011010000000000000000000011000000000100000000000001000100000010000100000000000000000000000100000100000000000001000000010000000000000000010001000100000000000000001100000100010001000000011000010011000100010100001100011000100011010100000000111000000100000001001001100000000010001000010001011100000000111110000001100000011110000000011111000000100000000000000010000000000000000000010000000000000000000000000100000000000000010000000000000000000010000000000000000000000000000000000000000000000000000000000000
6989,11000000011100000010000000000000000000000000000000000000000000000000000000000000000000000000000000000000000000000000000000000000000000000000000000000000000000000000000000000000001100000000000000000000000000000000000000000000000000000000000000000000000000010000000000000000000000000001101000000000000000000000100000000000000000000000110100000100100000001001100000000000001100100000011010000000000000000000001000000000100000000000001000100000010000100000000000000000000000100000000000000000001000000010000000000000000010001000100000000000000001100000100010001000000010000010011000100010100000100001000100010010100000000111000000000000001001001100000000010001000010001001100000000111100000001100000011110000000011101100000000000000000000010000000000000000000010000000000000000000100000000000000000000010000000000000000000010000000000000000000000000000000000000000000000000000000000000
7175,11000000011100000011000000000000000000000000000000000000000000000000000000000000000000000000000000000000000000000000000000000000000000000000000000000000000000000000000000000000001100000000000000000000000000000000000000000000000000000000000000000000000000010000000000000000000000000001101000000000000000000000100000000000000000000000110000000100101000001001100000000010001100100000111010000000000000000000011000000000100010000000001000100000110100100000100000000000000000100000000000000000001001000010000000000000000010001000100000000001000001100000100011001000000010000010011000110010100000100011010100011010100000100111000100000000001001001100000000010001000010001011100110000111100010001110110000101100110011100010000000000000000000000000000000000000000000000000000000000000010000000000000000000000000000000000000000000000000000000000000000000000000000000000000000000000000000000
7439,11000000011100000010000000000000000000000000000000000000000000000000000000000000000000000000000000000000000000000000000000000000000000000000000000000000000000000000000000000000001000000000000000000000000000000000000000000000000000000000000000000000000000000000000000000000000000000001101000000000000000000000000000000000000000000000110100000100100000001000000000000000000000100000000000000000000000000000000000000000100010000000001010100000010100100000000000000000000000000000000000000000001000000000000000000000000000000000100000000001000000000000000001001000000000000000000000010010000000000000000100000000000000000000000000000000000000001000000000000000000010000000000110000011000010001000000000000000000011100000000000000000000000000000000000000000000000000000000000000000000000000000000000000000000000000000000000000000000000000000000000000000000000000000000000000000000000000
7456,11000000011100000011000000000000000000000000000000000000000000000000000000000000000000000000000000000000000000000000000000000000000000000000000000000000000000000000000000000000001100000000000000000000000000000000000000000000000000000000000000000000000000010000000000000000000000000001101000000000000000000000100000000000000000000000110000000100100000001001100000000010001100100000111010000000000000000000011000000000100010000000001000100000110100100000100000000000000000100000000000000000001001000010000000000000000010001000100000000001000001100000100011001000000010000010011000110010100000100011010100011010100000000111000100000000001001001100000000010001000010001011100110000111100010001110110000101100110011100010000000000000000000000000000000000000000000000000000000000000010000000000000000000000000000000000000000000000000000000000000000000000000000000000000000000000000000000
7628,00000010000000000011000000000000000000000000000000000000000000000000000000000000000000000000000000000000000000000000000000000000000000000000000000000000000000000000000000000000000000000000000000000000000000000000000000000000000000000000000000000000000000000000000000000000000010000000000000000000000000000000100000000000000000000000000000000000000000000000000000000000000000000000000000000000000000000000000000000000000000000000000000000000000000000000000000000000000000000000000000000000000000000000000000000000000000000000000000000000000000000000000000000000000000000000000000000000000000000000000000000000000000000000000000000000000000000000000000000000000000000000000000000000000000000000000000000000000000000000000000000000000000000000000000000000000000000000000000000000000000000000000000000000000000000000000000000000000000000000000000000000000000000000000000000000000000000
7903,10000000010000100011000000000000000000000000000000000000000000000000000000000000000000000000000000000000000000000000000000000000000000000000000000000000000000000000000000000000000000000000000000000000000000000000000000000000000000000000000000000000000000000000000000000000000000000001110000000000000001000000000000000000000000000000100000000000110000010000000000000100000000100000000000000000000100000100000000000000000000010000000000000000000000000000001100000000000000000000000000000000000000000000000000000000001000000000000000000000000000000000000000000000000000000000000000000000000000000000000000000000000000000000000000000000000000000000000000000000000000000000000000000000000000000000000000000000000000000000000000000000000000000000000000000000000000000000000000000000000000000000000000000000000000000000000000000000000000000000000000000000000000000000000000000000000000000
7904,10000000011000000011000000000000000000000000000000000000000000000000000000000000000000000000000000000000000000000000000000000000000000000000000000000000000000000000000000000000000000000000000000000000000000000000000000000000000000000000000000000000000000000000000000000000000000000001101000000000000000000000000000000000000000000000000000000000101000001000000000000010000000100000100000000000000000000000010000000000100010000000000000000000100100100000100000000000000000000000100000000000000000000000000000000000000010000000000000000000000000000000000000000000000000000000000000000000000000000000000000000000000000000000000000000000000000000000000000000000000000000000000000000000000000000000000000000000000000000000000000000000000000000000000000000000000000000000000000000000000000000000000000000000000000000000000000000000000000000000000000000000000000000000000000000000000000000
7923,00000000011000000011000000000000000000000000000000000000000000000000000000000000000000000000000000000000000000000000000000000000000000000000000100000000000000000000000000000000000000000000000000000000000000000000000000000000000000000000000000000000000000000000000000000000000000000001101000000000000000000000000000000000000000000000100000000000100000001000000000000000000000000000100000000000000000000000010000000000100010000000000000100000110100100000100000000000000000000000000000000000000000000000000000000000000010000000100000000000000000000000000001000000000000000000010000000000000000000010000000000000000000100001000000000000000000000000000000000000000000000010000110000000000000000000000000000000000000000000000000000000000000000000000000000000000000000000000000000000000000000000000000000000000000000000000000000000000000000000000000000000000000000000000000000000000000000
7986,11110000011110000011100000000000000000000000000000000000000000000000000000000000000000000000000000000000000000000000000000000000000000000000000000000000000000000000000000000000000000000000000000000000000000000000000000000000000000000000000000000000000000000000000000000000000000000001101000000000000000000000000000000000000000000000100000000000101000001000000000000010000000100000100000000000000000000000010000000000000010000000000000000000100100000000100000000000000000000000000000000000000000000000000000000000000000000000000000000001000000000000000000000000000000000000000000010010000000000000000000000000000000100000000000000000000001000000000000000000000000000000000000000001100010001100100010100000100000000000000000000000000000000000000000000000000000000000000000000000000000000000000000000000000000000000000000000000000000000000000000000000000000000000000000000000000000000
8146,11000000011000000011000000000000000000000000000000000000000000000000000000000000000000000000000000000000000000000000000000000000000000000000000000000000000000000000000000000000000000000000000000000000000000000000000000000000000000000000000000000000000000000000000000000000000000000001101000000000000000000000100000000000000000000000000000000000101000001000000000000010000000100000000000000000000000000000011000000000000000000000000000000000000000000000000000000000000000000000000000000000000000000000000000000000000000000000000000000000000000000000000000000000000000010001000000000000000000000000000000000000000000100000000000000000000000000000000000000000000000110000000000000000000000000000000000000000000000000000000000000000000000000000000000000000000000000000000000000000000000000000000000000000000000000000000000000000000000000000000000000000000000000000000000000000000000000
8314,11000000011000000011000000000000000000000000000000000000000000000000000000000000000000000000000000000000000000000000000000000000000000000000000000000000000000000000000000000000000000000000000000000000000000000000000000000000000000000000000000000000000000000000000000000000000000000001101000000000000000000000100000000000000000000000110100000000100000001000000000000000000000100000100000000000000000000000001000000000000010000000000000000000100100000000100000000000000000000000000000000000000000000000000000000000000000000000000000000001000000000000000000000000000000000000000000010000000000000000000000000000000000000100000000000000000001000000000000000000000000000000000000000000000000000000000000000000000010000000000000000000000000000000000000000000000000000000000000000000000000000000000000000000000000000000000000000000000000000000000000000000000000000000000000000000000000000
8434,11000000011100000011000000000000000000000000000000000000000000000000000000000000000000000000000000000000000000000000000000000000000000000000000000000000000000000000000000000000001100000000000000000000000000000000000000000000000000000000000000000000000000010000000000000000000000000001101000000000000000000000100000000000000000000000110000000100101000001001100000000010001100100000111010000000000000000000011000000000100010000000001000100000110100100000100000000000000000100000000000000000001001000010000000000000000010001000100000000001000001100000100011001000000010000010011000110010100000100011010100011010100000100111000100000000001001001100000000010001000010001011100110000111100010001110110000101100110011100010000000000000000000000000000000000000000000000000000000000000010000000000000000000000000000000000000000000000000000000000000000000000000000000000000000000000000000000
8456,11100000011100000011000000000000000000000000000000000000000000000000000000000000000000000000000000000000000000000000000000000000000000000000000000000000000000000000000000000000001100000000000000000000000000000000000000000000000000000000000000000000000000010000000000000000000000000001101000000000000000000000100000000000000000000000111000000100100000001001100000000010001100100000011010000000000000000000011000000000100000000000001000100000010000100000000000000000000000100000100000000000001000000010000000000000000010001000100000000000000001100000100010001000000011000010011000100010100001100011000100011010100000000111000000100000001001001100000000010001000010001011100000000111110000001100000011110000000011111000000100000000000000010000000000000000000010000000000000000000000000100000000000000010000000000000000000010000000000000000000000000000000000000000000000000000000000000
8567,11100000011000100011100000000000000000000000000000000000000000000000000000000000000000000000000000000000000000000000000000000000000000000000000000000000000000000000000000000000000000000000000000000000000000000000000000000000000000000000000000000000000000000000000000000000000000000001111000000000000100000000100000000000000000000000100000010100111000011000000000000110000000100000000000000010110000000000001000000000000000000000000000000000000000000000000000000000000000000000000000000000000000000000000000000000000000000000000010000000000010000000000000000000000000110001000000000010000000001000000000000000000001000100000000000000000001110001000000000000000100010000000000000001111100000111000000000110000000000000000000000000000000000000000000000000000000000000000000000000000000000000000000000000000000000000000000000000000000000000000000000000000000000000000000000000000000000
8578,11000000011110110000000000000000000000000000000000000000000000000000000000000000000000000000000000000000000000000000000000000000000000000000000000000000000000000000000000000000001100000110000011000000000000000000000000000000000000000000000000000000110000010101010000000000000000000001110000000000000110000000000000000000000000000000110000001000100000010001100000000000001100101100000011000000010000000000000000000000100000100000001000100100010000100100000000000000100000100000000000000000001000000000001000000000000010001000100000000000000000000111010010001000000010000110000000100010100000001001000110010001100000000010000000000000011000001001000000000000000010001100100000000111000100001000000010000000000011101000100000000000000000000100000000000000000100100000000000100000000100000000000000000000100000000000000000100100000000000100000000000000000000000000000000000000000000000
8753,11110000011110100000000000000000000001000000000000000000000000000000000000000000000000000000000000000000000000000000000000000000000000000000000000000000000000000000000000000000001100000000000000000000000000000000000000000000000000000000000000000000000000010000000000000000000000000001110000000000000000000000000000000000000000000000110000000000110000010001100000000100001100100000000010000011000000000000000000000000100000000000001000100000010000100000000000000000100000100000000000000000001000000000000000000000000010001000100000000000000010000000010010001000000010000010000000100010100000001001000100010001100001000010000000001000011000001000000000000000100010001000100000000111000100001000000010000000000011100000000000000000000000000000000000000000000000000000000000000000000000000000000000000000000000000000000000000000000000000000000000000000000000000000000000000000000000000
8857,11000000011000000011000000000000000000000000000000000000000000000000000000000000000000000000000000000000000000000000000000000000000000000000000000000000000000000000000000000000000000000000000000000000000000000000000000000000000000000000000000000000000000000000000000000000000000000001101000000000000000000000000000000000000000000000000000000000101000001000000000000010000000100000100000000000000000000000010000000000000010000000000000000000100100000000100000000000000000000000000000000000000000000000000000000000000000000000000000000000000000000000000000000000000000000000000000000000000000000000000000000000000000100000000000000000000000000000000000000000000000000000000000000000000000000000000000000000000000000000000000000000000000000000000000000000000000000000000000000000000000000000000000000000000000000000000000000000000000000000000000000000000000000000000000000000000000000
9280,11100000011100100011000000000000000001000000000000000000000000000000000000000000000000000000000000000000000000000000000000000000000000000000000000000000000000000000000000000000001111000100000000000000000000000000000000000000000000000000000000000000000000010000000000000000000000000001111000000000000100000000000000000000000000000000110100101000110000011001100000000110001100100000100010000010110000000000010000000000100010000000001000100000110100100000100000000000000000100000000000000000001000000000000000000000000010001000100010000001000010000000000010001000000010000010000000111010100000001001010100010001100001000010000000000000001001101101000000000001100010001000100000000111100110001100100011100000100011101000000000000000000000000000000000000000000000000000000000000000000000000000000000000000000000000000000000000000000000000000000000000000000000000000000000000000000000000
9290,11100000011100000011110000000000000000000000000000001000000000000000000000000000000000000000000000000000000000000000000000000000000000000000000000000000000000000000000000000000000000000000000000000000000000000000000000000000000000000000000000000000000000000000000000000000000000000001101000000000000000000000100000000000000000000000100000010100101000001000000000000010000000000000100000000000000000000000001000000000000010000000000000000000100100000000100000000010000000000000000000000000000000000000000000000000000000000000000000000001010000000000000000000000000000010001000000010110000000000000000000000000000000000100000000000000000001010010000000000000000000010000000000000001110010100110110000000100010000000000000000000000000000000000000000000000000000000000000000000000000000000000000000000000000000000000000000000000000000000000000000000000000000000000000000000000000000000
9351,11000000011100111000000000000000000001000000000000000000000000000000000000000000000000000000000000000000000000000000000000000000000000000000000000000000000000000000000000000000001111000100000000000000000000000000000000000000000000000000000000000000101100011111000000000000000000000001110000000000000110000000000000000000000000000000110000000000110000010001101000000100001111011011000011010000011000100000000000000000101000100000001000110010011001110110000000000000100100100000010000000010001000001000000000000010000111001011100000100000001000000100010010011000000010000010000010100010100000001001000110010001100000001010000000000000011100001000100000000000000010001100100000000111000100001000000010000000000011101000000000000000000000000000000000000000000100000000000000000000000000000000000000000000000000000000000000100000000000000000000000000000000000000000000000000000000000000
9433,11100000011110111111100000000000000000000000000000000000000000000000000000000000000000000000000000000000000000000000000000000000000000000000000101100010110000000000000000000000001011000101100000000000000000000000000000000000000000000000000001011000000000011110000000000000000000000001111000000000000100000000000000000000000000000000100000001000110000011001011000000100000001111011000000010111110010011001000000000000101010000000000100000111011100010111010000000000100000001000000000101101100101110001000010100000000000010101000110000001101010000101010001000000100000000100100000001000010000000100100000100000000101000000000010001000000010000001011100100010010000000000000001100000000000000000000000000000000000000000000000000000000000000000000000000000000000000000000000000000000000000000000000000000000000000000000000000000000000000000000000000000000000000000000000000000000000000
9444,11000000011100111011100000000000000000000000000000000000000000000000000000000000000000000000000000000000000000000000000000000000000000000000000100100000000000000000000000000000001000000000000000000000000000000000000000000000000000000000000000000000000000000000000000000000000000000001111000000000000100000000100000000000000000000000100000010100111000011000000000000110000000010000000000000011010000000000011000000000001010000000000000000000000000010011010000000000000000000000000000000001000000000000000000000000000000010000000000000000000010000000000000000000100000110001000000000010000000001000100000000000000011100100000000000000000001110000011000000010000100110000000000000000111100000011000000000010000000000000000000000000000000000000000000000000000000000000000000000000000000000000000000000000000000000000000000000000000000000000000000000000000000000000000000000000000000000
9550,00000000000000110000000000000000000000000000000000000000000000000000000000000000000000000000000000000000000000000000000000000000000000000000000000000000000000000000000000000000000000000000000000000000000000000000000000000000000000000000000000000000000000000000000000000000000000000001010000000000000010000000000000000000000000000000000000000000000000000000000000000100000000000000000000000000000000000000000000000000001000100000000000000000000000010000000000000000000000000000000000000000000000000000000000000000000000000000000000000000000000000000000000000000000000000000000000000000000000000000000000000000000000000000000000000000000000000000000000000000000000000000000000000000000000000000000000000000000000000000000000000000000000000000000000000000000000000000000000000000000000000000000000000000000000000000000000000000000000000000000000000000000000000000000000000000000000000
10112,00000000000000000011000000000000000000000000000000001000000000000000000000000000000000000000000000000000000000000000000000000000000000000000000000000000000000000000000000000000000000000000000000000000000000000000000000000000000000000000000000000000000000000000000000000000000000000000001000000000000000000000000000000000000000000000000000000000000000000000000000000000000000000000100000000000000000000000000000000000000010000000000000000000000000000000100000000000000000000000000000000000000000000000000000000000000000000000000000000000000000000000000000000000000000000000000000000000000000000000000000000000000000000000000000000000000000000000000000000000000000000000000000000000000000000000000000000000000000000000000000000000000000000000000000000000000000000000000000000000000000000000000000000000000000000000000000000000000000000000000000000000000000000000000000000000000000000
10340,00000000000000000011000000110000000000000000000000000000000000000000000000000000000000000000000000000000000000000000000000000000000000000000000000000000000000000000000000000000000000000000000000000000000000000000000000000000000000000000000000000000000000000000000000000000000000000000001000000000000000000000000000000000000000000000000000000000000000000000000000000000000000000000100000000000000000000000000000000000000010000000000000000000000000000000100000000000000000000000000000000000000000000000000000000000000000000000000000000000000000000000000000000000000000000000000000000000000000000000000000000000000000000000000000000000000000000000000000000000000000000000000000000000000000000000000000000000000000000000000000000000000000000000000000000000000000000000000000000000000000000000000000000000000000000000000000000000000000000000000000000000000000000000000000000000000000000
10608,11000000011110000011100000110000000000000000000000000000000000000000000000000000000000000000000000000000000000000000000000000000000000000000000000000000000000000000000000000000001100000110000010000001000000000000000000000000000000000000000000000000100000010100000000000000000000000001101000000000000000000000000000000000000000000000110000000100100000001001100000000000001100000000111010000000000000000000010000000000100010000000001010100000110100100000100000000000000000100000100000000000001001000010000000000000000010001000100000000001000001100000100011001000000011000010011100110010100001000011010100011010100000100011100100100000101001011100000000010101000010001010100110000111100010001110100011111100100011101010000000000000000000000000100000000000000110000000000000000000010000000000000000000000000100000000000000110000000000000000000000000000000000000000000000000000000000000
10960,11000000011000000011000000000000000000000000000000000000000000000000000000000000000000000000000000000000000000000000000000000000000000000000000000000000000000000000000000000000000000000000000000000000000000000000000000000000000000000000000000000000000000000000000000000000000000000001101000000000000000000000100000000000000000000000000000000000101000001000000000000010000000100000100000000000000000000000011000000000000010000000000000000000100100000000100000000000000000000000000000000000000000000000000000000000000000000000000000000000000000000000000000000000000000010001000000000000000000000000000000000000000000100000000000000000000000000000000000000000000000110000000000000000000000000000000000000000000000000000000000000000000000000000000000000000000000000000000000000000000000000000000000000000000000000000000000000000000000000000000000000000000000000000000000000000000000000
11029,00000000000000000011000000000000000000000000000000100000000000000000000000000000000000000000000000000000000000000000000000000000000000000000000000000000000000000000000000000000000000000000000000000000000000000000000000000000000000000000000000000000000000000000000000000000000000000000001000000000000000000000000000000000000000000000000000000000000000000000000000000000000000000000100000000000000000000000000000000000000010000000000000000000000000000000100000000000000000000000000000000000000000000000000000000000000000000000000000000000000000000000000000000000000000000000000000000000000000000000000000000000000000000000000000000000000000000000000000000000000000000000000000000000000000000000000000000000000000000000000000000000000000000000000000000000000000000000000000000000000000000000000000000000000000000000000000000000000000000000000000000000000000000000000000000000000000000
11065,11100000011110100000000000000000000001000000000000000000000000000000000000000000000000000000000000000000000000000000000000000000000000000000000000000000000000000000000000000000001100000110000000000000000000000000011000000000000000000000000000000000000000010100000000000000000000000001110000000000000000000000000000000000000000000000110000000000110000010001100000000100001100100000000010000011000000000000000000000000100000000000001000100000010000100000000000000000000000100000000000000000001000000000000000000000000010001000100000000000000010000000000010001000000010000010000000100010100000000001000100010000100001000010000000000000001000001000000000000000000010001000100000000111000000001000000011000000000011101000000000000000000000000000000000000000000100000000000000000000000000000000000000000000000000000000000000100000000000000000000000000000000000000000000000000000000000000
11177,11110000011111000011100000000000000000000000000000100000000000000000000000000000000000000000000000000000000000000000000000000000000000000000000000000000000000000000000000000000000000000000000000000000000000000000000000000000000000000000000000000000000000000000000000000000000000000001101000000000000000000000000000000000000000000000100000000000100000001000000000000000000000100000100000000000000000000000000000000000000010000000000000000000100100000000100000000000000000000000000000000000000000000000000000000000000000000000000000000001000000000000000000000000000000000000000000010010000000000000000000000000000000000000000000000000000001000000000000000000000000000000000000000001100010001100100010100000100000000000000000000000000000000000000000000000000000000000000000000000000000000000000000000000000000000000000000000000000000000000000000000000000000000000000000000000000000000
11178,11110000011111000011100000000000000000000000000000000000000000100000000000000000000000000000000000000000000000000000000000000000000000000000000000000000000000000000000000000000000000000000000000000000000000000000000000000000000000000000000000000000000000000000000000000000000000000001101000000000000000000000000000000000000000000000100000000000100000001000000000000000000000100000100000000000000000000000000000000000000010000000000000000000100100000000100000000000000000000000000000000000000000000000000000000000000000000000000000000001000000000000000000000000000000000000000000010010000000000000000000000000000000000000000000000000000001000000000000000000000000000000000000000001100010001100100010100000100000000000000000000000000000000000000000000000000000000000000000000000000000000000000000000000000000000000000000000000000000000000000000000000000000000000000000000000000000000
11199,10000000010000000010000000000000000000000000000000000000000000000000000000000000000000000000000000000000000000000000000000000000000000000000000000000000000000000000000000000000000000000000000000000000000000000000000000000000000000000000000000000000000000000000000000000000000000000001101000000000000000000000100000000000000000000000000000000000101000001000000000000010000000000000000000000000000000000000001000000000100000000000000000000000000000100000000000000000000000000000000000000000000000000000000000000000000010000000000000000000000000000000000000000000000000000001000000000000000000000000000000000000000000000000000000000000000000000000000000000000000000000000000000000000000000000000000000000000000000000000000000000000000000000000000000000000000000000000000000000000000000000000000000000000000000000000000000000000000000000000000000000000000000000000000000000000000000000
11339,11110000011110000011100000000000010000000000000000000000000000000000000000000000000000000000000000000000000000000000000000000000000000000000000000000000000000000000000000000000000000000000000000000000000000000000000000000000000000000000000000000000000000000000000000000000000000000001101000000100000000000000100000000000000000000000110100000000101001001100000000000010100000100000100000000000000000000000010010000010000010000000000000000000100100000000100001110000010000000000000000000000000000000000000000000000000000000000000000000001000000000000000000000000000000000000000000010010000000000000000000000000000000100000000000000000000001000000000000000000000000000000000000000001110000111100000000000000000011100000000000000000000000000000000000000000000000000000000000000000000000000000000000000000000000000000000000000000000000000000000000000000000000000000000000000000000000000
12035,11000000011000100011000000000000010000000000000000000000000000000000000000000000000000000000000000000000000000000000000000000000000000000000000000000000000000000000000000000000000000000000000000000000000000000000000000000000000000000000000000000000000000000000000000000000000000000001111000000100000100000000100000000000000000000000100000101000110001011100000000000100100000100000100000000010110000000000001000000100000010000000000000000001100100000001100000000000000000000000000000000000000000000000000000000000000000000000000010000001100010000000000000000000000000100000000000000000000000000000000000100000000000000100000000000000000000000001011000000000100100000000000000000000000000000000000000000000000000000000000000000000000000000000000000000000000000000000000000000000000000000000000000000000000000000000000000000000000000000000000000000000000000000000000000000000000000000
12449,11110000011110110011100000000000010000000000000000000000000000000000000000000000000000000000000000000000000000000000000000000000000000000000000000000000000000000000000000000000001100000110000010000000000000000000000000000000000000000000000000000000000000010100000000000000000000000001110000000000000000000000100000000000000000000000110000001000110000010001100000000100001100101100000010000011000000000000000010000000101000000000001100100100011000100100010000110000100000100000000000000000001000010000001000000000000010001000100000000000000110000110010010011000000010000010000000100010110000001001000110010001100001000010000000001000011000001000000000000000110010001100100000000111000100001000000011000000000011100000100000000000000000000000000000000000000000000000000000000000000100000000000000000000000000000000000000000000000000000000000000000000000000000000000000000000000000000
12560,11110000011111100011110000000000000000000000000000000000000000000000000000000000000000000000000000000000000000000000000000000000000000000000000000000000000000000000000000000000001001000100100000000000000000000000000000000000000000000000000000000000000000000000000000000000000000000001111000000000000000000000100000000000000000000000110101111100111100011000000000000111000000100000100000000011000000000000011000000000000010000000000010000000100100000000100000000000000000000000000000000000000000000000000000000000000000000000000000000001000010000000000000000000000100110001000000010110000000001000000000000000001001100100000000000000000001110010000000000000000101110000000000000001110010101110110011111100110011100000000000000000000000000000000000000000000000000000000000000000000000000000000000000000000000000000000000000000000000000000000000000000000000000000000000000000000000000
13136,11000000011100000011110000000000000000000000000000001000000000000000000000000000000000000000000000000000000000000000000000000000000000000000000000000000000000000000000000000000000000000000000000000000000000000000000000000000000000000000000000000000000000000000000000000000000000000001101000000000000000000000100000000000000000000000110001000100100000001000000000000000000000000000100000000000000000000000001000000000000010000000000000000000100100000000100000000010000000000000000000000000000000000000000000000000000000000000000000000001010000000000000000000000000000010000000000010110000000000000000000000000000000000100000000000000000001010010000000000000000000010000000000000000110010110010011000000000000010100000000000000000000000000000000000000000000000000000000000000000000000000000000000000000000000000000000000000000000000000000000000000000000000000000000000000000000000000
13144,11000000011000000011100000000000000000000000000000001000000000000000000000000000000000000000000000000000000000000000000000000000000000000000000000000000000000000000000000000000000000000000000000000000000000000000000000000000000000000000000000000000000000000000000000000000000000000001101000000000000000000000100000000000000000000000100000010100101000001000000000000010000000100000100000000000000000000000001000000000000010000000000000000000100100000000100000000010000000000000000000000000000000000000000000000000000000000000000000000001010000000000000000000000000000010001000000000000000000000000000000000000000000000000000000000000000000000000000000000000000000010000000000000000000000000000000000000000000000000000000000000000000000000000000000000000000000000000000000000000000000000000000000000000000000000000000000000000000000000000000000000000000000000000000000000000000000000
14219,11000000011000111000000000000000000001000000000000000000000000000000000000000000000000000000000000000000000000000000000000000000000000000000000000000000000000000000000000000000000000000000000000000000000000000000000000000000000000000000000000000000000000000000000000000000000000000001010000000000000100000000000000000000000000000000000000000000000000000000000000000100000000110000000000000011010000000000000000000000001000000000000000000000000000000010010000000000000000000000000000000001100000000000000000000000000000010000000000000000000010000000000000000000100000000000000000000000000000000000000000000000000000000000000000000000000000000000000000000000000000000000000000000000000000000000000000000000000000000000000000000000000000000000000000000000000000000000000000000000000000000000000000000000000000000000000000000000000000000000000000000000000000000000000000000000000000000
14250,11110000011110100000000000000000000000000001000000000000000000000000000000000000000000000000000000000000000000000000000000000000000000000000000000000000000000000000000000000000000000000000000000000000000000000000000000000000000000000000000000000000000000000000000000000000000000000001110000000000000000000000000000000000000000000000100000000000110000010000000000000100000000100000000000000011000000000000000000000000000000000000000000000000000000000000000000000000000000000000000000000000000000000000000000000000000000000000000000000000000010000000000000000000000000000000000000000010000000001000000000000000000001000000000000000000000000000000000000000000000000000000000000000001000100001000000010000000000000000000000000000000000000000000000000000000000000000000000000000000000000000000000000000000000000000000000000000000000000000000000000000000000000000000000000000000000000000
14778,00000000000000000010000000000000000000000000000000001000000000000000000000000000000000000000000000000000000000000000000000000000000000000000000000000000000000000000000000000000000000000000000000000000000000000000000000000000000000000000000000000000000000000000000000000000000000000000000000000000000000000000000000000000000000000000000000000000000000000000000000000000000000000000000000000000000000000000000000000000000000000000000000000000000000000000000000000000000000000000000000000000000000000000000000000000000000000000000000000000000000000000000000000000000000000000000000000000000000000000000000000000000000000000000000000000000000000000000000000000000000000000000000000000000000000000000000000000000000000000000000000000000000000000000000000000000000000000000000000000000000000000000000000000000000000000000000000000000000000000000000000000000000000000000000000000000000000
14781,00000000000000000011110000000011000000000000000000001000000000000000000000000000000000000000000000000000000000000000000000000000000000000000000000000000000000000000000000000000000000000000000000000000000000000000000000000000000000000000000000000000000000000000000000000000000000000000000000000000000000000000100000100000000000000000000000000000000000000000000000000000000000000000000000000000000000000000000000010000000000000100000000000000000000000000000010000000000000000000000000000000000000000000000000000000000000000000000000000000000000000000000000000000000000000000000000000000000000000000000000000000000000000000000000000000000000000000000000000000000000000000000000000000000000000000000000000000000000000000000000000000000000000000000000000000000000000000000000000000000000000000000000000000000000000000000000000000000000000000000000000000000000000000000000000000000000000
14789,00000000000000000011100000000000000000000000000000000000001000000000000000000000000000000000000000000000000000000000000000000000000000000000000000000000000000000000000000000000000000000000000000000000000000000000000000000000000000000000000000000000000000000000000000000000000000000000000000000000000000000000100000000000000000000000000000000000000000000000000000000000000000000000000000000000000000000000000000000000000000000000000000000000000000000000000000000000000000000000000000000000000000000000000000000000000000000000000000000000000000000000000000000000000000000000000000000000000000000000000000000000000000000000000000000000000000000000000000000000000000000000000000000000000000000000000000000000000000000000000000000000000000000000000000000000000000000000000000000000000000000000000000000000000000000000000000000000000000000000000000000000000000000000000000000000000000000
14792,00000000000000000010000000000000000000000000000000100000000000000000000000000000000000000000000000000000000000000000000000000000000000000000000000000000000000000000000000000000000000000000000000000000000000000000000000000000000000000000000000000000000000000000000000000000000000000000000000000000000000000000001000000000000000000000000000000000000000000000000000000000000000000000000000000000000000000000000000000000000000000000000000000000000000000000000000000000000000000000000000000000000000000000000000000000000000000000000000000000000000000000000000000000000000000000000000000000000000000000000000000000000000000000000000000000000000000000000000000000000000000000000000000000000000000000000000000000000000000000000000000000000000000000000000000000000000000000000000000000000000000000000000000000000000000000000000000000000000000000000000000000000000000000000000000000000000000
14793,00000000000000000011000000000000000000000000000000000000000000000000000000000000000000000000000001000000000000000000000000000000000000000000000000000000000000000000000000000000000000000000000000000000000000000000000000000000000000000000000000000000000000000000000000000000000000000000000000000000000000000000000000000000000000000000000000000000000000000000000000000000000000000000000000000000000000000000000000000000000000000000000000000000000000000000000000000000000000000000000000000000000000000000000000000000000000000000000000000000000000000000000000000000000000000000000000000000000000000000000000000000000000000000000000000000000000000000000000000000000000000000000000000000000000000000000000000000000000000000000000000000000000000000000000000000000000000000000000000000000000000000000000000000000000000000000000000000000000000000000000000000000000000000000000000000000000000
14797,00000000000000000010000000000000000000000100000000000000000000000000000000000000000000000000000000000000000000000000000000000000000000000000000000000000000000000000000000000000000000000000000000000000000000000000000000000000000000000000000000000000000000000000000000000000000000000000000000000000000000000000100000000000000000000000000000000000000000000000000000000000000000000000000000000000000000000000000000000000000000000000000000000000000000000000000000000000000000000000000000000000000000000000000000000000000000000000000000000000000000000000000000000000000000000000000000000000000000000000000000000000000000000000000000000000000000000000000000000000000000000000000000000000000000000000000000000000000000000000000000000000000000000000000000000000000000000000000000000000000000000000000000000000000000000000000000000000000000000000000000000000000000000000000000000000000000000
14798,00000000000000000010000000100000000000000000000000000000000000000000000000000000000000000000000000000000000000000000000000000000000000000000000000000000000000000000000000000000000000000000000000000000000000000000000000000000000000000000000000000000000000000000000000000000000000000000000000000000000000000000100000000000000000000000000000000000000000000000000000000000000000000000000000000000000000000000000000000000000000000000000000000000000000000000000000000000000000000000000000000000000000000000000000000000000000000000000000000000000000000000000000000000000000000000000000000000000000000000000000000000000000000000000000000000000000000000000000000000000000000000000000000000000000000000000000000000000000000000000000000000000000000000000000000000000000000000000000000000000000000000000000000000000000000000000000000000000000000000000000000000000000000000000000000000000000000
14806,00000000000000000010000000000000000000000000000000000000000000100000000000000000000000000000000000000000000000000000000000000000000000000000000000000000000000000000000000000000000000000000000000000000000000000000000000000000000000000000000000000000000000000000000000000000000000000000000000000000000000000000000000000000000000000000000000000000000000000000000000000000000000000000000000000000000000000000000000000000000000000000000000000000000000000000000000000000000000000000000000000000000000000000000000000000000000000000000000000000000000000000000000000000000000000000000000000000000000000000000000000000000000000000000000000000000000000000000000000000000000000000000000000000000000000000000000000000000000000000000000000000000000000000000000000000000000000000000000000000000000000000000000000000000000000000000000000000000000000000000000000000000000000000000000000000000000000
14915,00000000000000000011000000000000000000000000000000000000100000000000000000000000000000000000000000000000000000000000000000000000000000000000000000000000000000000000000000000000000000000000000000000000000000000000000000000000000000000000000000000000000000000000000000000000000000000000000000000000000000000000000000000000000000000000000000000000000000000000000000000000000000000000000000000000000000000000000000000000000000000000000000000000000000000000000000000000000000000000000000000000000000000000000000000000000000000000000000000000000000000000000000000000000000000000000000000000000000000000000000000000000000000000000000000000000000000000000000000000000000000000000000000000000000000000000000000000000000000000000000000000000000000000000000000000000000000000000000000000000000000000000000000000000000000000000000000000000000000000000000000000000000000000000000000000000000000
14923,10000000000000100010000000000000000000000000000000000000000000000000000000000000000000000000000000000000000000000000000000000000000000000000000000000000000000000000000000000000000000000000000000000000000000000000000000000000000000000000000000000000000000000000000000000000000000000000000000000000000100000000100000000000000000000000000000000000000000000000000000000000000000000000000000000000000000000000000000000000000000000000000000000000000000000000000000000000000000000000000000000000000000000000000000000000000000000000000000000000000000000000000000000000000000000000000000000000000000000000000000000000000000000000000000000000000000000000000000000000000000000000000000000000000000000000000000000000000000000000000000000000000000000000000000000000000000000000000000000000000000000000000000000000000000000000000000000000000000000000000000000000000000000000000000000000000000000
14945,00000000000000000010000000000000000000000000000000000000001000000000000000000000000000000000000000000000000000000000000000000000000000000000000000000000000000000000000000000000000000000000000000000000000000000000000000000000000000000000000000000000000000000000000000000000000000000000000000000000000000000000000000000000000000000000000000000000000000000000000000000000000000000000000000000000000000000000000000000000000000000000000000000000000000000000000000000000000000000000000000000000000000000000000000000000000000000000000000000000000000000000000000000000000000000000000000000000000000000000000000000000000000000000000000000000000000000000000000000000000000000000000000000000000000000000000000000000000000000000000000000000000000000000000000000000000000000000000000000000000000000000000000000000000000000000000000000000000000000000000000000000000000000000000000000000000000000
14950,11100000011110000011110000000000000000000000000000000000000000000000000000000000000000000000000000000000000000000000000000000000000000000000000000000000000000000000000000000000001101000110000011000001000000000000000000000000000000000000000000000000110000010100000000000000000000000001101000000000000000000000100000000000000000000000110000010100101000001001100000000010001100100000111010000000000000000000011000000000100010000000001010100000110100100000100000000000000000100000000000000000001001000010000000000000000000001000100000000001000001101000100011001000000010010011011100110110100000100011010000011010100000100111000101000001001001011110000000010101000010111011100110000111110010111110111011110100111011101110000100000000000000110000100000000000000110000100000000000000110000100000000000000110000100000000000000110000100000000000000000000000000000000000000000000000000000000
14985,11110000011110000011000000000000000000000000000000000000000000000000000000000000000000000000000000000000000000000000000000000000000000000000000000000000000000000000000000000000001101000100000000000000000000000000000000000000000000000000000000000000100100010000000000000000000000000001101000000000000000000000100000000000000000000000110101000100100000001001100000000000000000100000011010000000000000000000011000000000100000000000001000000000010000000000000000000000000000100000100000000000001000000010000000000000000000001000100000000000000001000000100010001000000011000010011000100010100001100011000000011010100000100111100000100000101001001100000000010001000010001011100000000111110000001100000011110000000011101100000100000000000000110000000000000000000110000000000000000000100000100000000000000110000000000000000000110000000000000000000000000000000000000000000000000000000000000
14986,11110000011110000011000000000000000000000000000000000000000000000000000000000000000000000000000000000000000000000000000000000000000000000000000000000000000000000000000000000000001101000100000000000000000000000000000000000000000000000000000000000000100100010000000000000000000000000001101000000000000000000000100000000000000000000000110101000100100000001001100000000000001100100000011010000000000000000000011000000000100000000000001000100000010000100000000000000000000000100000100000000000001000000010000000000000000000001000100000000000000001100000100010001000000011000010011000100010100001100011000100011010100000100111100000100000101001001100000000010001000010001011100000000111110000001100000011110000000011101100000100000000000000110000000000000000000110000000000000000000100000100000000000000110000000000000000000110000000000000000000000000000000000000000000000000000000000000
15324,11110000011111000011100000000000000000000000000000001000000000000000000000000000000000000000000000000000000000000000000000000000000000000000000000000000000000000000000000000000000000000000000000000000000000000000000000000000000000000000000000000000000000000000000000000000000000000001101000000000000000000000000000000000000000000000100000000000100000001000000000000000000000100000100000000000000000000000000000000000000010000000000000000000100100000000100000000000000000000000000000000000000000000000000000000000000000000000000000000001000000000000000000000000000000000000000000010010000000000000000000000000000000000000000000000000000001000000000000000000000000000000000000000001100010001100100010100000100000000000000000000000000000000000000000000000000000000000000000000000000000000000000000000000000000000000000000000000000000000000000000000000000000000000000000000000000000000
16078,11100000011110000011000000000000000000000000000000000000000000000000000000000000000000000000000000000000000000000000000000000000000000000000000000000000000000000000000000000000001101000100000010000000000000000000000000000000000000000000000000000000100100010000000000000000000000000001101000000000000000000000100000000000000000000000110101000100100000001001100000000000001100100000011010000000000000000000011000000000100000000000001000100000010000100000000000000000000000100000100000000000001000000010000000000000000000001000100000000000000001100000100010001000000011000010011100100010100001100011000100011010100000100111100000100000101001011100000000010101000010001011100000000111100000001110000011111100000011101100000000000000000000010000100000000000000010000000000000000000100000000000000000000010000100000000000000010000000000000000000000000000000000000000000000000000000000000
16961,11100000011110000011110100110010000000000000000000000000000000000000000000000000000000000000000000000000000000000000000000000000000000000000000110000000000000000000000000000000001100000110000010000000000000000000000000000000000000000000000001100000110000000000000000000000000000000001101100000000000000000000100000100000000000000000111101010100101000001000000000000010000000100000000000000000000000000000001100010000100010000100001010100000010100100000000010000010000000000000000000000000001000000000000000000000000010000000100000000001010000000000000001001000000000000001000000010010000000000000000100000000000000000100000000000000000001011000000000000000000010000000000110000011110010001100110011110000110011111000000000000000000000000000000000000000000000000000000000000000110000000000000000000110000000000000000000110000000000000000000110000000000000000000110000000000000000000
17466,11000000011110110011110000110000011000000000000000000000000000000000000000000000000000000000000000000000000000000000000000000000000000000000000000000000000000000000000000000000001100000110000011000001100000000000000000000000000000000000000000000000110000010101010000000000000000000001111000000100000010000000100000000000000000000000110000001100100000011101100000000000001100001100011111000000000000000000001000000010100000100000001000100100010000100100000001110000110000100000000001000000001000000010001000000000000010001000100000011000000001110110110010001000000010100010011000100010100100101001000110010011100000000111000000000100011001001100000000010001000010001101100000000111100100001100000010110000000011101011000000000100000000011100000001000000000101100001000000000000011000000000100000000011100000001000000000101100001000000000000000000000000000000000000000000000000000000
17506,11100000011100100011100000000000010000000000000000000000000000000000000000000000000000000000000000000000000000000000000000000000000000000000000000000000000000000000000000000000001100000000000000000000000000000000000000000000000000000000000000000000000000010000000000000000000000000001111000000100000100000000100000000000000000000000100000000100110000011101000000000100001100100000011110000010110000000000001010000010100000000000000000100000010000100000000001110000010000100000000001000000001000000010000000000000000010001000100010011010000011100000100010001000000010000010011000100010100000100001000100010010100000000111000000000000001001001101000000010001100010001001100000000111110000000100000000000000000000000000000100000000000000000000010000000000000000000010000000000000000000100000000000000000000010000000000000000000010000000000000000000000000000000000000000000000000000000
17730,11000000011110110011100000110000011000000000000000000000000000000000000000000000000000000000000000000000000000000000000000000000000000000000000000000000000000000000000000000000001100000110000011000000000000000000000000000000000000000000000000000000110000010101010000000000000000000001111000000100000010000000100000000000000000000000110000001100100000011101100000000000001100001100011111000000000000000000001000000010100000100000001000100100010000100100000001110000110000100000000001000000001000000010001000000000000010001000100000011000000001110110110010001000000010100010011000100010100100101001000110010011100000000111000000000000011001001100000000010001000010001101100000000111100100001100000010110000000011101011000000000100000000011100000000000000000100100001000000000000011000000000100000000011100000000000000000100100001000000000000000000000000000000000000000000000000000000
17734,11100000011100110011100000000000000000000000000000000000000000000000000000000000000000000000000000000000000000000000000000000000000000000000000000000000000000000000000000000000001100000000000000000000000000000000000000000000000000000000000000000000000000010000000000000000000000000001111000000000000101000000100000000000000000000000100000001000111000011001000000000110001100101100000010000011110100000100001000000000100000010000000000100100010000100100001100000000100000100000000000000000001000010000001000000000001010001000100010000000000010000111010010001010000010100111000000100010110000001101000111010001100101000010000000001000011000001001000010000000110110001100100000000111000100000000000000000000000000000000000000000000100000000000000000000100000000000000000000100000000000000000000100000000000000000000100000000000000000000100000000000000000000000000000000000000000000000
18283,11000000011100110011100000000000000000000000000000000000000000000000000000000000000000000000000000000000000000000000000000000000000000000000000100000000000000000000000000000000001000000000000000000000000000000000000000000000000000000000000000000000000000000000000000000000000000000001111000000000000100000000100000000000000000000000110000010100111000011000000000000110000000110000000000000011110000000000011000000000100010000000001000100001010101100101000000000000100000000000000000000000001000000000000000000000000010000000100000000001000010000000000001001000100000010001010000000000000000000010000100000000000011100101000000000000000010000100011100100010000010110010000011000010000000000000000000000000000000000000000000000000000000000000000000000000000000000000000000000000000000000000000000000000000000000000000000000000000000000000000000000000000000000000000000000000000000000
19116,11000000011110110011100000110000011000000000000000000000000000000000000000000000000000000000000000000000000000000000000000000000000000000000000000000000000000000000000000000000001100000110000011000000000000000000000000000000000000000000000000000000110000010101010000000000000000000001111000000100000110000000100000000000000000000000110000001100100000011101100000000000001100001100011111000000010000000000001000000010100000100000001000100100010000100100000001110000110000100000000001000000001000000010001000000000000010001000100000011100000001010110110010001000000010100010011000100010100100101001000110010011100000000111000000000100011001101101000000011001000010001101100000000111100100001100000010110000000011101001100000000000000000011100010000100000000110100001000100000000001100000000000000000011100010000100000000110100001000100000000000000000000000000000000000000000000000000
19660,00000000000000000011000000000000000000000000000000000000000000000000000000000000000000000000000000000000000000000000000000000000000000000000000000000000000000000000000000000000000000000000000000000000000000000000000000000000000000000000000000000000000000000000000000000000000000000000001000000000000000000000000000000000000000000000000000000000000000000000000000000000000000000000100000000000000000000000000000000000000010000000000000000000000000000000100000000000000000000000000000000000000000000000000000000000000000000000000000000000000000000000000000000000000000000000000000000000000000000000000000000000000000000000000000000000000000000000000000000000000000000000000000000000000000000000000000000000000000000000000000000000000000000000000000000000000000000000000000000000000000000000000000000000000000000000000000000000000000000000000000000000000000000000000000000000000000000
19700,11110000011111110011110000110000011000000000000000000000000000000000000000000000000000000000000000000000000000000000000000000000000000000000000000000000000000000000000000000000001100000110000011000001100000100000000000000000000000000000000000000000000000010101010000000000000000000001110000000100000000000000000000000000000000000000110000001000110000010101100000000100001100101100000110000011000000000000000000000010101000000000001100100100011000100100010001110000110000100000000001000000001000010000001000000000000010001000100000011000000110000110010010011000000010000010000000100010110000001001000110010001100001000010000000001000011000001000000000000000110010001100100000000111000100001000000011000000000011100000100000000000000000001000000000000000000001000000000000000000000100000000000000000001000000000000000000001000000000000000000000000000000000000000000000000000000000000
20058,11100000011100110011110000000000000000000000000000000000000000000000000000000000000000000000000000000000000000000000000000000000000000000000000100100000000000000000000000000000001000000000000000000000000000000000000000000000000000000000000000000000000000000000000000000000000000000001111000000000000100000000000000000000000000000000100000010100111000011000000000000110000000110000100000000011110000000000010000000000100010000000000000100001110101100101100000000000100000000000000000000000000000000000001000000000000010000000000000000000000010000000000001000000100000110000000000000010000000001000000000000000000011110000000000000000000011110001011100100010000100100000000011000000111100000011000000001010000000000000000000000000000000000000000000000000000000000000000000000000000000000000000000000000000000000000000000000000000000000000000000000000000000000000000000000000000000000
20279,11000000011100111011000000000000000001000000000000000000000000000000000000000000000000000000000000000000000000000000000000000000000000000000000101100010010000000000000000000000001011000000000000000000000000000000000000000000000000000000000001011000000000011111100000000000000000000001111000000010000100000000100000000000000000000000100000011100111000011001011100000110000001011111000010111111010011000001011000000000101000000000000100000110011000010110010000000000100000001000000000101101000100010001000010100000000000010101000000100000001010000101010000010000100000010101100000000010010000001100100001000000000111100100010000001000000011110000000000000010110000110000000000100000101100000011000000000010000000000000000000000000000000000000000000000000000000000000000000000000000000000000000000000000000000000000000000000000000000000000000000000000000000000000000000000000000000000
20353,11110000011111000011100000000000000000000000000000000000000000000000000000000000000000000000000000000000000000000000000000000000000000000000000000000000000000000000000000000000001101000100000000000000000000000000000000000000000000000000000000000000100100010000000000000000000000000001101000000000000000000000100000000000000000000000110101000100100000001001100000000000000000100000111010000000000000000000011000000000100010000000001000000000110100000000100000000000000000100000100000000000001000000010000000000000000000001000100000000001000001000000100010001000000011000010011000110010100001000011000000011010100000100111101000100000101001001100000000010001000010001010100000000111110000111100000011110000000011101100000100000000000000110000000000000000000110000000000000000000100000100000000000000110000000000000000000110000000000000000000000000000000000000000000000000000000000000
22311,11100000011100000000000000000000000000000000000000000000000000000000000000000000000000000000000000000000000000000000000000000000000000000000000000000000000000000000000000000000001000000000000000000000000000000000000000000000000000000000000000000000000000000000000000000000000000000001100000000000000000000000000000000000000000000000110100000000100000000000000000000000000000100000000000000000000000000000000000000000100000000000001000100000010000100000000000000000000000000000000000000000001000000000000000000000000000000000100000000000000000000000000000001000000000000000000000000010000000000000000100000000000000000000000000000000000000001000000000000000000010000000000000000011000000001000000000000000000011100000000000000000000000000000000000000000000000000000000000000000000000000000000000000000000000000000000000000000000000000000000000000000000000000000000000000000000000000
22985,10000000000000110011000000000000000000000000000000000000000000000000000000000000000000000000000000000000000000000000000000000000000000000000000000000000000000000000000000000000000000000000000000000000000000000000000000000000000000000000000000000000000000000000000000000000000000000000000000000000000101000000000000000000000000000000000000000000000000000000000000000000000000000000000000000000000000000100000000000000000000010000000000000000000000000000000100000000000000000000000000000000000000000000000000000000000000000000000000000000000000000000000000000000000000000000000000000000000000000000000000000000000000000000000000000000000000000000000000000000000000000000000000000000000000000000000000000000000000000000000000000000000000000000000000000000000000000000000000000000000000000000000000000000000000000000000000000000000000000000000000000000000000000000000000000000000000000
23931,00000000000000000000000000000000000000000000000000000000000000000000000000000000000000000000000100000000000000000000000000000000000000000000000000000000000000000000000000000000000000000000000000000000000000000000000000000000000000000000000000000000000000000000000000000000000000000000000000000000000000000000000000000000000000000000000000000000000000000000000000000000000000000000000000000000000000000000000000000000000000000000000000000000000000000000000000000000000000000000000000000000000000000000000000000000000000000000000000000000000000000000000000000000000000000000000000000000000000000000000000000000000000000000000000000000000000000000000000000000000000000000000000000000000000000000000000000000000000000000000000000000000000000000000000000000000000000000000000000000000000000000000000000000000000000000000000000000000000000000000000000000000000000000000000000000000000000
23954,00000000000000000000000000000000000000000000000000000000000000000000000000000100000000000000000000000000000000000000000000000000000000000000000000000000000000000000000000000000000000000000000000000000000000000000000000000000000000000000000000000000000000000000000000000000000000000000000000000000000000000000000000000000000000000000000000000000000000000000000000000000000000000000000000000000000000000000000000000000000000000000000000000000000000000000000000000000000000000000000000000000000000000000000000000000000000000000000000000000000000000000000000000000000000000000000000000000000000000000000000000000000000000000000000000000000000000000000000000000000000000000000000000000000000000000000000000000000000000000000000000000000000000000000000000000000000000000000000000000000000000000000000000000000000000000000000000000000000000000000000000000000000000000000000000000000000000
23978,00000000000000000000000000000000000000000000000000000000000001000000000000000000000000000000000000000000000000000000000000000000000000000000000000000000000000000000000000000000000000000000000000000000000000000000000000000000000000000000000000000000000000000000000000000000000000000000000000000000000000000000000000000000000000000000000000000000000000000000000000000000000000000000000000000000000000000000000000000000000000000000000000000000000000000000000000000000000000000000000000000000000000000000000000000000000000000000000000000000000000000000000000000000000000000000000000000000000000000000000000000000000000000000000000000000000000000000000000000000000000000000000000000000000000000000000000000000000000000000000000000000000000000000000000000000000000000000000000000000000000000000000000000000000000000000000000000000000000000000000000000000000000000000000000000000000000000
23994,00000000000000000000000000000000000000000000000000000000000000100000000000000000000000000000000000000000000000000000000000000000000000000000000000000000000000000000000000000000000000000000000000000000000000000000000000000000000000000000000000000000000000000000000000000000000000000000000000000000000000000000000000000000000000000000000000000000000000000000000000000000000000000000000000000000000000000000000000000000000000000000000000000000000000000000000000000000000000000000000000000000000000000000000000000000000000000000000000000000000000000000000000000000000000000000000000000000000000000000000000000000000000000000000000000000000000000000000000000000000000000000000000000000000000000000000000000000000000000000000000000000000000000000000000000000000000000000000000000000000000000000000000000000000000000000000000000000000000000000000000000000000000000000000000000000000000000
24203,00000000000000000011100000110010000000000000000000000000000000000000000000000000000000000000000000000000000000000000000000000000000000000000000000000000000000000000000000000000000000000000000000000000000000000000000000000000000000000000000000000000000000000000000000000000000000000000000000000000000000000000100000100000000000000000000000000000000000000000000000000000000000000000000000000000000000000000000000010000000000000100000000000000000000000000000010000000000000000000000000000000000000000000000000000000000000000000000000000000000000000000000000000000000000000000000000000000000000000000000000000000000000000000000000000000000000000000000000000000000000000000000000000000000000000000000000000000000000000000000000000000000000000000000000000000000000000000000000000000000000000000000000000000000000000000000000000000000000000000000000000000000000000000000000000000000000000
24261,00000000000000000011000000001000000000000000000000000000000000000000000000000000000000000000000000000000000000000000000000000000000000000000000000000000000000000000000000000000000000000000000000000000000000000000000000000000000000000000000000000000000000000000000000000000000000000000000000000000000000000000000001000000000000000000000000000000000000000000000000000000000000000000000000000000000000000000000000000000000000000000000000000000000000000000000000000000000000000000000000000000000000000000000000000000000000000000000000000000000000000000000000000000000000000000000000000000000000000000000000000000000000000000000000000000000000000000000000000000000000000000000000000000000000000000000000000000000000000000000000000000000000000000000000000000000000000000000000000000000000000000000000000000000000000000000000000000000000000000000000000000000000000000000000000000000000000
24268,00000000000000100011000000100000000000000000000000000000000000000000000000000000000000000000000000000000000000000000000000000000000000000000000000000000000000000000000000000000000000000000000000000000000000000000000000000000000000000000000000000000000000000000000000000000000000000000000000000000000001000000000000000000000000000000000000000000000000000000000000000000000000000000000000000000000000000100000000000000000000010000000000000000000000000000000100000000000000000000000000000000000000000000000000000000000000000000000000000000000000000000000000000000000000000000000000000000000000000000000000000000000000000000000000000000000000000000000000000000000000000000000000000000000000000000000000000000000000000000000000000000000000000000000000000000000000000000000000000000000000000000000000000000000000000000000000000000000000000000000000000000000000000000000000000000000000000
24401,00000000000000000011100000000000000000000000000000000000010000000000000000000000000000000000000000000000000000000000000000000000000000000000000000000000000000000000000000000000000000000000000000000000000000000000000000000000000000000000000000000000000000000000000000000000000000000000000000000000000000000000000000000000000000000000000000000000000000000000000000000000000000000000000000000000000000000000000000000000000000000000000000000000000000000000000000000000000000000000000000000000000000000000000000000000000000000000000000000000000000000000000000000000000000000000000000000000000000000000000000000000000000000000000000000000000000000000000000000000000000000000000000000000000000000000000000000000000000000000000000000000000000000000000000000000000000000000000000000000000000000000000000000000000000000000000000000000000000000000000000000000000000000000000000000000000000000
24424,00000000000000000011100000000000010000000000000000000000000000100000000000000000000000000000000000000000000000000000000000000000000000000000000000000000000000000000000000000000000000000000000000000000000000000000000000000000000000000000000000000000000000000000000000000000000000000000000000000000000000000000000000000000000000000000000000000000000000000000000000000000000000000000000000000000000000000000000000000000000000000000000000000000000000000000000000110000000000000000000000000000000000000000000000000000000000000000000000000000000000000000000000000000000000000000000000000000000000000000000000000000000000000000000000000000000000000000000000000000000000000000000000000000000000000000000000000000000000000000000000000000000000000000000000000000000000000000000000000000000000000000000000000000000000000000000000000000000000000000000000000000000000000000000000000000000000000
24434,00000000000000100011000000000000000000000100000000000000000000000000000000000000000000000000000000000000000000000000000000000000000000000000000000000000000000000000000000000000000000000000000000000000000000000000000000000000000000000000000000000000000000000000000000000000000000000000000000000000000001000000000000000000000000000000000000000000000000000000000000000000000000000000000000000000000000000100000000000000000000010000000000000000000000000000000100000000000000000000000000000000000000000000000000000000000000000000000000000000000000000000000000000000000000000000000000000000000000000000000000000000000000000000000000000000000000000000000000000000000000000000000000000000000000000000000000000000000000000000000000000000000000000000000000000000000000000000000000000000000000000000000000000000000000000000000000000000000000000000000000000000000000000000000000000000000000000
24441,00000000000000000011100000000010000000000000000000001000000000000000000000000000000000000000000000000000000000000000000000000000000000000000000000000000000000000000000000000000000000000000000000000000000000000000000000000000000000000000000000000000000000000000000000000000000000000000000000000000000000000000100000100000000000000000000000000000000000000000000000000000000000000000000000000000000000000000000000010000000000000100000000000000000000000000000010000000000000000000000000000000000000000000000000000000000000000000000000000000000000000000000000000000000000000000000000000000000000000000000000000000000000000000000000000000000000000000000000000000000000000000000000000000000000000000000000000000000000000000000000000000000000000000000000000000000000000000000000000000000000000000000000000000000000000000000000000000000000000000000000000000000000000000000000000000000000000
24451,00000000000000000011100000110011000000000000000000000000000000000000000000000000000000000000000000000000000000000000000000000000000000000000000000000000000000000000000000000000000000000000000000000000000000000000000000000000000000000000000000000000000000000000000000000000000000000000000000000000000000000000100000100000000000000000000000000000000000000000000000000000000000000000000000000000000000000000000000010000000000000100000000000000000000000000000010000000000000000000000000000000000000000000000000000000000000000000000000000000000000000000000000000000000000000000000000000000000000000000000000000000000000000000000000000000000000000000000000000000000000000000000000000000000000000000000000000000000000000000000000000000000000000000000000000000000000000000000000000000000000000000000000000000000000000000000000000000000000000000000000000000000000000000000000000000000000000
24456,00000000000000000011110000000011000000000000000000001000000000000000000000000000000000000000000000000000000000000000000000000000000000000000000000000000000000000000000000000000000000000000000000000000000000000000000000000000000000000000000000000000000000000000000000000000000000000000000000000000000000000000000000100000000000000000000000000000000000000000000000000000000000000000000000000000000000000000000000010000000000000100000000000000000000000000000010000000000000000000000000000000000000000000000000000000000000000000000000000000000000000000000000000000000000000000000000000000000000000000000000000000000000000000000000000000000000000000000000000000000000000000000000000000000000000000000000000000000000000000000000000000000000000000000000000000000000000000000000000000000000000000000000000000000000000000000000000000000000000000000000000000000000000000000000000000000000000
24462,00000000000000000011100000000000010000000000000000000000000001000000000000000000000000000000000000000000000000000000000000000000000000000000000000000000000000000000000000000000000000000000000000000000000000000000000000000000000000000000000000000000000000000000000000000000000000000000000000000000000000000000000000000000000000000000000000000000000000000000000000000000000000000000000000000000000000000000000000000000000000000000000000000000000000000000000000110000000000000000000000000000000000000000000000000000000000000000000000000000000000000000000000000000000000000000000000000000000000000000000000000000000000000000000000000000000000000000000000000000000000000000000000000000000000000000000000000000000000000000000000000000000000000000000000000000000000000000000000000000000000000000000000000000000000000000000000000000000000000000000000000000000000000000000000000000000000000
24470,00000000000000100011000000000000000000000000000000000000000000000000000000000100000000000000000000000000000000000000000000000000000000000000000000000000000000000000000000000000000000000000000000000000000000000000000000000000000000000000000000000000000000000000000000000000000000000000000000000000000001000000000000000000000000000000000000000000000000000000000000000000000000000000000000000000000000000100000000000000000000010000000000000000000000000000000100000000000000000000000000000000000000000000000000000000000000000000000000000000000000000000000000000000000000000000000000000000000000000000000000000000000000000000000000000000000000000000000000000000000000000000000000000000000000000000000000000000000000000000000000000000000000000000000000000000000000000000000000000000000000000000000000000000000000000000000000000000000000000000000000000000000000000000000000000000000000000
24477,00000000000000000011000000110000011000000000000000000000000000000000000000000000000000000000000000000000000000000000000000000000000000000000000000000000000000000000000000000000000000000000000000000000000000000000000000000000000000000000000000000000000000000000000000000000000000000000000000000000000000000000000000000000000000000000000000000000000000000000000000000000000000000000000000000000000000000000000000000000000000000000000000000000000000000000000000100000000000000000000000000000000000000000000000000000000000000000000000000000000000000000000000000000000000000000000000000000000000000000000000000000000000000000000000000000000000000000000000000000000000000000000000000000000000000000000000000000000000000000000000000000000000000000000000000000000000000000000000000000000000000000000000000000000000000000000000000000000000000000000000000000000000000000000000000000000000000
24497,00000000000000000011100000000000010000000000000000001000000000000000000000000000000000000000000000000000000000000000000000000000000000000000000000000000000000000000000000000000000000000000000000000000000000000000000000000000000000000000000000000000000000000000000000000000000000000000000000000000000000000000000000000000000000000000000000000000000000000000000000000000000000000000000000000000000000000000000000000000000000000000000000000000000000000000000000110000000000000000000000000000000000000000000000000000000000000000000000000000000000000000000000000000000000000000000000000000000000000000000000000000000000000000000000000000000000000000000000000000000000000000000000000000000000000000000000000000000000000000000000000000000000000000000000000000000000000000000000000000000000000000000000000000000000000000000000000000000000000000000000000000000000000000000000000000000000000
24526,00000000000000000000000000000000000001100000000000000000000000000000000000000000000000000000000000000000000000000000000000000000000000000000000000000000000000000000000000000000000000000000000000000000000000000000000000000000000000000000000000000000000000000000000000000000000000000000000000000000000000000000000000000000000000000000000000000000000000000000000000000000000000000000000000000000000000000000000000000000000000000000000000000000000000000000000000000000000000000000000000000000000000000000000000000000000000000000000000000000000000000000000000000000000000000000000000000000000000000000000000000000000000000000000000000000000000000000000000000000000000000000000000000000000000000000000000000000000000000000000000000000000000000000000000000000000000000000000000000000000000000000000000000000000000000000000000000000000000000000000000000000000000000000000000000000000000000
24638,00000000000000000011000000000000010001000000000000000000000000000000000000000000000000000000000000000000000000000000000000000000000000000000000000000000000000000000000000000000000000000000000000000000000000000000000000000000000000000000000000000000000000000000000000000000000000000000000000000000000000000000100000000000000000000000000000000000000000000000000000000000000000000000000000000000000000000000000010000000000000000000000000000000000000000000000000110000000000000000000000000000000000000000000000000000000000000000000000000000000000000000000000000000000000000000000000000000000000000000000000000000000000000000000000000000000000000000000000000000000000000000000000000000000000000000000000000000000000000000000000000000000000000000000000000000000000000000000000000000000000000000000000000000000000000000000000000000000000000000000000000000000000000000000000000000000000000
24667,11110000011110000011100000000000000000000000000000000000000000000000000000000000000000000000000000000000000000000000000000000000000000000000000000000000000000000000000000000000001100000110000000000000000000000000000000000000000000000000000000000000000000010100000000000000000000000001101000000000000000000000100000000000000000000000111000000100100000001001100000000010001100100000011010000000000000000000011000000000100000000000001000100000010000100000000000000000000000100000100000000000001000000010000000000000000010001000100000000000000001100000100010001000000011000010011000100010100001100011000100011010100000000111000000100000001001001100000000010001000010001011100000000111110000001100000011110000000011111000000100000000000000010000000000000000000010000000000000000000000000100000000000000010000000000000000000010000000000000000000000000000000000000000000000000000000000000
24671,11000000011110100011110000110000011000000000000000000000000000000000000000000000000000000000000000000000000000000000000000000000000000000000000110000000000000000000000000000000001111000110000010000000000000000000000000000000000000000000000001100000101100011111010000000000000000000001111000000100000000000000000000000000000000000000110100001100100000011101111000000000001100001100000111110010000010000001000000000010101010000000001110100100011100100100010001110000110000101000000001100000001001010000001000100000000010001001100000111101001100000110010011011000000010000010000011111010110010001001010110010001100001000010000100001000011000001000000000000000110010001100100110000111000110011000100011000000100011101000000000000100000000001000000001000000000100100000000100000000000000000000100000000001000000001000000000100100000000100000000100000000000000000000100000000000000000000
24699,11110000011110000011100000000000000000000000000000000000000000000000000000000000000000000000000000000000000000000000000000000000000000000000000000000000000000000000000000000000000000000000000000000000000000000000000000000000000000000000000000000000000000000000000000000000000000000001101000000000000000000000100000000000000000000000100000010100101000001000000000000010000000100000100000000000000000000000011000000000000010000000000000000000100100000000100000000000000000000000000000000000000000000000000000000000000000000000000000000001000000000000000000000000000000010001000000010010000000000000000000000000000000100100000000000000000001010000000000000000000000110000000000000001100010001100100010100000100000000000000000000000000000000000000000000000000000000000000000000000000000000000000000000000000000000000000000000000000000000000000000000000000000000000000000000000000000000
24705,11100000011100000011000000001100000000000000000000000000000000000000000000000000000000000000000000000000000000000000000000000000000000000000000000000000000000000000000000000000000000000000000000000000000000000000000000000000000000000000000000000000000000000000000000000000000000000001000000010000000000000000000001000000000000000000000000000000000000000000000000000000010000100000000000000000000000000000000000000001000000000000000000000000000000000000000000000000000000000000000000000000000000000000000000000000000000000000000000000000000000000000000000000000000000000000000000000000000000000000000000000000000000000000000000000000000000000000000000000000000000000000000000000000000000000000000000000000000000000000000000000000000000000000000000000000000000000000000000000000000000000000000000000000000000000000000000000000000000000000000000000000000000000000000000000000000000000
24748,11100000011100000011110000000000000000000000000000000000000000000000000000000000000000000000000000000000000000000000000000000000000000000000000000000000000000000000000000000000000000000000000000000000000000000000000000000000000000000000000000000000000000000000000000000000000000000001101000000000000000000000100000000000000000000000100000010100101000001000000000000010000000100000100000000000000000000000001000000000000010000000000000001000100100001000100000000010000000000000000000000000000000000000000000000000000000000000000000000001010000000000000000000000000000010001000000010110000000000000000000000000000000000100000000000000000001010010000000000000000000010000000000000001110010100110110000000100010000000000000000000000000000000000000000000000000000000000000000000000000000000000000000000000000000000000000000000000000000000000000000000000000000000000000000000000000000000
24751,11000000011000000011000000000000000000000000000000000000000000000000000000000000000000000000000000000000000000000001001000100100000000000000000000000000000000000000000000000000000000000000000000000000000000000000000000000000000000000000000000000000000000000000000000000000000000000001101000000000000000000000000000000000000000000000100000010100101000001000000000000010000000100000000000000000000000000000010000000000000000000000000000000000000000000000000000000000000000000000000000000000000000000000000000000000000000000000000000000000000000000000000000000000000000000000000000000000000000000000000000000000000000000000000000000000000000000000000000000000000000000000000000000000000000000000000000000000000000000000000000000000000000000000000000000000000000000000000000000000000000000000000000000000000000000000000000000000000000000000000000000000000000000000000000000000000000000
24823,00000000000000000011000000000000000000000000000000000000000000000000000000000000000000000000000000000000000000000000000000000000000000000000000000000000000000000000000000000000000000000000000000000000000000000000000000000000000000000000000000000000000000000000000000000000000000000000000000000000000000000000010000000000000000000000000000000000000000000000000000000000000000000000000000000000000000000000000000000000000000000000000000000000000000000000000000000000000000000000000000000000000000000000000000000000000000000000000000000000000000000000000000000000000000000000000000000000000000000000000000000000000000000000000000000000000000000000000000000000000000000000000000000000000000000000000000000000000000000000000000000000000000000000000000000000000000000000000000000000000000000000000000000000000000000000000000000000000000000000000000000000000000000000000000000000000000000
24844,10000000000000000011000000000000000001100000000000001000000000000000000000000000000000000000000000000000000000000000000000000000000000000000000000000000000000000000000000000000000000000000000000000000000000000000000000000000000000000000000000000000000000000000000000000000000000000000000000000000000000000000100000000000000000000000000000000000000000000000000000000000000000000000000000000000000000000000000000000000000000000000000000000000000000000000000000000000000000000000000000000000000000000000000000000000000000000000000000000000000000000000000000000000000000000000000000000000000000000000000000000000000000000000000000000000000000000000000000000000000000000000000000000000000000000000000000000000000000000000000000000000000000000000000000000000000000000000000000000000000000000000000000000000000000000000000000000000000000000000000000000000000000000000000000000000000000000
24928,10000000000000000011100000000000010000000000000000001000000000000000000000000000000000000000000000000000000000000000000000000000000000000000000000000000000000000000000000000000000000000000000000000000000000000000000000000000000000000000000000000000000000000000000000000000000000000000000000000000000000000000100000000000000000000000000000000000000000000000000000000000000000000000000000000000000000000000000000000000000000000000000000000000000000000000000000110000000000000000000000000000000000000000000000000000000000000000000000000000000000000000000000000000000000000000000000000000000000000000000000000000000000000000000000000000000000000000000000000000000000000000000000000000000000000000000000000000000000000000000000000000000000000000000000000000000000000000000000000000000000000000000000000000000000000000000000000000000000000000000000000000000000000000000000000000000000000
25100,11110000011111000011110000000000000000000000000000000000000000000000000000000000000000000000000000000000000000000000000000000000000000000000000000000000000000000000000000000000000000000000000000000000000000000000000000000000000000000000000000000000000000000000000000000000000000000001101000000000000000000000100000000000000000000000100000010100101000001000000000000010000000100000100000000000000000000000011000000000000010000000000000000000100100000000100000000000000000000000000000000000000000000000000000000000000000000000000000000001000000000000000000000000000000010001000000010010000000000000000000000000000000100100000000000000000001010000000000000000000000100000000000000001100010001100100010100000100000000000000000000000000000000000000000000000000000000000000000000000000000000000000000000000000000000000000000000000000000000000000000000000000000000000000000000000000000000
25215,11100000011110110010000000000000000001000000000000000000000000000000000000000000000000000000000000000000000000000000000000000000000000000000000000000000000000000000000000000000001100000100000000000000000000000000010000000000000000000000000000000000000000010000000000000000000000000001111000000010000000000000000000000000000000000000110000001010110000011001100000100100001100101100000010000011000000000000000000000000101010000000001100100101011100100101010000000000100000100000000000000000001000010000011100000000000010001000100000000000101010000110011010011000000010000110000010100010110000011001001110010001100101000010000000001000011000001000011000000000110010001100100000000111000100001000000011000000000011100000000000000000010000000010000000000000000000100000000000000000000000000000000010000000010000000000000000000100000000000000000000000000000000000000000000000000000000000
25517,10000000000000100000000000000000000001000000000000000000000000000000000000000000000000000000000000000000000000000000000000000000000000000000000000000000000000000000000000000000000000000000000000000000000000000000000000000000000000000000000000000000000000000000000000000000000000000000000000000000000100000000000000000000000000000000000000000000000000000000000000000000000000000000000000000000000000000000000000000000000000000000000000000000000000000000000000000000000000000000000000000000000000000000000000000000000000000000000000000000000000000000000000000000000000000000000000000000000000000000000000000000000000000000000000000000000000000000000000000000000000000000000000000000000000000000000000000000000000000000000000000000000000000000000000000000000000000000000000000000000000000000000000000000000000000000000000000000000000000000000000000000000000000000000000000000000000000
26042,00000000000000000011000000000000000000000000000000000010000000000000000000000000000000000000000000000000000000000000000000000000000000000000000000000000000000000000000000000000000000000000000000000000000000000000000000000000000000000000000000000000000000000000000000000000000000000000000000000000000000000000000000000000000000000000000000000000000000000000000000000000000000000000000000000000000000000000000000000000000000000000000000000000000000000000000000000000000000000000000000000000000000000000000000000000000000000000000000000000000000000000000000000000000000000000000000000000000000000000000000000000000000000000000000000000000000000000000000000000000000000000000000000000000000000000000000000000000000000000000000000000000000000000000000000000000000000000000000000000000000000000000000000000000000000000000000000000000000000000000000000000000000000000000000000000000000000
26447,11100000011100000010000000000000000000000000000000000000000000000000000000000000000000000000000000000000000000000000000000000000000000000000000000000000000000000000000000000000001100000000000000000000000000000000000000000000000000000000000000000000000000000000000000000000000000000001101000000000000000000000000000000000000000000000110100000100100000001000000000000000000000100000000000000000000000000000000000000000000010000000000010000000000100000000000000000000000000000000000000000000000000000000000000000000000000000000000000000001000000000000000000000000000000000000000000010010000000000000000000000000000000000000000000000000000000000000000000000000000000000000000000000001000010001000100011000000100011101000000000000000000000000000000000000000000000000000000000000000100000000000000000000000000000000000000000000000000000000000000000000000000000000000000000000000000000000
26574,00000010000000000011000000000000000000000000000000000000000000000000000000000000000000000000000000000000000000000000000000000000000000000000000000000000000000000000000000000000000000000000000000000000000000000000000000000000000000000000000000000000000000000000000000000000000010000000000000000000000000000000000000000000000000000000000000000000000000000000000000000000000000000000000000000000000000000000000000000000000000000000000000000000000000000000000000000000000000000000000000000000000000000000000000000000000000000000000000000000000000000000000000000000000000000000000000000000000000000000000000000000000000000000000000000000000000000000000000000000000000000000000000000000000000000000000000000000000000000000000000000000000000000000000000000000000000000000000000000000000000000000000000000000000000000000000000000000000000000000000000000000000000000000000000000000000000000
26924,00000000000000000011110000001100000000000000000000100000000000000000000000000000000000000000000000000000000000000000000000000000000000000000000000000000000000000000000000000000000000000000000000000000000000000000000000000000000000000000000000000000000000000000000000000000000000000000000000000000000000000000100001000000000000000000000000000000000000000000000000000000000000000000000000000000000000000000000000000000000000000000000000000000000000000000000000000000000000000000000000000000000000000000000000000000000000000000000000000000000000000000000000000000000000000000000000000000000000000000000000000000000000000000000000000000000000000000000000000000000000000000000000000000000000000000000000000000000000000000000000000000000000000000000000000000000000000000000000000000000000000000000000000000000000000000000000000000000000000000000000000000000000000000000000000000000000000
27099,00000000000000000000000000000000000000000000000000000000000001000000000000000000000000000000000000000000000000000000000000000000000000000000000000000000000000000000000000000000000000000000000000000000000000000000000000000000000000000000000000000000000000000000000000000000000000000000000000000000000000000000000000000000000000000000000000000000000000000000000000000000000000000000000000000000000000000000000000000000000000000000000000000000000000000000000000000000000000000000000000000000000000000000000000000000000000000000000000000000000000000000000000000000000000000000000000000000000000000000000000000000000000000000000000000000000000000000000000000000000000000000000000000000000000000000000000000000000000000000000000000000000000000000000000000000000000000000000000000000000000000000000000000000000000000000000000000000000000000000000000000000000000000000000000000000000000000
27284,00000000000000000000000000000000000000000000000000000000001000000000000000000000000000000000000000000000000000000000000000000000000000000000000000000000000000000000000000000000000000000000000000000000000000000000000000000000000000000000000000000000000000000000000000000000000000000000000000000000000000000000000000000000000000000000000000000000000000000000000000000000000000000000000000000000000000000000000000000000000000000000000000000000000000000000000000000000000000000000000000000000000000000000000000000000000000000000000000000000000000000000000000000000000000000000000000000000000000000000000000000000000000000000000000000000000000000000000000000000000000000000000000000000000000000000000000000000000000000000000000000000000000000000000000000000000000000000000000000000000000000000000000000000000000000000000000000000000000000000000000000000000000000000000000000000000000000
27447,11100000011110110011100000000000010000000000000000000000000000000000000000000000000000000000000000000000000000000000000000000000010110000000000000000000000000000000000000000000001100000100000000000000000000000000000000000000000100000000000000000000000000010000000000000000000000000001111000000100000100000000100000000000000000000000110000101000110001011101100000000100101100100000100010000011110000000000001000001000100010000000001000100101110100100101100000000000100000100000000000000000011000000000000000010000000010001000100010000001100010000000010011001000000010100110010000111010101000001001010100110001100101000011000000000000011000001001011000000000101110001001100100000111000110001000100010000000100011100000000000000000000000000000000000000000000000000000000000000000000000000000000000000000000000000000000000000000000000000000000000000000000000000000000000000000000000000
27661,11000000011000100011100000000000000000000000000000000000000000000000000000000000000000000000000000000000000000000000000000000000000000000000000100100010010000000000000000000000000000000000000000000000000000000000000000000000000100100000000000000000000000000000000000000000000000000001101000000000000001000000100000000000000000000000100000010100101000001000000000000010000000000000000000000000000000000100011000000000000000010000000000000000000000000000000100000000000000000000000000000000000000000000000000000000000000000000000000000000000000000000000000000000000000010001000000000010000000000000000000000000000000100100000000000000000001010000000000000000000000110000000000000001110000000110000000000100000000000000000000000000000000000000000000000000000000000000000000000000000000000000000000000000000000000000000000000000000000000000000000000000000000000000000000000000000000000
29936,00000000000000000000000000000000000000000000000000000000001000000000000000000000000000000000000000000000000000000000000000000000000000000000000000000000000000000000000000000000000000000000000000000000000000000000000000000000000000000000000000000000000000000000000000000000000000000000000000000000000000000000000000000000000000000000000000000000000000000000000000000000000000000000000000000000000000000000000000000000000000000000000000000000000000000000000000000000000000000000000000000000000000000000000000000000000000000000000000000000000000000000000000000000000000000000000000000000000000000000000000000000000000000000000000000000000000000000000000000000000000000000000000000000000000000000000000000000000000000000000000000000000000000000000000000000000000000000000000000000000000000000000000000000000000000000000000000000000000000000000000000000000000000000000000000000000000000
30165,00000000000000000000000000000000000000000000001000000000000000000000000000000000000000000000000000000000000000000000000000000000000000000000000000000000000000000000000000000000000000000000000000000000000000000000000000000000000000000000000000000000000000000000000000000000000000000000000000000000000000000000000000000000000000000000000000000000000000000000000000000000000000000000000000000000000000000000000000000000000000000000000000000000000000000000000000000000000000000000000000000000000000000000000000000000000000000000000000000000000000000000000000000000000000000000000000000000000000000000000000000000000000000000000000000000000000000000000000000000000000000000000000000000000000000000000000000000000000000000000000000000000000000000000000000000000000000000000000000000000000000000000000000000000000000000000000000000000000000000000000000000000000000000000000000000000000000
30667,11000000011100110010000000000000000001100000000000000000000000000000000000000000000000000000000000000000000000000000000000000000000000000000000100000000000000000000000000000000001100000000000000000000000000000000000000000000000000000000000000000000000000010000000000000000000000000001111000000010000100000000000000000000000000000000100000010110111000011001000000100110001100110000011010000010110000000000010000000000101000000000000000100010011000100010010000000100000000100000100000000001001000000010010101000000000010011000100010000000001111000000101110001000000011100110011000100011100001010011101100011010100101110011100000100000101001001101000000010001100110001010100000000111100000000100000000000000000000000000000000000000000000000000000000000000100000000000100000000000000000000000000000000000000000000000000100000000000100000000000000000000000000000000000000000000000000000
31239,11110000011110100000000000000000000001000000000000000000000000000000000000000000000000000000000000000000000000000000000000000000000000000000000000000000000000000000000000000000001011000000000000000000000000000000000000000000000000000000000000000000000000011000000000000000000000000001110000000000000000000000000000000000000000000000100000000000110000010001001000000100001111101000000010010011000011000001000000000000101000000000000000110000011001110100010000000000100000101000000000100000001100010000001000100000000010001101100000100000001110000110010010011000000010000010000011100010110000001001000110010001100001000010000000001000011000001000000000000000110010001100100000000111000100001000000010000000000000000000000000000000000000000000000000000000000000000000000000000000000000000000000000000000000000000000000000000000000000000000000000000000000000000000000000000000000000000
31296,00000000000000000000000000000000000001000001100000000000000000000000000000000000000000000000000000000000000000000000000000000000000000000000000000000000000000000000000000000000000000000000000000000000000000000000000000000000000000000000000000000000000000000000000000000000000000000001000000000010010000000000000000000000000000000100000000000000000000000000000001000000000000000000000000000000000000000000000000000000000000000000000000000000000000000000000000000000000000000000000000000000000000000000000000000000000000000000000000000000000000000000000000000000000000000000000000000000000000000000000000000000000000000000000000000000000000000000000000000000000000000000000000000000000000000000000000000000000000000000000000000000000000000000000000000000000000000000000000000000000000000000000000000000000000000000000000000000000000000000000000000000000000000000000000000000000000000
31348,10000000011000000011100000000000000000000000000000000000000000000000000000000000000000000000000000000000000000000000000000000000000000000000000000000000000000000000000000000000000000000000000000000000000000000000000000000000000000000000000000000000000000000000000000000000000000000001101000000000000000000000100000000000000000000000110001000100100000001000000000000000000000000000100000000000000000000000001000000000000010000000000000000000100100000000100000000010000000000000000000000000000000000000000000000000000000000000000000000001010000000000000000000000000000010000000000010110000000000000000000000000000000000100000000000000000001010010000000000000000000010000000000000000110010110010011000000000000010100000000000000000000000000000000000000000000000000000000000000000000000000000000000000000000000000000000000000000000000000000000000000000000000000000000000000000000000000
31404,11100000011100000010000000000000000000000000000000000000000000000000000000000000000000000000000000000000000000000000000000000000000000000000000000000000000000000000000000000000001100000000000000000000000000000000000000000000000000000000000000000000000000010000000000000000000000000001101000000000000000000000100000000000000000000000111000000100100000001001100000000000001100100000011010000000000000000000001000000000100000000000001000100000010000100000000000000000000000100000000000000000001000000010000000000000000000001000100000000000000001000000100010001000000010000010011000100010100000100001000100010010100000000111000000000000001001001100000000010001000010001001100000000111100000001100000011100000000011111010000000000000000000100000000000000000000010000000000000000000010000000000000000000100000000000000000000010000000000000000000000000000000000000000000000000000000000000
31703,11100000011110100011110000000000000000000000000000000000000000000000000000000000000000000000000000000000000000000000000000000000000000000000000000000000000000000000000000000000001101000110000011000001100000100000000000000000000000000000000000000000110000010100000000000000000000000001111000000000000100000000100000000000000000000000110001111100111100011001100000000111001100100000111010000000010000000000011000000000100010000000001010100000010100100000000000000010000000100000100000000000001001000010000000000000000010001000100010000001010001100000100011001000000111110011011100110110100001101011010100011010101000100111000101100000001001111111000000010001000011111011100110000111110010111110110011111100110011101100000100000000000000110000000000000000000110000000000000000000110000100000000000000110000100000000000000110000000000000000000000000000000000000000000000000000000000000
33258,11000000011110110011110000110000011000000000000000000000000000000000000000000000000000000000000000000000000000000000000000000000000000000000000000000000000000000000000000000000001100000110000011000000000000000000000000000000000000000000000000000000110000010101010000000000000000000001111000000100000010000000100000000000000000000000110000001100100000011101100000000010001100101100011111000000000000000000011000000010100000100000001000100100010000100100000001110000110000100000100001000000001000000010001000000000000010001000100000011000000001110110110010001000000011100010011000100010100101101011000110011011100000010111000000100000011001001100000000010001000010001111100000000111100100001100000010110000000011101011000000000100000000011100010000000000000101100001000000000000011000000000100000000011100010000000000000101100001000000000000000000000000000000000000000000000000000000
33613,11100000011110110011100000000000010000000000000000000000000000000000000000000000000000000000000000000000000000000000000000000000010110000000000101100000000000000000000000000000001100000000000000000000000000000000010110000000000000000000000000000000000000010000000000000000000000000001111000000100000100000000100000000000000000000000110000101100110001011101100000000100101100100000111010000011110000000000001000001000100010000000001000100001110100100001100000000000100000100000000000000000011000000010000000010000000010001000100010000001100011100000110010001000000010100110011000111010101000101001010100110011100101000111000000000000011001001101011000010001101110001001100000000111100110001101100010000001100011100010000000000000000000000000000000000000000000000000000000000000010000000000000000000000000000000000000000000000000000000000000000000000000000000000000000000000000000000
34312,11000000011100110011000000000000000000000000000000000000000000000000000000000000000000000000000000000000000000000000000000000000000000000000000000000000000000000000000000000000001100000110000000000000000000000000010110000000000000000000000000000000000000010100000000000000000000000001111000000000000100000000000000000000000000000000110000001100100000011001100000000000001100011100000010000011010000000000000000000000100010000000001010100100010100100101000000000000100000100000000000000000001001010000001000000000000010001000100000000001000000000110010011001000100010000010000001111010110000001001010110010001100001000010000110001000011000001000010000000010110010001100100111100111000111001000100011000000100011100000000000000000000000000000000000000000000000100000000000000000000000000000000000000000000000000000000000000100000000000000000000000000000000000000000000000000000000000
34359,11000000011100110011100000000000000000000000000000000000000000000000000000000000000000000000000000000000000000000000000000000000000000000000000000000000000000000000000000000000001100000000000000000000000000000000000000000000000000000000000000000000000000010000000000000000000000000001111000000000000110000000100000000000000000000000110010001100100000011001100000000000001100100000111010000000011000100000001000000000100010000000001000100000110100100000100000000000000000100000000000000000001000000010000000000010000110001010100000000001100001101000100010001000000010110010011000110010100000101001000100010011100000000111000000000001001001001101000000010001000010011001100000000111100110001101100011110001100011100010000000000000000000010000000000000000000000000100000000000000010000000000000000000010000000000000000000000000100000000000000000000000000000000000000000000000000000000
35370,11000000011100111011100000000000000000000000000000000000000000000000000000000000000000000000000000000000000000000000000000000000000000000000000100100000000000000000000000000000001000000000000000000000000000000000000000000000000000000000000000000000000000000000000000000000000000000001111000000000000110000000100000000000000000000000110000111100111000011000000000000110000000110000000000000011110000000000011000000000100010100000001000000001010101100101000000000000100000000000000000000000000000000000000000000000000000000000000000000001000010000000000001000000100000110001000000000010000000001100000100000000000011110100000000000000000011100000011100100010000000110000000011000000101100000011000000000010000000000000000000000000000000000000000000000000000000000000000000000000000000000000000000000000000000000000000000000000000000000000000000000000000000000000000000000000000000000
40632,11000000011100100010000000000000000000000000000000000000000000000000000000000000000000000000000000000000000000000000000000000000000000000000000000000000000000000000000000000000001100000100000000000000000000000000000000000000000000000000000000000000000000010000000000000000000000000001111000000000000000000000000000000000000000000000110000001000110000011001000000000100001100101100000010000011000000000000000000000000100010000000001000100101010101100101000000000000100000100000000000000000001000010000001000000000000010001000100000000000000010000110010011001000000010000010000000100010110000001001000110010001100001000010000000001000011000001000011000000000110010001100100110000111000100000000000000000000000000000000000000000000000000000000000000000000000000000000000000000000000000000000000000000000000000000000000000000000000000000000000000000000000000000000000000000000000000000
41684,11000000011100110011100000000000010000000000000000000000000000000000000000000000000000000000000000000000000000000000000000000000000000000000000101100000000000000000000000000000001100000000000000000000000000000000000000000000000000000000000000000000000000011100000000000000000000000001111000000100000101000000000000000000000000000000110000000100110000011101101000000100001111111001111110010010110110000101010000001000101011010000001000110001111101110111111100000000100000101111100010101001011101010011101000111001011010011100100000001101000011100011110011001010100011000110011000110110100001001011110100011011100101100011101101101000111011101110000110010011000010001010100110100111100110001100100000100000100011100000000000000000000000000000000000000000000010000000000000000000000000000000000000000000000000000000000000010000000000000000000000000000000000000000000000000000000000000
41693,11100000011110110011000000000000010000000000000000000000000000000000000000000000000000000000000000000000000000000000000000000000000000000000000100100000000000000000000000000000001111000100000000000000000000000000000000000000000000000000000000000000000000011100000000000000000000000001111000000100000000000000000000000000000000000000110010001000111001011101000000000110101100101100000110000011000000000000010000001000100011000000000000100101010100100101000000000000100000110000000010000000001000010000101000010000010010001000100000011001000010000110010010001000000010100010000000100010111000001101000110010001100001010010000000001000011001001000010000000000111110001100100000000111001100000000000000000000000010100000000000000000000000000000000000000000000000000000000000000000000000000000000000000000000000000000000000000000000000000000000000000000000000000000000000000000000000000
41774,11110000011110100011111000000000000000000000000000000000000000000000000000000000000000000000000000000000000000000000000000000000000000000000000000000000000000000000000000000000001001000100100010010001000000000000000000000000000000000000000000000000000000000000000000000000000000000001111000000000000100000000100000000000000000000000110000111100111100011000000000000111000000100000100000000010110000000000011000000000100000000000001000100000010000100000000000000000100000000000000000000000001000000000000000000000000000000000100010000000000010000000000000001000000100110001010000000010000000001000000100000000001001110101000000000000000001111101000000000000100111110001000000000011111100001110000000101100000000000000000000000000000000000000000000000000000000000000000000000000000000000000000000000000000000000000000000000000000000000000000000000000000000000000000000000000000000000
44093,11000000011100100011000000000000010000000000000000000000000000000000000000000000000000000000000000000000000000000000000000000000000000000000000101100000000000000000000000000000000000000000000000000000000000000000000000000000000000000000000000000000000000000000000000000000000000000001111000000100000000000000100000000000000000000000110100101000110001011100000000000100100000100000100000000011000000000000001000000100000010000000000000000001100100000001100000000000000000000000000000000000000000000000000000000000000000000000000000000001100010000000000000000000000000100000000000010010000000001000000000100000000001000100000000000000000001000000011000000000100100000000000000000000100110000001000100000010000000000000000000000000000000000000000000000000000000000000000000000000000000000000000000000000000000000000000000000000000000000000000000000000000000000000000000000000000000000
47576,11100000011110111011100000000000000001100000000000000000000000000000000000000000000000000000000000000000000000000000000000000000000000000000000101100010010000000000000000000000001111000110000010000000000000000000000000000000000000000000000000000000000000011101000000000000000000000001111000000010000000000000000000000000000000000000110000011110111000011001101000100110001111111101111010010111000011000001010000000000101010000000001000110101011101110111010000000000100000101000100000101101001100010011011110100000000010011100100000000000000111100111111010001000100111110110111000100010110001011011101110011011101101110011100000101000111011011100011000010011110111101110100000100111101100001100000010100000000011100000010001000000000000000000000000000000100000010000000000000000000010001000000000000000000000000000000100000010000000000000000000000000000000000000000000000000000000000
47932,11000000011100110011000000000000000001100000000000000000000000000000000000000000000000000000000000000000000000000000000000000000000000000000000000000000000000000000000000000000001100000000000000000000000000000000000000000000000000000000000000000000000000010000000000000000000000000001111000000000000100000000100000000000000000000000100000001100101000011001000000000010001100001100011010000000010000000000011000000000100000000000000000100100010000100100000000000000100000100000100000000000001000000010001000000000000010001000100000000000000001110110110010001000000011110011011000100010100001001111000111011011100000110011100000100000111001001101000000010001000010111110100000000111101100000100000000000000000000000000000001000000000000000000000000000100000000000001000000000000000000001000000000000000000000000000100000000000001000000000000000000000000000000000000000000000000000000
51039,11000000011100110011100000000000010001000000000000000000000000000000000000000000000000000000000000000000000000000000000000000000010110000000000000000000000000000000000000000000001100000100000000000000000000000000000000000000000100000000000000000000000000010000000000000000000000000001111000000110000100000000100000000000000000000000110000101010110001011101100000000100101100000000100010000011110000000000001000001000100010000000001000100101110100100101100000000000100000100000000000000000011000000000000000010000000010001000100010000001100010000000010011001000000010100110010000111010101000001001010100110001100101000011000000000000011000001001011000000000101110001001100100000111000110001000100010000000100011100000000000000000000000000000000000000000000000000000000000000000000000000000000000000000000000000000000000000000000000000000000000000000000000000000000000000000000000000
51081,11100000011110110011000100000000000000000000000000000000000000000000000000000000000000000000000000000000000000000000000000000000000000000000000000000000000000000000000000000000001111000100000010000000000000000000000000000000000000000000000000000000100000010000000000000000000000000001111100000000000000000000100000000000000000000000110000001100110000011001100000001100001100101100100010000011000000000000001000000000100010000000001010100100110101100100100000000000100000100000000000000000001001010000001000000000000000001000100000000001000010000110010011001000000010000110010000111110110010001101010011010001100101000110000110001000011001001010000000000000110010001101100111000111100110001101100110100011100111100000100000000000000000000000000000000100000000100000000000000000000100000000000000000000000000000000100000000100000000000000000000000000000000000000000000000000000000000
51634,11100000011100100011100000000000000000000000000000000000000000000000000000000000000000000000000000000000000000000000000000000000000000000000000000000000000000000000000000000000001011000000000000000000000000000000000000000000000000000000000000000000000000000000000000000000000000000001111000000000000000000000100000000000000000000000100000111100111000011000000000000110000000100000000000000011000000000000001000000000000000000000000000000000000000000000000000000000000000000000000000000000000000000000000000000000000000000000000000000000000010000000000000000000000000110001000000000010000000001000000000000000000001000100000000000000000001110000000000000000100100010000000000000001111100000110000000000100000000000000000000000000000000000000000000000000000000000000000000000000000000000000000000000000000000000000000000000000000000000000000000000000000000000000000000000000000000000
54840,11100000011110100010000000000000000001000000000000000000000000000000000000000000000000000000000000000000000000000000000000000000000000000000000000000000000000000000000000000000001100000110000000000000000000000000000000000000000000000000000000000000000000010100000000000000000000000001111000000000000100000000000000000000000000000000110000010100111000011001100000000110001100100000011010000010110000000000010000000000100000000000001000100000010000100000000000000000000000100000100000000000001000000010000000000000000010001000100010000000000011100000100010001000000011000010011000100010100001001011000100011010100001100011100000100000101001101101000000010001000010001010100000000111100100001100000010100000000011100000000000000000000000000000000000000000000010000000000000000000000000000000000000000000000000000000000000010000000000000000000000000000000000000000000000000000000000000
54891,11100000011110110011100000000000000001000000000000000000000000000000000000000000000000000000000000000000000000000000000000000000000000000000000000000000000000000000000000000000001111000110000010000000000000000000000000000000000000000000000000000000101100010100000000000000000000000001111000000000000100000000100000000000000000000000110000101000111000011001100000000110001100100000100010000011110000000000011000000000100010000000001000100001110100100001100000000000100000100000000000000000001000000000000000000000000010001000100010000001100010000000010010001000000010100110000000110010100000001001000100110001100101110110000000001000011001001001011000000000100110001000100000000111100110001100100010110000100011101000000000000000000000000000000000000000000100000000000000000000000000000000000000000000000000000000000000100000000000000000000000000000000000000000000000000000000000000
54892,11100000011110110011100000000000000000000000000000000000000000000000000000000000000000000000000000000000000000000000000000000000000000000000000000000000000000000000000000000000001111000110000010000000000000000000000000000000000000000000000000000000101100010100000000000000000000000001111000000000000100000000100000000000000000000000110000101000111000011001100000000110001100100000100010000011110000000000011000000000100010000000001000100001110100100001100000000000100000100000000000000000001000000000000000000000000010001000100010000001100010000000010010001000000010100110000000110010100000001001000100110001100101110110000000001000011001001001011000000000100110001000100000000111100110001100100010110000100011101000000000000000000000000000000000000000000100000000000000000000000000000000000000000000000000000000000000100000000000000000000000000000000000000000000000000000000000000
54900,11100000011110100011100000000000010001000000000000000000000000000000000000000000000000000000000000000000000000000000000000000000000000000000000100100000000000000000000000000000001111000110000011000001000000000000000000000000000000000000000001001000000000011111010000000000000000000001111000000100000000000000100000000000000000000000110000000100111000011101100000000110001100000000011111000011000000000000011000001000100011000000001010100000010100100000000000000000000000110000100010000000001001000010100000010000010010001000100000011001000011100000100011001000000011100010011000110010101001101011010100011010100001110111100100100000101001001100000000010001101110001011100110000111100110001100110011110000110011101010000000000000000000000000010000000000000001000000000000000000010000000000000000000000000010000000000000001000000000000000000000000000000000000000000000000000000000000
55245,11110000011110100011000000000000000000000000000000000000000000000000000000000000000000000000000000000000000000000000000000000000000000000000000110000000000000000000000000000000001100000110000010000001000000000000000000000000000000000000000001100000100000010000000000000000000000000001111000000000000000000000100000000000000000000000111101001100100000011001100000000100001100101100000010000011000000000000001000000000110010000001001010100100010100100100000000001000100000100000000000000000001000010000001000000000000010001000100000000001000010000110010011001000000010000010000000110010110000001001000110010001100001000110000000001000011001001000000000000000010010001100100100000111100110001100100011110000100011111000100000000000000000000000000000000000000000000000000000000000100100000000000000000100000000000000000000100000000000000000000110000000000000000000110000000000000000000
55891,11110000011110100011100000000010000000000000000000000000000000000000000000000000000000000000000000000000000000000000000000000000000000000000000101100000000000000000000000000000001100000110000000000000000000000000000000000000000000000000000000000000000000010000000000000000000000000001111000001000000000000000100000100000000000000000110100101000111110011001100000000111001100100000100010000011000000000000011100110000100010000100001000100001110100100001100010000000000000100000000000000000001000000000000000000000000010001000100000000001100010000000000010001000000110100010000000110010100000001001000100110000100001100110000000000000001001001000011000000000100111001000100000000111100110001101100111110010100011101000000000000000000000000000000000000000000000000000000000000000000000000000000000000000000000000000000000000000000000000000000000000000000000000000000000000000000000000
56959,11110000011110110011100000000000000000000000000000000000000000000000000000000000000000000000000000000000000000000000000000000000000000000000000000000000000000000000000000000000001111000110000010000000000000000000000000000000000000000000000000000000000000010100000000000000000000000001111000000000000100000000100000000000000000000000110000011100111000011001100000000110001100101100011010000011110000000000011000000000100010000000001000100101010100100101000000000000100000100000100000000000001000010010000000000000000010001000100000000000100011101100110010001000000011110111011000100010110001001011000110111011100101100011100000101010111001101101010000010001110110111110100000000111100100001100000001000000000011100000000000000000000000100000000000000000000000100100000000000000000000000000000000000100000000000000000000000100100000000000000000000000000000000000000000000000000000000
59248,11100000011110110011000000000000000001000000000000000000000000000000000000000000000000000000000000000000000000000000000000000000000000000000000000000000000000000000000000000000001100000000000000000000000000000000000000000000000000000000000000000000000000010000000000000000000000000001111000000000000100000000000000000000000000000000110000001000110000011001100000000100001100101100000010000011110000000000000000000000100010000000001000100101010100100101000000000000100000100000000000000000001000010000000000000000000010001000100010000000100010000100010010001000000010000110000000100010110000001001000110110001100101000010000000001000011000001001011000000000110010001100100000000111000100001000000001000000000011100000000000000000000000100000000000000000000000100000000000000000000000000000000000000100000000000000000000000100000000000000000000000000000000000000000000000000000000000
59768,11100000011110100011100000000000000000000000000000000000000000000000000000000000000000000000000000000000000000000000000000000000000000000000000000000000000000000000000000000000001100000000000000000000000000000000000000000000000000000000000000000000000000010000000000000000000000000001111000000000000100000000100000000000000000000000110000111100111000011001100000000110001100100000111010000010110000000000011000000000100010000000001000100000110100100000100000000000000000100000100000000000001000000010000000000000000010001000100010000001000011100000100010001000000011110011011000110010100001000011000100011010100001100011100000100000101001101101000000010001100110111010100000000111100010001100100010100000100011100010000000000000000000000000000000000000000000000000000000000000010000000000000000000000000000000000000000000000000000000000000000000000000000000000000000000000000000000
59772,11100000011110110011100000000000010000000000000000000000000000000000000000000000000000000000000000000000000000000000000000000000000000000000000101100000000000000000000000000000001100000000000000000000000000000000000000000000000000000000000001011000000000011111000000000000000000000001111000000100000100000100100000000000000000000000110000001000110001011101111000000100101111101100100011110011110010011001001000000010101010000000001100110100111101110100110001110000110000101000000000100000001100010000001000100000000010001101100110100001001110000110010010011000000010000010000011110010110000001001000110010001100001000110000000001000011001001001000000000000110010001100100000000111010100111000000011000000000011101000100000000000000000100000000000000000000000100000000000000000000100000000000000000100000000000000000000000100000000000000000000000000000000000000000000000000000000000
60560,11100000011110110011000000000000010001000000000000000000000000000000000000000000000000000000000000000000000000000000000000000000000000000000000101100000000000000000000000000000001111000100000000000000000000000000000000000000000000000000000000000000000000011100000000000000000000000001111000000100000100000000000000000000000000000000110000001100111001011101111000000110101111101000011010010010110010000001010000001000101010000000001100110101011101110101010000000000100000101000100000100000011100010010001000110000000010001101100000100001001111100110110010011000000011000010011011110010111001001011000110011011100001100011100000101000111001101101010000110001110010001110100000000111100110001100100011100000100011100010000000000000000000000000000000000000000000000000000000000000010000000000000000000000000000000000000000000000000000000000000000000000000000000000000000000000000000000
60606,11100000011110100011000000000000010001000000000000000000000000000000000000000000000000000000000000000000000000000000000000000000000000000000000100100000000000000000000000000000001111000100000000000000000000000000000000000000000000000000000001011000000000011100000000000000000000000001111000000110000000000000000000000000000000000000110000101010110001011101100000100110101100100000100110000011000000000000010000001000100011000000001000100000110100100000100000000000100000110000000010000000001000000000110100010000010010001000100000011001100010000000011010001000000010100010000000110010101000011001011100110001100001010010000000001000011001001100000000000001101110001000100000000111100110001100100010100000100011100000000000000000000000000000000000000000000000010000000000000000000000000000000000000000000000000000000000000010000000000000000000000000000000000000000000000000000000000
60795,11100000011110110011000000000000000001100000000000000000000000000000000000000000000000000000000000000000000000000000000000000000000000000000000000000000000000000000000000000000001111000111100010000001000000000000000000000000000000000000000000000000101100010100000000000000000000000001111000000010000100000000000000000000000000000000110000001110111000011001100000100110001100001100011010000011110000000000010000000000100010000000001000100101010100100101000000000000100000100000100000000000001000010010011100000000000010001000101001000001000011100110111010001000000011000110011000110010110001011011001110011011110101100011100000101000111001101101010000011001110010001110100000000111101110001101100110100011100111100010000000000000000000000000001000000010000000100000000000010100010000000000000000000000000001000000010000000100000000000010100000000000000000000000000000000000000000000
60822,11110000011111111011110110000000000000000000000000001000000000000000000000000000000000000000000000000000000000000000000000000000000000000000000101100010110000000000000000000000001100000110000011000001100000110000000000000000000000000000000000000000000000011111010000000000000000000001111100000000000100000000100000000000000000000000110100011100111000011001111000001110001100101100100010010011110011000001001000000000101010000000001100100101111100100101110000000000100000101000000000100000001001010000001000100000000010001101100000100001001110000110010011011000000010000011000011111110110000001101010110010001100001000110000110001000011001111011010000000000110010001100100101000111100111001111110011100110110011101000000000000000000000000000000000000000000000000000000000000000000000000000000000000000000000000000000000000000000000000000000000000000000000000000000000000000000000000
60825,11000000011100110011000000000000010000000000000000000000000000000000000000000000000000000000000000000000000000000000000000000000000000000000000100100000000000000000000000000000001000000000000000000000000000000000000000000000000000000000000000000000000000000000000000000000000000000001111000000100000100000000100000000000000000000000100000000000111001011100000000000110100000010000000000000011010000000000011000001000101010000000000000100010011001100111010000000000100000000000000000000001000000000000001000010000000010000000000000000000000110000000000000010000100000010001000000000000000000000000000000000000000010100000000000000000000000000001011000000010001000110000000000000000000000000000000000000000000000000000000000000000000000000000000000000000000000000000000000000000000000000000000000000000000000000000000000000000000000000000000000000000000000000000000000000000000000000
60834,11100000011110100010000000000000010001000000000000000000000000000000000000000000000000000000000000000000000000000000000000000000000000000000000100100000000000000000000000000000001100000110000000000000000000000000000000000000000000000000000000000000110000011101010000000000000000000001111000000100000100000000000000000000000000000000110000010100111001011101100000000110101100100000011111000010110000000000010000001000100001000000001000100000010000100000000000000000000000110000100010000000001000000010100000010000010010001000100010011000000011100000100010001000000011000010011000100010101001001011000100011010100001100011100000100000101001101101000000010001001010001010100000000111100100001100000010110000000011101000000000000000000000010000000000000000000110000000000000000000000000000000000000000010000000000000000000110000000000000000000000000000000000000000000000000000000000000
60846,11100000011110111011000000000000000000000000000000000000000000000000000000000000000000000000000000000000000000000000000000000000000000000000000101100000000000000000000000000000001100000110000000000000000000000000000000000000000000000000000000000000000000011101000000000000000000000001111000000000000110000000100000000000000000000000110100101000110000011001101100000100001100110001100010000111000000100000001000000000101010100000001000100011111100100011100000000000100000100000000000000010001000000000000000000000000111001010100000100001101010000000010010011000000010100010000010110010100000001001000100110001100001000110000000001000011001001000011000000000100110001000100000000111000110001000000011000000000011101100000000000000000000000000000000000000000100000000000000000000100000000000000000000000000000000000000000100000000000000000000000000000000000000000000000000000000000000
60871,11110000011110111011110000000010000000000000000000000000000000000000000000000000000000000000000000000000000000000000000000000000000000000000000101100000000000000000000000000000001011000000000000000000000000000000000000000000000000000000000001011000000000011111100000000000000000000001111000001000000100000000000000100000000000000000111000001000111000011001011100000111000001111111100010111111010011000001010100010000101010000100000100000110111100010110110010000000100000001000000000101101000100010001000010100000000000010101000000100001001010000101010000010000100100100100100000000000010000000100100001000000000101010000010000001000000010000000000000000010110101000000000000100000000000000000000000000000000000000000000000000000000000000000000000000000000000000000000000000000000000000000000000000000000000000000000000000000000000000000000000000000000000000000000000000000000000000
60877,11000000011100110011000100000000010000000000000000000000000000000000000000000000000000000000000000000000000000000000000000000000000000000000000100100000000000000000000000000000001000000000000000000000000000000000000000000000000000000000000000000000000000000000000000000000000000000001111100000100000100000000100000000000000000000000100000000000111001011100000000000110100000010000000000000011010000000000011000001000101010000000000000000010011001100111010000000000100000000000000000000001000000000000000000010000000000000000000000000000000010000000000000010000100000010001000000000000000000000000000000000000000010100000000000000000000000000000011000000010001000110000000000000000000000000000000000000000000000000000000000000000000000000000000000000000000000000000000000000000000000000000000000000000000000000000000000000000000000000000000000000000000000000000000000000000000000000
61560,00000000000000000011100000000000000000000000000000000000001000000000000000000000000000000000000000000000000000000000000000000000000000000000000000000000000000000000000000000000000000000000000000000000000000000000000000000000000000000000000000000000000000000000000000000000000000000000000000000000000000000000100000000000000000000000000000000000000000000000000000000000000000000000000000000000000000000000000000000000000000000000000000000000000000000000000000000000000000000000000000000000000000000000000000000000000000000000000000000000000000000000000000000000000000000000000000000000000000000000000000000000000000000000000000000000000000000000000000000000000000000000000000000000000000000000000000000000000000000000000000000000000000000000000000000000000000000000000000000000000000000000000000000000000000000000000000000000000000000000000000000000000000000000000000000000000000000
61817,11000000011110110011100000000000011000000000000000010000000000000000000000000000000000000000000000000000000000000000000000000000000000000000000000000000000000000000000000000000001100000110000011000000000000000000000000000000000000000000000000000000110000010101010000000000000000000001111000000100000010000000000000000000000000000000110000001100100000011101100000000000001100001100011111000000000000000000000000000010100000100000001000100100010000100100000001110000110000100000000001000000001000000010001000000000000010001000100000011000000001110110110010001000000010100010011000100010100000001001000110010011100000000011000000000000011001001100000000010001000010001100100000000111100100001100000010110000000011101011000000000100000000011100000000000000000100100001000000000000011000000000100000000011100000000000000000100100001000000000000000000000000000000000000000000000000000000
62238,11110000011111000011000000000000000000000000000000000000000000000000000000000000000000000000000000000000000000000000000000000000000000000000000000000000000000000000000000000000000000000000000000000000000000000000000000000000000000000000000000000000000000000000000000000000000000000001101000000000000000000000100000000000000000000000100000000000101000001000000000000010000000100000000000000000000000000000001000000000000000000000000000000000000000000000000000000000000000000000000000000000000000000000000000000000000000000000000000000000000000000000000000000000000000000001000000000010000000000000000000000000000000000100000000000000000001000000000000000000000000000000000000000001100000001100000010100000000000000000000000000000000000000000000000000000000000000000000000000000000000000000000000000000000000000000000000000000000000000000000000000000000000000000000000000000000000000
62344,11100000011110110000000000000000000000000000000000000000000000000000000000000000000000000000000000000000000000000000000000000000000000000000000000000000000000000000000000000000001111000110000010000000000000000000000000000000000000000000000000000000101100011111110000000000000000000001110000000000000000000000000000000000000000000000110000001000100000010001111000000100001100101100000011110011000010000001000000000000101000000000001100100100011000100100010000000000100000101000000000100000001000010000001000100000000010001001100000100000001110000110010010011000000010000010000011100010110000001101000111010001100001000010010000001000011000001000000000000000110010001100100000000111000100001000000011000000000011100000100000000000000000000000000000000100000000100000000000000000000100000000000000000000000000000000100000000100000000000000000000000000000000000000000000000000000000000
62551,11100000011100000011100000000000000000000000000000000000000000000000000000000000000000000000000000000000000000000000000000000000000000000000000000000000000000000000000000000000000000000000000000000000000000000000000000000000000000000000000000000000000000000000000000000000000000000001101000000000000000000000100000000000000000000000000000000000101000001000000000000010000000000000000000000000000000000000011000000000000000000000000000000000000000000000000000000000000000000000000000000000000000000000000000000000000000000000000000000000000000000000000000000000000000010001000000000000000000000000000000000000000000100000000000000000000000000000000000000000000000110000000000000000000000000000000000000000000000000000000000000000000000000000000000000000000000000000000000000000000000000000000000000000000000000000000000000000000000000000000000000000000000000000000000000000000000000
62698,11110000011110000011111000000000000000000000000000000000000000000000000000000000000000000000000000000000000000000000000000000000000000000000000000000000000000000000000000000000001001000100100010010000000000000000000000000000000000000000000000000000000000000000000000000000000000000001101000000000000000000000100000000000000000000000100000010100101100001000000000000011000000000000100000000000000000000000011000000000000000000000000000000000000000000000000000000000000000000000000000000000000000000000000000000000000000000000000000000000000000000000000000000000000100010001000000000010000000000000000000000000001000100100000000000000000001010000000000000000000001110000000000000001110000000110000000001100000000000000000000000000000000000000000000000000000000000000000000000000000000000000000000000000000000000000000000000000000000000000000000000000000000000000000000000000000000000
62882,11100000011110100011000000000000000001000000000000000000000000000000000000000000000000000000000000000000000000000000000000000000000000000000000000000000000000000000000000000000001100000110000000000000000000000000000000000000000000000000000000000000110000010101000000000000000000000001111000000000000100000000100000000000000000000000110000111100111000011001100000000110001100100000011011000010110000000000011000000000100000000000001000100000010000100000000000000000000000100000100000000000001000000010000000000000000010001000100010000000000011100000100010001000000011110011011000100010100001000011000100011010100001100011100000100000101001101101000000010001100110111010100000000111100000001100000010110000000011101000000000000000000000010000000000000000000110000000000000000000000000000000000000000010000000000000000000110000000000000000000000000000000000000000000000000000000000000
62923,11100000011110100011000000000000000001000000000000000000000000000000000000000000000000000000000000000000000000000000000000000000000000000000000000000000000000000000000000000000001100000110000000000000000000000000000000000000000000000000000000000000000000010000000000000000000000000001111000000000000000000000100000000000000000000000110101000100110000011001100000000110001100100000011010000011000000000000011000000000100000000000001000100000010000100000000000000000000000100000100000000000001000000010000000000000000010001000100000000000000011100000100010001000000011000010011000100010100001001011000100011011100001000111000000100000001001101100000000010001000010001010100000000111100100001100000011110000000011101010000000000000000000000000000000000000000000000000000000000000010000000000000000000000000000000000000000000000000000000000000000000000000000000000000000000000000000000
62937,11110000011111110011110000000000000000000000000000000000000000000000000000000000000000000000000000000000000000000000000000000000000000000000000000000000000000000000000000000000001100000110000000000000000000000000000000000000000000000000000000000000000000010100000000000000000000000001111000000000000100000000100000000000000000000000110000111100111000011001100000000110001100100000111010000010110000000000011000000000100010000000001000100000110100100000100000000000000000100000100000000000001000000010000000000000000010001000100010000001000011100000100010001000000011110011011000110010100001000011000100011010100001100111100000100000101001101101000000010001100110111010100000000111110000111100000010100000000011100010000000000000000000000000000000000000000000000000000000000000010000000000000000000000000000000000000000000000000000000000000000000000000000000000000000000000000000000
62969,11110000011110110011100000000000000001000000000000000000000000000000000000000000000000000000000000000000000000000000000000000000000000000000000000000000000000000000000000000000001100000110000000000000000000000000000000000000000000000000000000000000000000010100000000000000000000000001111000000000000000000000000000000000000000000000111100000100110000011001100000000110001100100000011010000011000000000000010000000000100100000000011000100000010000100000000000000000000000100000100000000000001000000010000000000000000010001000100000000000000011101000100010001000000011011010011000100010100001001011000100011011100001000011000000100010001001001100000000010001100010101010100000001111100100001101000011110010000011111010000000000000000000010000000000000000000000000100000000000000010000000000000000000010000000000000000000000000100000000000000000000000000000000000000000000000000000000
63013,11100000011110100011000000000000000001000000000000000000000000000000000000000000000000000000000000000000000000000000000000000000000000000000000000000000000000000000000000000000001100000110000000000000000000000000000000000000000000000000000000000000000000010000000000000000000000000001111000000000000000000000100000000000000000000000110101000100110000011001100000000110001100100000011010000011000000000000011000000000100000000000001000100000010000100000000000000000000000100000100000000000001000000010000000000000000010001000100000000000000011100000100010001000000011000010011000100010100001001011000100011010100001000111000000100000001001101100000000010001000010001011100000000111110100001100000011110000000011101000000000000000000000010000000000000000000000000000000000000000000000000000000000000010000000000000000000110000000000000000000000000000000000000000000000000000000000000
64139,11000000011100100011000110000000000001000000000000000000000000000000000000000000000000000000000000000000000000000001100000000000000000000000000000000000000000000000000000000000001111000100000000000000000000000000000000000000000000000000000000000000101100010000000000000000000000000001111100000010000100000000000000000000000000000000110101001110100000011001100000110000001100001100100010000010110000000000010000000000110010000001001000100100010000100101100000001000100000100000000000000000001000010000011100000000000010001000100000000000000000000110111010001001000010000010011000100010110000011011001110011001100011000011000000001000011001101101010000000001010010001110100000000111100100001100000011100000000011101000000000000000010000000010000000000000000000100000000000000000000000000000000010000000010000000000000000000100000000000000000000000000000000000000000000000000000000000
65157,11110000011110000011000000000000000000000000000000000000000000000000000000000000000000000000000000000000000000000000000000000000000000000000000110000000000000000000000000000000001100000110000010000000000000000000000000000000000000000000000001100000110000000000000000000000000000000001101000000000000000000000000000000000000000000000111100010100101000001000000000000010000000100000100000000000000000000000010000000000100010000000001010100000110100100000100000000000000000000000000000000000001000000000000000000000000000000000100000000001000000000000000001001000000000000000000000010010000000000000000100000000000000100000000000000000000001001000000000000000000010000000000100000011100010001100100011110000100011111000000000000000000000000000000000000000000000000000000000000000100000000000000000000100000000000000000000100000000000000000000010000000000000000000110000000000000000000
65999,11100000011111111011000000000000000000000000000000000000000000000000000000000000000000000000000000000000000000000000000000000000000000000000000101100010110000000000000000000000001100000110000011000001100000000000000000000000000000000000000001011000000000011111111000000000000000000001111000000000000000000000100000000000000000000000110000001000110000011001111100000100001100111101100010110111000011000001001000000000101010000000001100100110111100100110110000000000100000101000000000101101001001010001001010100000000010011101100000100001001110000111110011011000100010000110111010110010110000001001110110010001100101000111000100001000011011001100000000000011110010001101100110100111100110001100100011100000100011101100100000000000000000100100000000000000000100100000000000100000100100000000000000000100100000000000000000100100000000000100000000000000000000000000000000000000000000000
66370,11000000011000000011100000000000000000000000000000000000000000000000000000000000000000000000000000000000000000000000000000000000000000000000000000000000000000000000000000000000001001000000000000000000000000000000000000000000000000000000000000000000000000000000000000000000000000000001101000000000000000000000100000000000000000000000100000010100101100001000000000000011000000000000100000000000000000000000011000000000000000000000000000000000000000000000000000000000000000000000000000000000000000000000000000000000000000000000000000000000000000000000000000000000000100010001000000000010000000000000000000000000000000100100000000000000000001010000000000000000000001110000000000000001110000000110000000000100000000000000000000000000000000000000000000000000000000000000000000000000000000000000000000000000000000000000000000000000000000000000000000000000000000000000000000000000000000000
68245,11000000011100000011100000000000000001000000000000000000000000000000000000000000000000000000000000000000000000000000000000000000000000000000000000000000000000000000000000000000001101000110000010000000000000000000000000000000000000000000000000000000100100011111010000000000000000000001101000000000000000000000100000000000000000000000110000000100100000001001100000000000001100000000011011000000000000000000011001000000100010000000001010100000010100100000000000000010000000100000100000000000001001000010000000000000000000001000100000000001010001101000100011001000000011010010011100110110100001100011010100011010100000100111100101100011101001011110000000010101000010111011100110000111110010101110110011111100110011100010000000000000000000010000100000000000000010000100000000000000010000000000000000000010000100000000000000010000100000000000000000000000000000000000000000000000000000000
68704,11100000011100100011000000000000000000000000000000000000000000000000000000000000000000000000000000000000000000000000000000000000000000000000000000000000000000000000000000000000001100000000000000000000000000000000000000000000000000000000000000000000000000010000000000000000000000000001111000000000000101000000100000000000000000000000110100000000100000011001100000000000001100100000000010000000010100000000000000000000100010000000001000100001010100100001000000000000000000100000000000000000001000000000000000000000001010001000100000000001000000000000000010001000000010000010000000110010100000001001010100010001100000000010000000000000001000001001000000000000000010001000100000000111000110001000100011000000100011101100000000000000000000000000000000000000000000000000000000000000100000000000000000000000000000000000000000000000000000000000000000000000000000000000000000000000000000000
68844,11100000011100110011100000000000011000000000000000000000000000000000000000000000000000000000000000000000000000000000000000000000000000000000000100100000000000000000000000000000001011000000000000000000000000000000000000000000000000000000000001011000000000011000000000000000000000000001111000000100000100000100000000000000000000000000110000101000111000011101100000000110001100100000000110000010110000000000010000001010100001000000001000100000010000100000000001110000110000110000000110010000001000000000100000010000010000001000100010011000000010000000010010001000000010000110000000000010001000001001000100000001100101000000000000001000011000101001000000000000101010000000100000000010000100000000000000000000000010100000000000000000000000000000000000000000000000000000000000000000000000000000000000000000000000000000000000000000000000000000000000000000000000000000000000000000000000000
71329,11100000011110110011100000000000011000000000000000000000000000000000000000000000000000000000000000000000000000000000000000000000000000000000000000000000000000000000000000000000001100000110000000000000000000000000000000000000000000000000000000000000000000010100000000000000000000000001111000000100000100000100000000000000000000000000110000001100111000011001100000000110101100101100011010000011010000000000010000000010100000000000001000100100010000100100000001110000100000100000100000000000001000000010001000000000000010001000100000000000000011100110110010001000000011100010011000100010100001001011000110011011100001110011100000100000111001001101000000010001100110001110100000000111101100001100000010000000000011100000100001000000000000000000000000000000000000000000000000000000000100001000000000000000000000000000000000000000000000000000000000000000000000000000000000000000000000000
71360,11100000011110110011100100000000000000000000000000000000000000000000000000000000000000000000000000000000000000000000000000000000000000000000000101100000000000000000000000000000001111000110000010000000000000000000000000000000000000000000000001011000000000011111010000000000000000000001111100000000000001000000000000000000000000000000110100001100111000011001111000001110001100101000011011010011000100000000010000000000101010010000001110100100011100100100001000000000100000100000100000000000001001000010000000000000001010001001100000100001001111101100110011011010000011010010011010111010100001001011010110011011100001100011100110100010111001101100000000011001100010101110100111000111100110101100110011110000110011100010000000000000000000010000000000000000000010000100000000000000010000000000000000000010000000000000000000010000100000000000000000000000000000000000000000000000000000000
71406,11110000011111000011100000000000000000000000000000000000000000000000000000000000000000000000000000000000000000000000000000000000000000000000000000000000000000000000000000000000001101000100000000000000000000000000000000000000000000000000000000000000100100010000000000000000000000000001101000000000000000000000100000000000000000000000110101000100101000001001100000000010000000100000111010000000000000000000011000000000100010000000001000000000110100000000100000000000000000100000100000000000001000000010000000000000000000001000100000000001000001000000100010001000000011010011011000110010100001000011000000011010100000100011101000100000101001001100000000010001000010111010100000000111110000111100000011110000000011101100000100000000000000110000000000000000000110000000000000000000100000100000000000000110000000000000000000110000000000000000000000000000000000000000000000000000000000000
71412,11100000011110110011000000000000000001000000000000000000000000000000000000000000000000000000000000000000000000000000000000000000000000000000000000000000000000000000000000000000001100000110000000000000000000000000000000000000000000000000000000000000000000010100000000000000000000000001111000000000000100000000100000000000000000000000110000111100111000011001100000000110001100100000011010000010110000000000001000000000100010000000001000100001010100100001000000000000100000100000000000000000001001000010000000000000000010001000100010000001000011100000110011001000000010100011011000110110100000101001010100010011100001000111000101000000011001101111000000010001100110001001100110000111100110001111110011100100110011100010000000000000000000100000000000000000000010000000000000000000010000000000000000000100000000000000000000010000000000000000000000000000000000000000000000000000000000000
71424,11100000011100100011000000000000000001000000000000000000000000000000000000000000000000000000000000000000000000000000000000000000000000000000000000000000000000000000000000000000001111000100000000000000000000000000000000000000000000000000000000000000000000010000000000000000000000000001111000000000000100000000000000000000000000000000100000010100111000011001000000000110001100100000011010000010110000000000010000000000100000000000000000100000010000100000000000000000000000100000100000000000001000000010000000000000000010001000100010000000000011101000100010001000000011110010011000100010100001000011000100011010100001110011100000100010101001101101000000010001100110101010100000000111100000000100000000000000000000000000000000000000000000000000000000000000000000000100000000000000000000000000000000000000000000000000000000000000100000000000000000000000000000000000000000000000000000000
71485,11100000011100000011110000000000000001100000000000000000000000000000000000000000000000000000000000000000000000000000000000000000000000000000000100100000000000000000000000000000001001000000000000000000000000000000000000000000000000000000000000000000000000000000000000000000000000000001101000000010000000000000100000000000000000000000100000010111101100001000000001000011000000000000100000000000000000000000011000000000000000000000000000000000000000000000000000000000000000000000000000000000000000000000000000000000000000000000000000000000000000000000001100000000000100010001000000000010000000010000000000000000001000100100000000000000000001010000000000000000000001110000000000000001110000000110000000001100000000000000000000000000000000000000000000000000000000000000000000000000000000000000000000000000000000000000000000000000000000000000000000000000000000000000000000000000000000000
71616,11000000011110111010000110000000000000000000000000000000000000000000000000000000000000000000000000000000000000000000000000000000000000000000000101100000000000000000000000000000001111000100000000000000000000000000000000000000000000000000000000000000000000011111000000000000000000000001111100000000000010000000100000000000000000000000110101001100110000011001111000001100001111111001000010010110000010000001001000000000101000100000001100110100011001110110010000000000100100101000000000101011001100011000000010100000000111011101100000100000001110000100110010011000100010100010111010100010110000001101100111010001100001000111010000001000011011101100000000000011010110001101100000100111100100001101000011100010000011101000000000000000000000000000000000000000000000000000000000000000000000000000000000000000000000000000000000000000000000000000000000000000000000000000000000000000000000000
71764,11100000011110111011100000000000000001000000000000000000000000000000000000000000000000000000000000000000000000000000000000000000000000000000000100100000000000000000000000000000001111000100000000000000000000000000000000000000000000000000000000000000101100011111000000000000000000000001111000000000000100000000000000000000000000000000110000011100111000011001111000000110001100111111011011110111110010000001010000000000101010000000001100100111011100100111010000000010100000101000100000101001001000010010001010100000000000011001100010100001011111101110110010011000100011110010111010110010110001001111100011011111100001110011010000101010011011101101011000011011110110101110100000100111101110001101010000010011000011100010000001000000000000010000001000000000000000100100000000000000010000001000000000000010000001000000000000000100100000000000000000000000000000000000000000000000000000000
71771,11000000011110100011100000000000000001100000000000000000000000000000000000000000000000000000000000000000000000000000000000000000000000000000000000000000000000000000000000000000001100000110000000000000000000000000000000000000000000000000000000000000000000010100000000000000000000000001111000000010000100000000100000000000000000000000110000001010101000011001100000100010001100001100100010000010110000000000011000000000100010000000001000100100110100100100100000000010100000100000000000000000001000010000011100000000000010001000100000000001010000000110011010001000000010010010000001110010110000011001011110010101110001100010000000001000011001001101000000000001110010111100100000000111101111001100100010100000100011100000000000000000000000000000000000000000100000100000000000010000000000000000000000000000000000000000000100000100000000000010000000000000000000000000000000000000000000000
71853,11110000011111111111111000000000000000000000000000000000000000000000000000000000000000000000000000000000000000000000000000000000000000000000000000000000000000000000000000000000001001000100100010010001001000100100000000000000000000000000000000000000000000000000000000000000000000000001111000000000000100000000100000000000000000000000100000111100111100011000000000000111000000100000100000000010110000000000011000000000000010000000000000000000000000000001100000000000000000000000000000000000000000000000000000000000000000000000000010000000000010000000000000000001000100110001000000000010000000001000000000000000001001110100000000000000000001110001011000000000000101110000000000000001111100000111000000001111000000000000000000000000000000000000000000000000000000000000000000000000000000000000000000000000000000000000000000000000000000000000000000000000000000000000000000000000000000000
72041,11110000011111100011111000000000000000000000000000000000000000000000000000000000000000000000000000000000000000000000000000000000000000000000000000000000000000000000000000000000001001000100100010010001001000100100000000000000000000000000000000000000000000000000000000000000000000000001111000000000000100000000100000000000000000000000100000111100111100011000000000000111000000100000100000000010110000000000011000000000000010000000000000000001100100000001100000000010000000000000000000000000000000000000000000000000000000000000000010000001010010000000000000000000000100110001000000010110000000001000000000000100001001110100000000000000000001110011011000000000100101110000000000000001111110100111110000001111010000000000000000000000000000000000000000000000000000000000000000000000000000000000000000000000000000000000000000000000000000000000000000000000000000000000000000000000000000000
73491,10000000010000000011100000110010000000000000000000000000000000000000000000000000000000000000000000000000000000000001001000000000000000000000000000000000000000000000000000000000000000000000000000000000000000000000000000000000000000000000000000000000000000000000000000000000000000000001101000001000000000000000000000100000000000000000100000010100101010001000000000000010000000100000000000000000000000000000010000010000000000000100000000000000000000000000000010000000000000000000000000000000000000000000000000000000000000000000000000000000000000000000000000000000000000000000000000000000000000000000000000000000000000000000000000000000000000000000000000000000000000000000000000000000000000000000000000000000000000000000000000000000000000000000000000000000000000000000000000000000000000000000000000000000000000000000000000000000000000000000000000000000000000000000000000000000000000000
73981,00000000000000000011000000000000000000000000000000100000000000000000000000000000000000000000000000000000000000000000000000000000000000000000000000000000000000000000000000000000000000000000000000000000000000000000000000000000000000000000000000000000000000000000000000000000000000000000000000000000000000000000100000000000000000000000000000000000000000000000000000000000000000000000000000000000000000000000000000000000000000000000000000000000000000000000000000000000000000000000000000000000000000000000000000000000000000000000000000000000000000000000000000000000000000000000000000000000000000000000000000000000000000000000000000000000000000000000000000000000000000000000000000000000000000000000000000000000000000000000000000000000000000000000000000000000000000000000000000000000000000000000000000000000000000000000000000000000000000000000000000000000000000000000000000000000000000000
74990,11110000011111111011100000000000000001000000000000000000000000000000000000000000000000000000000000000000000000000000000000000000000000000000000101100000000000000000000000000000001111000101100010110001000000100000000000000000000000000000000001011000101100011111000000000000000000000001111000000000000000000000100000000000000000000000110001101100111000011001111000000110001100101100111011110011000010000001011000000000101010000000001100100101111100100101110000000010100000101000100000100000001000010010001000100000000010001001100000100001011111100110110011011000000011010110011011110110110001001111000110011011100111100111001000101000011001101110011000010001110010111111100100000111101100001100000011110000000011101000000001000000000000010000000000000000000000100000000000000000000000001000000000000010000000000000000000000100000000000000000000000000000000000000000000000000000000000
75905,11000000011100000011000000000000010000000000000000000000000000000000000000000000000000000000000000000000000000000000000000000000000000000000000000000000000000000000000000000000001100000000000000000000000000000000000000000000000000000000000000000000000000010000000000000000000000000001100000000100000000000000100000000000000000000000110000000000100000000101100000000000001100000000000110000000000000000000000010000010100000000000001000100000010000100000000001110000010000100000000001000000001000000000000000000000000010001000100000011000000000000000000010001000000010000010000000100010100000000001000100010000100000000010000000000000001000001000000000000000000010001000100000000111000000001000000000000000000011100001000000000000000000000000000000000000000000000000000000000000001000000000000000000000000000000000000000000000000000000000000000000000000000000000000000000000000000000
77997,11100000011110111011000000000000000000000000000000000000000000000000000000000000000000000000000000000000000000000000000000000000000000000000000101100010110000000000000000000000001100000110000000000000000000000000000000000000000000000000000001011000000000011111110000000000000000000001111000000000000110000000100000000000000000000000110000001000110000011001111000000100001111111101100011110111110010011001001000000000101010100000001100110100111101110110110000000000100100101000000000101011001101011000001010100000000111011101100110100001001110000110110011011000100010000010111011110010110000001001110110010001100001000111000100001000011011001101000000000011110010001101100110000111100110001100100011100000100011101000100000000000000000100000000000000000000000100000000000000000000100000000000000000100000000000000000000000100000000000000000000000000000000000000000000000000000000000
78000,11100000011110110011110000000010000000000000000000000000000000000000000000000000000000000000000000000000000000000000000000000000000000000000000000000000000000000000000000000000001000000000000000000000000000000000000000000000000000000000000000000000000000000000000000000000000000000001111000000000000100000000100000100000000000000000110000111100111000011000000000000110000000100000100000000010110000000000010000010000100010000100001000100001110100100001100010000000000000000000000000000000001000000000000000000000000000000000100010000001000010000000000001001000000000100100010000010010000000001010000100000000000101110001000000000000000001101001011000000000100110000010000110000011101111001101100100100011100100000000000000000000000000000000000000000000000000000000000000000000000000000000000000000000000000000000000000000000000000000000000000000000000000000000000000000000000000000
84003,11100000011110110011100000000000000000000000000000000000000000000000000000000000000000000000000000000000000000000000000000000000000000000000000101100010110000000000000000000000001100000000000000000000000000000000000000000000000101100000000000000000000000011100000000000000000000000001111000000000000100000000100000000000000000000000110110001100111000011001111000000110001100001000100010010011010011000001001000000000101010000000001110100100111100100100110000000000100000101000000000100000001001110000001000100000000010001101100000100001101110000110010011011000000010100011000011111010110000001001010110110001100001000110000100001000011001111101000000000001110010001100100110000111101111001100100111100000100111100000000000000000000000000000000000000000000000000000000000000000000000000000000000000000000000000000000000000000000000000000000000000000000000000000000000000000000000000
84029,11110000011111100011110000000000000000000000000000000000000000000000000000000000000000000000000000000000000000000000000000000000000000000000000000000000000000000000000000000000001001000100100000000000000000000000000000000000000000000000000000000000000000000000000000000000000000000001111000000000000000000000100000000000000000000000110101111100111100011000000000000111000000100000100000000011000000000000011000000000000010000000000010000000100100000000100000000000000000000000000000000000000000000000000000000000000000000000000000000001000010000000000000000000000100110001000000010110000000001000000000000000001001100100000000000000000001110010000000000000000101110000000000000001110010101110110011111100110011100000000000000000000000000000000000000000000000000000000000000000000000000000000000000000000000000000000000000000000000000000000000000000000000000000000000000000000000000
84571,11100000011100000011110000000000000000000000000000000000000000000000000000000000000000000000000000000000000000000000000000000000000000000000000000000000000000000000000000000000001001000100100000000000000000000000000000000000000000000000000000000000000000000000000000000000000000000001101000000000000000000000100000000000000000000000100000010100101100001000000000000011000000000000100000000000000000000000011000000000000000000000000000000000000000000000000000000000000000000000000000000000000000000000000000000000000000000000000000000000000000000000000000000000000100010001000000000010000000000000000000000000001000100100000000000000000001010000000000000000000001110000000000000001110000000110000000001100000000000000000000000000000000000000000000000000000000000000000000000000000000000000000000000000000000000000000000000000000000000000000000000000000000000000000000000000000000000
84724,10000000010000111011000000000000011000000000000000000000000000000000000000000000000000000000000000000000000000000000000000000000000000000000000101100000000000000000000000000000000000000000000000000000000000000000000000000000000000000000000000000000000000011000000000000000000000000000010000000100000110000100000000000000000000000000000000000000000000000000000000000000000000010001000000000000010000000000000000001010001001100000000000000000000000000010000001110000000110000000000100000010010000000000000000000001000001000000000000000000000000000000000000000000000000000000000000000000000000000000000000000000000000000000000000000000000100000000000000000000000000000000000000000000000000000000000000000000000000000000000000000000000000000000000000000000000000000000000000000000000000000000000000000000000000000000000000000000000000000000000000000000000000000000000000000000000000000
86472,11110000011110000011000000000000000000000000000000000000000000000000000000000000000000000000000000000000000000000000000000000000000000000000000000000000000000000000000000000000001101000100000000000000000000000000000000000000000000000000000000000000100100010000000000000000000000000001101000000000000000000000000000000000000000000000110101000100100000001001100000000000000000100000111010000000000000000000010000000000100010000000001000000000110100000000100000000000000000100000100000000000001000000010000000000000000000001000100000000000000001000000100010001000000011000010011000100010100001000011000000011010100000100011101000100000101001001100000000010001000010001010100000000111110000001100000011110000000011101100000100000000000000110000000000000000000110000000000000000000100000100000000000000110000000000000000000110000000000000000000000000000000000000000000000000000000000000
88735,11100000011100000011110000000000000000000000000000000000000000000000000000000000000000000000000000000000000000000000000000000000000000000000000000000000000000000000000000000000001001000000000000000000000000000000000000000000000000000000000000000000000000000000000000000000000000000001101000000000000000000000100000000000000000000000100000010100101100001000000000000011000000000000100000000000000000000000011000000000000000000000000000000000000000000000000000000000000000000000000000000000000000000000000000000000000000000000000000000000000000000000000000000000000100010001000000000010000000000000000000000000001000100100000000000000000001010000000000000000000001110000000000000001110000000110000000001100000000000000000000000000000000000000000000000000000000000000000000000000000000000000000000000000000000000000000000000000000000000000000000000000000000000000000000000000000000000
89597,11110000011111111011100000000000000001110000000000000000000000000000000000000000000000000000000000000000000000000000000000000000000000000000000000000000000000000000000000000000001100000110000011000001100000000000000000000000000000000000000000000000000000010101010000000000000000000001111000000010000110000000000000000000000000000000110000101110110000011001100000100100001100101100000010000010110000000000000000000000100010100000001010100101010100100101000000000000100000100000000000000000001000010000011100000000000010001000100000000001100000000110011010001000000010000110000000111010110010011001001110010001100101000010000000001000011000001001010000000000110010001100100000000111000100001000000011000000000011101000100000000000000100100010000000000010000000110000000000010000000100000000000000100100010000000000010000000110000000000010000000000000000000000000000000000000000000000
91270,11110000011110110011100000000000000000000000000000000000000000000000000000000000000000000000000000000000000000000000000000000000000000000000000000000000000000000000000000000000001111000110000010000000000000000000000000000000000000000000000000000000101100010100000000000000000000000001111000000000000100000000100000000000000000000000110000101100111000011001100000000110001100100000111010000011110000000000011000000000100010000000001000100001110100100001100000000000100000100000100000000000001000000010000000000000000010001000100010000001100011101000110010001000000011110110011000110010100001001011000100111011100101110111000000101010011001001101011000010001100110101010100000000111101110001101100010110011100011101010000000000000000000010000000000000000000100000100000000000000010000000000000000000010000000000000000000100000100000000000000000000000000000000000000000000000000000000
91502,00000000000000000011000000000000000000000000000000000000001000000000000000000000000000000000000000000000000000000000000000000000000000000000000000000000000000000000000000000000000000000000000000000000000000000000000000000000000000000000000000000000000000000000000000000000000000000000000000000000000000000000100000000000000000000000000000000000000000000000000000000000000000000000000000000000000000000000000000000000000000000000000000000000000000000000000000000000000000000000000000000000000000000000000000000000000000000000000000000000000000000000000000000000000000000000000000000000000000000000000000000000000000000000000000000000000000000000000000000000000000000000000000000000000000000000000000000000000000000000000000000000000000000000000000000000000000000000000000000000000000000000000000000000000000000000000000000000000000000000000000000000000000000000000000000000000000000
91558,11100000011110110011000000000000000001000000000000000000000000000000000000000000000000000000000000000000000000000000000000000000000000000000000000000000000000000000000000000000001111000101100010110001011000100000000000000000000000000000000000000000101100011111000000000000000000000001111000000000000000000000100000000000000000000000110100111100111000011001111000000110001111101100011011110011000010000001011000000000101000000000001100110100011001110100010000000000100000101000100000100000001100010010001000100000000010001101100000100000001111100110110010011000000011100011011011100010110001001011000110011011100001000111000000101000011001001100000000010001110110001111100000000111101100001110000011111100000011101000000001000000000000010000000000000000000000100000000000000000000000001000000000000010000000000000000000000100000000000000000000000000000000000000000000000000000000000
92974,11000000011100100011100000000000000000000000000000000000000000000000000000000000000000000000000000000000000000000000000000000000000000000000000000000000000000000000000000000000001100000000000000000000000000000000000000000000000000000000000000000000000000010000000000000000000000000001111000000000000100000000100000000000000000000000110000111100111000011001100000000110001100000000111010000000010000000000001000000000100010000000001000100000110100100000100000000000000000100000000000000000001000000010000000000000000010001000100010000001100001101000100010001000000010110011011000110110100000101001000100010011100000000111000000000001001001011111000000010001000010011001100000000111110110001111100010110101100011100010000000000000000000010000000000000000000000000100000000000000010000000000000000000010000000000000000000000000100000000000000000000000000000000000000000000000000000000
93095,10000000010000000011100000000010000000000000000000001000000000000000000000000000000000000000000000000000000000000001001000000000000000000000000000000000000000000000000000000000000000000000000000000000000000000000000000000000000000000000000000000000000000000000000000000000000000000001101000001000000000000000000000100000000000000000100000010100101010001000000000000010000000100000000000000000000000000000010000010000000000000100000000000000000000000000000010000000000000000000000000000000000000000000000000000000000000000000000000000000000000000000000000000000000000000000000000000000000000000000000000000000000000000000000000000000000000000000000000000000000000000000000000000000000000000000000000000000000000000000000000000000000000000000000000000000000000000000000000000000000000000000000000000000000000000000000000000000000000000000000000000000000000000000000000000000000000000
93374,11000000011000111010000000000000000000000000000000000000000000000000000000000000000000000000000000000000000000000000000000000000000000000000000000000000000000000000000000000000001011000000000000000000000000000000000000000000000000000000000000000000000000011000000000000000000000000001011000000000000100000000000000000000000000000000000000000000000000000000000000000010000000010001000000000110010010000001000000000000001010000000000000000000000000001010010000000000000000000000000000001001000000000000000010000000000000010000000000000000000000000000000000000000100000000000100000000000000000000000000000000000000000000000000000000000000010000000000000000000000000000000000000000000000000000000000000000000000000000000000000000000000000000000000000000000000000000000000000000000000000000000000000000000000000000000000000000000000000000000000000000000000000000000000000000000000000000
101269,11110000011111000011100000000000000000000000000000000000000000000000000000000000000000000000000000000000000000000000000000000000000000000000000000000000000000000000000000000000000000000000000000000000000000000000000000000000000000000000000000000000000000000000000000000000000000000001101000000000000000000000100000000000000000000000100000010100101000001000000000000010000000100000100000000000000000000000011000000000000010000000000000000000100100000000100000000000000000000000000000000000000000000000000000000000000000000000000000000001000000000000000000000000000000010001000000010010000000000000000000000000000000100000000000000000000001010000000000000000000000110000000000000001100010001100100010100000100000000000000000000000000000000000000000000000000000000000000000000000000000000000000000000000000000000000000000000000000000000000000000000000000000000000000000000000000000000
102503,11100000011110111011000000000000000001000000000000000000000000000000000000000000000000000000000000000000000000000000000000000000000000000000000000000000000000000000000000000000001100000110000011000000000000000000000000000000000000000000000000000000110000010101010000000000000000000001111000000000000100000000000000000000000000000000110000101000110000011001100000000100001100011100000011000010110000000000000000000000101010000000001000100101010100100111010000000000100000100000000000000001001001010000001000000000000010001000100010000001100010000110010011001000000010000110000000110010110000001001010110110001100101000010000100001000011000001001011000000000110010001100100110000111000110001000100110000000100011101000100000000000000000000100000000000000000100000000000000000000000100000000000000000000100000000000000000100000000000000000000000000000000000000000000000000000000000000
104748,00000000000000000011000000000000010000000000000000000000000000000000000000000000000000000000000000000000000000000000000000000000000000000000000000000000000000000000000000000000000000000000000000000000000000000000000000000000000000000000000000000000000000000000000000000000000000000000000000000000000000000000100000000000000000000000000000000000000000000000000000000000000000000000000000000000000000000000000010000000000000000000000000000000000000000000000000100000000000000000000000000000000000000000000000000000000000000000000000000000000000000000000000000000000000000000000000000000000000000000000000000000000000000000000000000000000000000000000000000000000000000000000000000000000000000000000000000000000000000000000000000000000000000000000000000000000000000000000000000000000000000000000000000000000000000000000000000000000000000000000000000000000000000000000000000000000000000
104755,00000000000000000000000000000000000000000000000000000000000000000000000000000100000000000000000000000000000000000000000000000000000000000000000000000000000000000000000000000000000000000000000000000000000000000000000000000000000000000000000000000000000000000000000000000000000000000000000000000000000000000000000000000000000000000000000000000000000000000000000000000000000000000000000000000000000000000000000000000000000000000000000000000000000000000000000000000000000000000000000000000000000000000000000000000000000000000000000000000000000000000000000000000000000000000000000000000000000000000000000000000000000000000000000000000000000000000000000000000000000000000000000000000000000000000000000000000000000000000000000000000000000000000000000000000000000000000000000000000000000000000000000000000000000000000000000000000000000000000000000000000000000000000000000000000000000000000
104804,11100000011100100011100000000000000000000000000000000000000000000000000000000000000000000000000000000000000000000000000000000000000000000000000000000000000000000000000000000000000000000000000000000000000000000000000000000000000000000000000000000000000000000000000000000000000000000001111000000000000000000000100000000000000000000000110000000000100000001000000000000100000000100000100000000011000000000000001000000000100010000000001000000000110100100000100000000000000000000000000000000000000000000000000000000000000000000000000000000001000010000000000001000000000000000000010000000000000000000000000100000000000000000100000000000000000000000000000000000000000000000001000010000000000000000000000000000000000000000000000000000000000000000000000000000000000000000000000000000000000000000000000000000000000000000000000000000000000000000000000000000000000000000000000000000000000000000
104805,10000000000000000011100000000010000000000000000000001000000000000000000000000000000000000000000000000000000000000000000000000000000000000000000000000000000000000000000000000000000000000000000000000000000000000000000000000000000000000000000000000000000000000000000000000000000000000000000000000000000000000000100000100000000000000000000000000000000000000000000000000000000000000000000000000000000000000000000000010000000000000100000000000000000000000000000010000000000000000000000000000000000000000000000000000000000000000000000000000000000000000000000000000000000000000000000000000000000000000000000000000000000000000000000000000000000000000000000000000000000000000000000000000000000000000000000000000000000000000000000000000000000000000000000000000000000000000000000000000000000000000000000000000000000000000000000000000000000000000000000000000000000000000000000000000000000000000
104840,11000000011000000011100000000000000000000000000000000000000000000000000000000000000000000000000000000000000000000001001000000000000000000000000000000000000000000000000000000000000000000000000000000000000000000000000000000000000000000000000000000000000000000000000000000000000000000001101000000000000000000000100000000000000000000000100000010100101000001000000000000010000000000000000000000000000000000000011000000000000000000000000000000000000000000000000000000000000000000000000000000000000000000000000000000000000000000000000000000000000000000000000000000000000000010001000000000000000000000000000000000000000000000100000000000000000000010000000000000000000000010000000000000000000000000000000000000000000000000000000000000000000000000000000000000000000000000000000000000000000000000000000000000000000000000000000000000000000000000000000000000000000000000000000000000000000000000
104865,11100000011110111011100000000000010000000000000000000000000000000000000000000000000000000000000000000000000000000000000000000000000000000000000000000000000000000000000000000000001111000111100010000001000000000000000000000000000000000000000000000000000000011111010000000000000000000001111000000100000100000100100000000000000000000000111000000100111000011101101100000110001111111011011110010110010010000001011000000010101000000000001000110010011001110110010001110100110000101000100000111001001100010110001010100000000010011101100000111000001111111110110010011000100011110111111010100010110001000111100101011010100111110011110000101010101011101100000000011011110110111010100000100111100000001100000011000000000011111001000000000000000000000000000000000000000000000100000000000000001000000000000000000000000000000000000000000000100000000000000000000000000000000000000000000000000000000
104931,11110000011110100011100000000000000001000000000000000000000000000000000000000000000000000000000000000000000000000000000000000000000000000000000000000000000000000000000000000000000000000000000000000000000000000000000000000000000000000000000000000000000000000000000000000000000000000001111000000000000000000000000000000000000000000000110000000000111000011000000000000110000000100000100000000011000000000000010000000000100010000000001000100000110100100000100000000000000000000000000000000000000000000000000000000000000010000000000000000001000010000000000001000000000000100000010000000000000000000010000100000000000000110000000000000000000000000000000000000000000100000010000010000000000000000000000000000000000000000000000000000000000000000000000000000000000000000000000000000000000000000000000000000000000000000000000000000000000000000000000000000000000000000000000000000000000000000
104938,11100000011100000011110000000000000000000000000000000000000000000000000000000000000000000000000000000000000000000000000000000000000000000000000000000000000000000000000000000000001001000100100000000000000000000000000000000000000000000000000000000000000000000000000000000000000000000001101000000000000000000000100000000000000000000000100000010100101100001000000000000011000000000000100000000000000000000000011000000000000000000000000000000000000000000000000000000000000000000000000000000000000000000000000000000000000000000000000000000000000000000000000000000000000100010001000000000010000000000000000000000000001000100100000000000000000001010000000000000000000001110000000000000001110000000110000000001100000000000000000000000000000000000000000000000000000000000000000000000000000000000000000000000000000000000000000000000000000000000000000000000000000000000000000000000000000000000
105075,00000000000000000011100000000000010000000000000000000000001000000000000000000000000000000000000000000000000000000000000000000000000000000000000000000000000000000000000000000000000000000000000000000000000000000000000000000000000000000000000000000000000000000000000000000000000000000000000000000000000000000000100000000000000000000000000000000000000000000000000000000000000000000000000000000000000000000000000010000000000000000000000000000000000000000000000000110000000000000000000000000000000000000000000000000000000000000000000000000000000000000000000000000000000000000000000000000000000000000000000000000000000000000000000000000000000000000000000000000000000000000000000000000000000000000000000000000000000000000000000000000000000000000000000000000000000000000000000000000000000000000000000000000000000000000000000000000000000000000000000000000000000000000000000000000000000000000
107665,11000000011100000011100000000000000000000000000000000000000000000000000000000000000000000000000000000000000000000000000000000000000000000000000000000000000000000000000000000000000000000000000000000000000000000000000000000000000000000000000000000000000000000000000000000000000000000001101000000000000000000000100000000000000000000000110000000000101000001000000000000010000000100000100000000000000000000000011000000000100010000000001000100000110100100000100000000000000000000000000000000000000000000000000000000000000010000000000000000001000000000000000001000000000000000000010000000000000000000010000100000000000000100100000000000000000000000000000000000000000000000011000010000000000000000000000000000000000000000000000000000000000000000000000000000000000000000000000000000000000000000000000000000000000000000000000000000000000000000000000000000000000000000000000000000000000000000
107689,10000000010000000011000000000000000000000000000000000000000000000000000000000000000000000000000000000000000000000000000000000000000000000000000000000000000000000000000000000000000000000000000000000000000000000000000000000000000000000000000000000000000000000000000000000000000000000001101000000000000000000000100000000000000000000000100000010100101000001000000000000010000000100000100000000000000000000000001000000000000010000000000000000000100100000000100000000010000000000000000000000000000000000000000000000000000000000000000000000001010000000000000000000000000000010001000000000000000000000000000000000000000000000100000000000000000000000000000000000000000000010000000000000000000000000000000000000000000000000000000000000000000000000000000000000000000000000000000000000000000000000000000000000000000000000000000000000000000000000000000000000000000000000000000000000000000000000
107952,11100000011110100011000000000000000001000000000000000000000000000000000000000000000000000000000000000000000000000001100000000000000000000000000000000000000000000000000000000000001100000000000000000000000000000000000000000000000000000000000000000000000000010000000000000000000000000001111000000000000100000000100000000000000000000000110100111100111000011001100000000110001100100000011010000010110000000000011000000000100000000000001000100000010000100000000000000000000000100000100000000000001000000010000000000000000010001000100010000000000011100000100010001000000011110011011000100010100001000011000100011010100001100011100000100000101001101101000000010001100110111010100000000111100000001100000010100000000011100010000000000000000000000000000000000000000000000000000000000000010000000000000000000000000000000000000000000000000000000000000000000000000000000000000000000000000000000
107970,11110000011110100011000000000000000000000000000000000000000000000000000000000000000000000000000000000000000000000000000000000000000000000000000000000000000000000000000000000000001100000000000000000000000000000000000000000000000000000000000000000000000000010000000000000000000000000001111000000000000100000000100000000000000000000000110010001000101000011001100000000010001100100000000010000000010000000000001000000000100000000000001000100000010000100000000000000000000000100000000000000000001000000000000000000000000010001000100000000000000000000000000010001000000010100011000000100010100000001001000100010000100000000110000000000000001001011001000000000000000010001000100000000111100100001100000011110000000011100100000000000000000000000000000000000000000000000000000000000000100000000000000000000000000000000000000000000000000000000000000000000000000000000000000000000000000000000
110635,11100000011110110011100000000000000000000000000000000000000000000000000000000000000000000000000000000000000000000000000000000000000000000000000101100010010000000000000000000000001111000111100010000001000000000000000000000000000000000000000001011000101100011111010000000000000000000001111000000000000100000000000000000000000000000000110000101100110000011001111000000111001100101100111011110011110010011001010000000000101010000000001100100101011100100101010000000000100000101000100000100000001000010010001000100000000010001001100100100001101111101110110010011000000111010110011011110010110001001011000110111011101101000011000000101010011001001101011000010001110011101110100000000111101110001101100111110011100111101010000000000000000000010000000000000000000000100100000000000000010000000000000000000010000000000000000000000100100000000000000000000000000000000000000000000000000000000
114690,11110000011111000011100000000000000000000000000000000000000000000000000000000000000000000000000000000000000000000000000000000000000000000000000000000000000000000000000000000000000000000000000000000000000000000000000000000000000000000000000000000000000000000000000000000000000000000001101000000000000000000000100000000000000000000000100000010100101000001000000000000010000000100000100000000000000000000000001000000000000010000000000000000000100100000000100000000000000000000000000000000000000000000000000000000000000000000000000000000001000000000000000000000000000000010001000000010010000000000000000000000000000000000100000000000000000001010000000000000000000000010000000000000001100010001100100010100000100000000000000000000000000000000000000000000000000000000000000000000000000000000000000000000000000000000000000000000000000000000000000000000000000000000000000000000000000000000
115355,11000000011100100011100110000000000000000000000000000000000000000000000000000000000000000000000000000000000000000000000000000000000000000000000000000000000000000000000000000000001100000110000000000000000000000000000000000000000000000000000000000000000000010000000000000000000000000001111100000000000001000000000000000000000000000000110100001100100000011001100000010000001100001100000010000000000100000100000000000000100010010000001010100100010100100100001100000000100000100000000000000000001001000000001000000000001010001000100000000001000000000110010011001010000010000010000000111010100010001001010110010001100000000010000110000000011000001000000000000000000010001100100111000111000110001000101111000000101111100100000000000000000000000100000000000000000000100000000000000000100000000000000000000000100000000000000000000100000000000000000000000000000000000000000000000000000000000
115366,11100000011110100011100000000000011001000000000000000000000000000000000000000000000000000000000000000000000000000000000000000000000000000000000100100000000000000000000000000000001111000100000000000000000000000000000000000000000000000000000001011000000000011100000000000000000000000001111000000110000000000000100000000000000000000000110000101010110001011101100000100110101100100000100110000011000000000000010010001000100011000000001000100000110100100000100000110000100000110000000010000000001000000000110100010000010010001000100000011001100010000000011010001000000010100010000000110010101000011001011100110001100001010010000000001000011001001100000000000001101110001000100000000111100110001100100010100000100011100000000000000000000000000000000000000000000000010000000000000000000000000000000000000000000000000000000000000010000000000000000000000000000000000000000000000000000000000
119607,11000000011110110011000000000000010000000000000000000000000000000000000000000000000000000000000000000000000000000000000000000000000000000000000101100000000000000000000000000000001100000110000000000000000000000000000000000000000000000000000000000000000000011101000000000000000000000001111000000100000101000100000000000000000000000000110000001100100000011101111000000000001100101000010110010000000100000000000000000010101010010000001110100100011100100100001001110000110000100000000000010000001001000010000000000000001010001001100000111001001001000100110011011010000010000010011010111010100000001001010110010011100000000011000110000000011001101100000000011001000010001100100101000111100110001100100011100000100011101001000000000000000000000000000000000000000000000000000000000000001000000000000000000000000000000000000000000000000000000000000000000000000000000000000000000000000000000
121396,11000000011000110011100000000000000000000000000000000000000000000000000000000000000000000000000000000000000000000000000000000000000000000000000000000000000000000000000000000000000000000000000000000000000000000000000000000000000000000000000000000000000000000000000000000000000000000001111000000000000100000000100000000000000000000000100000101000110000011000000000000100000000010000100000000010110000000000001000000000000010000000000000000000100100000001100000000000000000000000000000000000000000000000000000000000000000000000000010000001100010000000000000000000100000100000000000010010000000001000000000100000000001000100000000000000000001000001011000000010000100000000000000000000101011000010011000000000000000000000000000000000000000000000000000000000000000000000000000000000000000000000000000000000000000000000000000000000000000000000000000000000000000000000000000000000000000000
121587,11100000011110100011000000000000000000000001000000000000000000000000000000000000000000000000000000000000000000000000000000000000000000000000000100100000000000000000000000000000001100000100000000000000000000000000010110000000000000000000000001001000101100010000000000000000000000000001111000000000000000000000100000000000000000000000111000010100111000011001100000000110001100100000011010000011000000000000011000000000100000000000001000100000010000100000000000000000100000100000100000000000001000000010000000000000000010001000100000000000000011101000110010001000000011010011011000100010100001001011000100011011100001100111100000101010111001011100000000010001100010101011100000000111101100001111000011111110000011111010000000000000000000010000000000000000000110000100000000000000010000000000000000000010000000000000000000110000100000000000000000000000000000000000000000000000000000000
121892,11100000011110110011000100000000000000000000000000000000000000000000000000000000000000000000000000000000000000000000000000000000000000000000000000000000000000000000000000000000001100000110000000000000000000000000000000000000000000000000000000000000000000010100000000000000000000000001111100000000000100000000000000000000000000000000110000001000111000011001100000001110001100101100100010000010110000000000010000000000100010000000001000100100010000100101100000000000100000100000000000000000001000010000001000000000000010001000100010000000000010000111010010001001000010000110000000100010110000001101000111010001100111000010000000001000011000001001010000000000110010001100100000000111000100001000000000000000000011100000000000000000100000000000000000000100000000000000000000100000000000000000000100000000000000000000100000000000000000000100000000000000000000000000000000000000000000000
121950,11100000011100000011110000000000000000000000000000000000000000000000000000000000000000000000000000000000000000000000000000000000000000000000000000000000000000000000000000000000000000000000000000000000000000000000000000000000000000000000000000000000000000000000000000000000000000000001101000000000000000000000100000000000000000000000100000010100101000001000000000000010000000100000100000000000000000000000001000000000000010000000000000000000100100000000100000000000000000000000000000000000000000000000000000000000000000000000000000000001000000000000000000000000000000010001000000010000000000000000000000000000000000000100000000000000000001000000000000000000000000010000000000000000010000110000000000000000000000000000000000000000000000000000000000000000000000000000000000000000000000000000000000000000000000000000000000000000000000000000000000000000000000000000000000000000000000000
123603,11100000011100100010000000000000010001000000000000000000000000000000000000000000000000000000000000000000000000000000000000000000000000000000000100100000000000000000000000000000001011000101100010110000000000000000000000000000000000000000000000000000000000000000000000000000000000000001111000000100000000000000000000000000000000000000110101000100111001011100000000000110100000100000000000000011000000000000010000001000000000000000000000000000000000000000000000000000000000000000000000000000000000000000000000010000000000000000000000000000000010000000000000000000000000100000000000000010001000001000000000000000000001110000000000000000000001000000000000000000101100000000000000000000001100000000000000000000000011101000000000000000000000000000000000000000000000000000000000000000000000000000000000000000000000000000000000000000000000000000000000000000000000000000000000000000000000000
123671,11110000011111110011110000000000011000000000000000000000000000000000000000000000000000000000000000000000000000000000000000000000000000000000000000000000000000000000000000000000001100000110000011000001100000100000000000000000000000000000000000000000000000010101010000000000000000000001110000000100000000000000100000000000000000000000110000001000110000010101100000000100001100101100000110000011000000000000000010000010101000000000001100100100011000100100010001110000110000100000000001000000001000010000001000000000000010001000100000011000000110000110010010011000000010000010000000100010110000001001000110010001100001000010000000001000011000001000000000000000110010001100100000000111000100001000000011000000000011100000100000000000000000001000000000000000000001000000000000000000000100000000000000000001000000000000000000001000000000000000000000000000000000000000000000000000000000000
123706,11100000011100110000000000000000000000000000000000000000000000000000000000000000000000000000000000000000000000000000000000000000000000000000000000000000000000000000000000000000001100000000000000000000000000000000000000000000000000000000000000000000000000010000000000000000000000000001110000000000000100000000000000000000000000000000110000101000110000010001100000000100001100101100000010000011010000000000000000000000100000000000001000100100010000100100000000000000100000100000000000000000001000010000001000000000000010001000100010000000000010000110010010001000000010000010000000100010110000001001000110010001100001000010000000001000011000001001000000000000010010001100100000000111000100001000000010000000000011101000100000000000000000000100000000000000000100000000000000000000000100000000000000000000100000000000000000100000000000000000000000000000000000000000000000000000000000000
124087,11100000011110110000000000000000000001000000000000000000000000000000000000000000000000000000000000000000000000000000000000000000000000000000000000000000000000000000000000000000001111000101100010000000000000000000011000000000000000000000000000000000000000011100000000000000000000000001110000000010000100000000000000000000000000000000110000001010110000010001111000100100001111001000000010010010110010000001000000000000101000000000001100110100011001110100010000000000100000101000000000100000001100010000011100100000000010001101100010100000001110000110011010011000000010000010000011100010110000011001001110010001100001000010000000001000011000001001000000000000110010001100100000000111000100001000000011000000000011101000010000000000000000000010000000000000000100000000000000000000000010000000000000000000010000000000000000100000000000000000000000000000000000000000000000000000000000000
129228,11000000011100111010000110000000000000000000000000000000000000000000000000000000000000000000000000000000000000000000000000000000000000000000000101100000000000000000000000000000001100000000000000000000000000000000000000000000000000000000000000000000000000011100000000000000000000000001111100000000000110000000000000000000000000000000110000001000110000011001111000001100001111001000000010010010010010000000000000000000101010100000001100110101011101110101010000000000100000100000010000000100001101111001001000000000000110001101100000000001101110000111010011001000000010000110000000101010110000001101000100010001100101000010000010001000011000001000000000000000110010001000100011000111000100001000000000000000000011100000000000000000000000000000000000000000000000000000000000000000000000000000000000000000000000000000000000000000000000000000000000000000000000000000000000000000000000000
129791,11100000011110110011100000000000000001000000000000000000000000000000000000000000000000000000000000000000000000000000000000000000000000000000000000000000000000000000000000000000001100000110000000000000000000000000000000000000000000000000000000000000000000010100000000000000000000000001111000000000000100000000000000000000000000000000110000000100111000011001100000000110001100100000011010000011110000000000010000000000100010000000001000100001010100100001000000000000100000100000100000000000001001000010000000000000000010001000100010000001000011101000110011001000000011110010011000110010100001001011010100011011100001110011100100101010111001001100011000010001100110101010100110000111101110101101110000010010110011100010000000000000000000010000000000000000000000000100000000000000010000000000000000000010000000000000000000000000100000000000000000000000000000000000000000000000000000000
130564,11110000011111111011100000000000011000000000000000100000000000000000000000000000000000000000000000000000000000000000000000000000000000000000000101100010110000000000000000000000001111000111100010000001000000000000000000000000000000000000000001011000000000011111111000000000000000000001111000000100000000000000000000000000000000000000110000001100110001011101111000000110101111111101011010110110000010000001010000001010101000000000001100110100011001110110010001000000110010101101100000101101011100010011001010110000000010011101100000100000001111100111110010011000100011000110111011100010111001001011100110011011100101000011000000101000011011101100000000011011110010001110100000100111101100000101000000000011000011100000000001000000000000000000001000000000000000000000000000100000000000001000000000000000000001000000000000000000000000000100000000000000000000000000000000000000000000000
130881,11100000011110111011100000000000000000000000000000000000000000000000000000000000000000000000000000000000000000000000000000000000000000000000000101100010110001000000000000000000001100000110000000000000000000000000000000000000000000000000000000000000000000011111010000000000000000000001111000000000000110000000100000000000000000000000110001001100111000011001111100000110001100111001100010010111000011100001011000000000101010100000001100100110111100100110110000000100100000101000100000101111001001110011000010100000000111011111100000100001101110000101110011011000100110110110111010111010110000001011100100111001101101110111000110001000011011101000000000000010110111101111100101100111110110101000000011000000000011101100000000000000000000000000000000000000000100000000000000000000100000000000000000000000000000000000000000100000000000000000000000000000000000000000000000000000000000000
130904,11110000011110100011100000000000000000000000000000000000000000000000000000000000000000000000000000000000000000000000000000000000000000000000000110000000000000000000000000000000001100000110000010000001000000000000000000000000000000000000000001100000100000010000000000000000000000000001111000000000000000000000000000000000000000000000111101001100100000011001100000000100001100101100100010000011000000000000010000000000100010000000001010100100110100100100100000000010100000100000000000000000001000010000001000000000000010001000100000000001010010000110010011001000000010000010000000110010110000001001000110010101100001100010000000001000011001001000000000000000010010001100100100000111100110001100100011110000100011111000100000000000000000000000000000000000000000000000000000000000100100000000000000000100000000000000000000100000000000000000000110000000000000000000110000000000000000000
131411,11100000011110110011000000000000010000000001000000000000000000000000000000000000000000000000000000000000000000000000000000000000000000000000000101100000000000000000000000000000001100000110000000000000000000000000000000000000000000000000000001011000000000011111010000000000000000000001111000000100010000000000100000000000000000011010110000001100111001011101111000000110101100101100111111110011000011000001011000001000101010000000001100100100111100100100110000000000100000101000000000100000001001010010101000110100000010001101100000111001001111000110110011111000000010000010011001111010111000101011010110011011100001100111000110001000011001101100000000010001111010001111101101010111101111001111110111111111110011101000001001000000000000010101000000000001000110100000010000000000000001001000000000000010101000000000001000110100000010000000000000000000000000000000000000000000000000000
134018,11100000011110110011000000000000010000000000000000000000000000000000000000000000000000000000000000000000000000000000000000000000000000000000000101100000000000000000000000000000001100000000000000000000000000000000000000000000000000000000000000000000000000011100000000000000000000000001111000000100000000000000100000000000000000000000110100001100101000011101111000000010001100101000111110010010000010000001011000001000101111000000011100100100111100100100110000000000101000101111100010100000011001010010100000111000000010001001100000110101001101100100110011011000000011001010011010111010111001001011000100011011100001100111100110101000111001101100000000010001111010001011100101001111100100001101000001100010000011100010000000000000000000100000000000000000000010000000000000000000010000000000000000000100000000000000000000010000000000000000000000000000000000000000000000000000000000000
134601,11100000011100110011100000000000000000000000000000000000000000000000000000000000000000000000000000000000000000000000000000000000000000000000000000000000000000000000000000000000001100000000000000000000000000000000000000000000000000000000000000000000000000010000000000000000000000000001111000000000000100000000100000000000000000000000110000101000110000011001100000000110001100100000100010000010110000000000011000000000100010000000001000100001110100100001100000000000000000100000000000000000001000000000000000000000000010001000100010000001100010000000000010001000000010100110000000111010100000001001000100110001100101010110000000000000001001101001011000000000100110001000100000000111101111111100100010100000100011100000000000000000000000000000000000000000000000000000000000000000000000000000000000000000000000000000000000000000000000000000000000000000000000000000000000000000000000000
134780,11000000011100110011100000000000000000000000000000000000000000000000000000000000000000000000000000000000000000000000000000000000000000000000000101100000000000000000000000000000001111000100000000000000000000000000000000000000000000000000000001011000000000010000000000000000000000000001111000000000000100000000000000000000000000000000110000101000110000011001100000000100001100001100000010000011110000000000000000000000100010000000001000100101010100100101000000000000100000100000000000000000001001000000001000000000000010001000100000000001100010000110010011001000000010000110000000111010100000001101010110110001100101000010000110001000011000001001011000100000100010001100100111000111000111011000101110000000100011101000000000000000000000000100000000000000000100100000000000000000000000000000000000000000100000000000000000100100000000000000000000000000000000000000000000000000000000000
138843,00000000000000000000000000000010000000000000000000000000000000000000000000000000000000000000000000000000000000000000000000000000000000000000000000000000000000000000000000000000000000000000000000000000000000000000000000000000000000000000000000000000000000000000000000000000000000000001000000001000000000000000000000000000000000000000000000000000000000000000000000000000000000000000000000000000000000000000000000000000000000000000000000000000000000000000000000000000000000000000000000000000000000000000000000000000000000000000000000000000000000000000000000000000000000000000000000000000000000000000000000000000000000000000000000000000000000000000000000000000000000000000000000000000000000000000000000000000000000000000000000000000000000000000000000000000000000000000000000000000000000000000000000000000000000000000000000000000000000000000000000000000000000000000000000000000000000000
148195,11100000011110111011000000000000000001000001100000000000000000000000000000000000000000000000000000000000000000000000000000000000000000000000000000000000000000000000000000000000001111000101100010110001000000000000011000000000000000000000000000000000000000011100000000000000000000000001111000000010010100000000000000000000000000011010110100001010110000011001111000100100001111011000000010010011010010000001000000000000101010000000001100110101011101110101010000000000100000101000000000100000001100010000010100100100000000001101100000100001001110000100011010111000100010000010000011110010110000011001001110010001100001000010000000001000011000001000011000000010110010001100101000010111000110001000000111000000000011101000010000000000000000000011000000000000010100001000000000000000000010000000000000000000011000000000000010100001000000000000000000000000000000000000000000000000000000000
150311,11100000011110100011000110000000000000000000000000000000000000000000000000000000000000000000000000000000000000000000000000000000010110000000000000000000000000000000000000000000001100000110000011000000000000000000000000000000000000000000000000000000000000010101000000000000000000000001111100000000000000000000100000000000000000000000110100111100111000011001100000001110001100001100011010000011000000000000001000000000100010000000001000100101010100100101000000000000100000100000000000000000001000010010001000000000000010001000100000000001000011100110110010001000000010000011011000111010110000101001000110010011100001000111000000001000011001001100011000010001110010001101100000000111100110001101110011100011110011100010000000000000000000000000000000000000000000000000000000000000010000000000000000000000000000000000000000000000000000000000000000000000000000000000000000000000000000000
154256,11110000011111110011100000000000000000000000000000000000000000000000000000000000000000000000000000000000000000000000000000000000000000000000000101100000000000000000000000000000001100000110000011000000000000000000010110000000000000000000000001011000000000011111010000000000000000000001111000000000000000000000100000000000000000000000110000001100111000011001111000000110001100101100111011110011000011000001011000000000101010000000001100100100111100100100110000000000100000101000100000100000001000010010001000100000000010001101100000100000001111100110110010011000000011100010011011100010110001101011000110011011100001110111100000101000111001001100000000010001110110001111100000000111101100001101000011110011000011101010000001000000000000010000000000000000000000100000000000000000010000001000000000000010000000000000000000000100000000000000000000000000000000000000000000000000000000000
156391,11000000011100000011000000000000000000000000000000000000000000000000000000000000000000000000000000000000000000000000000000000000000000000000000000000000000000000000000000000000001100000110000000000000000000000000000000000000000000000000000000000000110000010101000000000000000000000001101000000000000000000000100000000000000000000000110100000100100000001001100000000010001100100000111011000000000000000000011000000000100010000000001000100000110100100000100000000000000000100000100000000000001000000010000000000000000010001000100000000001000001100000100010001000000011000010011000110010100001000011010100011010100000000111000000100000001001001100000000010001000010001010100000000111100010001100100011110000100011101110000000000000000000110000000000000000000100000000000000000000110000000000000000000110000000000000000000100000000000000000000000000000000000000000000000000000000000000
156418,11100000011110100000000110000000000001000000000000000000000000000000000000000000000000000000000000000000000000000000000000000000000000000000000000000000000000000000000000000000001100000110000011000000000000000000000000000000000000000000000000000000110000010101010000000000000000000001110100000000000100000000000000000000000000000000110000101000110000010001100000010100001100100000000011000010110000000000000000000000100000000000001000100000010000100000000000000000100000100000000000000000001000000000000000000000000010001000100010000000000010000000010010001000000010000010000000100010100000001001000100010001100001000010000000001000011000001001000000000000100010001000100000000111000100001000000011000000000011101000000000000000000000100000000000000000000100000000000000000000000000000000000000000100000000000000000000100000000000000000000000000000000000000000000000000000000000000
157920,11110000011110000011100110000000000000000000000000000000000000000000000000000000000000000000000000000000000000000000000000000000000000000000000110000000000000000000000000000000001001000000000000000000000000000000000000000000000000000000000001001000000000000000000000000000000000000001101100000000000000000000100000000000000000000000110100010100101000001000000000010010000000100000100000000000000000000000011000000000000010000000000010000000100100000000100000000000000000000000000000000000000000000000000000000000000000000000000000000001000000000000000000000000000100000000000000010110000000000000000000000000000000100100000000000000000001000010000000000000000001000000000000000001100010101110100011110100100011101000000000000000000000000000000000000000000000000000000000000000000000000000000000000000000000000000000000000000000000000000000010000000000000000000110000000000000000000
158550,11110000011111111011110000000000010000000000000000000000000000000000000000000000000000000000000000000000000000000000000000000000000000000000000000000000000000000000000000000000001111000110000010000000000000000000000000000000000000000000000000000000000000011101000000000000000000000001111000000000000110000000100000000000000000000000111000111100111000011001111000000110001111101000100010010010111010100001011010000000101010000000001100110101011101110101110000110000100000101000000000100000001100010000001000100000000110101111100010100001101110000110010010011001000010100111000011110010110000001101000110110001100101000110000000001000011001001001011000000000110110001100100000000111100100001100000011100000000011110100000000000000000000000000000000000000000000000000000000000000100000000000000000000000000000000000000000000000000000000000000000000000000000000000000000000000000000000
158781,11100000011110111011000000000000000000000000000000000000000000000000000000000000000000000000000000000000000000000000000000000000000000000000000101100010110000000000000000000000001100000110000000000000000000000000000000000000000000000000000000000000000000011111010000000000000000000001111000000000000110000000100000000000000000000000110001001100110000011001111100000100001100111001100010010111000011100001001000000000101010100000001100100110111100100110110000000100100000101000000000101111001001110001000010100000000111011111100000100001101110000101110011011000100010100110111010111010110000001001100100110001100101000111000110001000011011101000000000000010110110001101100101100111110110101000000011000000000011101100000000000000000000000000000000000000000100000000000000000000100000000000000000000000000000000000000000100000000000000000000000000000000000000000000000000000000000000
159269,11000000011100110011100000000000000000000000000000000000000000000000000000000000000000000000000000000000000000000000000000000000000000000000000100100000000000000000000000000000001000000000000000000000000000000000000000000000000000000000000000000000000000000000000000000000000000000001111000000000000100000000100000000000000000000000110000010100111000011000000000000110000000110000000000000011110000000000011000000000100010000000001000000001010101100101000000000000100000000000000000000000000000000000000000000000000000000000000000000001000010000000000001000000100000010001000000000010000000001000000100000000000011100100000000000000000011110000011100100010000000110000000011000000101100000011000000000010000000000000000000000000000000000000000000000000000000000000000000000000000000000000000000000000000000000000000000000000000000000000000000000000000000000000000000000000000000000
160041,11000000011110000011000000000000010000000000000000000000000000000000000000000000000000000000000000000000000000000000000000000000000000000000000100100000000000000000000000000000001100000110000011000001100000000000000000000000000000000000000001001000110000010101010000000000000000000001100000000100000000000000000000000000000000000000110000000000100000000101100000000000001100000000000111000000000000000000000000001010100000000000001000100000010000100000000001110000010000100000000000000000001000000000100000010000000010001000100000011000000000000000000010001000000010000010000000100010101000000001000100010000100000000010000000000000001000001000000000000000001010001000100000000111000000001000000011000000000011101101000000000000000000101000000000000000000101000000000000000000101000000000000000000101000000000000000000101000000000000000000000000000000000000000000000000000000000000
161821,11000000011100000011100000000000000000000000000000000000000000000000000000000000000000000000000000000000000000000000000000000000000000000000000000000000000000000000000000000000001100000000000000000000000000000000000000000000000000000000000000000000000000010000000000000000000000000001101000000000000000000000100000000000000000000000110000000000101000001001100000000010001100100000100010000000000000000000011000000000100010000000001000100000110100100000100000000000000000100000100000000000001001000000000000000000000010001000100000000001000000000000100011001000000010000010011000110010100000000001010100010000100000000111000100000000001001001100000000000001000010001001100110000111110010111100100010100000100011101000000000000000000000000000000000000000000100000000000000000000000000000000000000000000000000000000000000100000000000000000000000000000000000000000000000000000000000000
163701,11100000011100110010000000000000000001000000000000000000000000000000000000000000000000000000000000000000000000000001100000000000000000000000000000000000000000000000000000000000001100000000000000000000000000000000000000000000000000000000000000000000000000010000000000000000000000000001111000000000000100000000000000000000000000000000111100000000110000011001100000000100001100100000000010000011010000000000000000000000100010000000001000100001010100100001000000000000000000100000000000000000001000000000000000000000000010001000100010000001000010000000000010001000000010000010000000110010100000001001010100010001100001000010000000000000001000001001011000000000100010001000100000000111000111001000100111000000100011111000000000000000000000000000000000000000000000000000000000000000000000000000000000000000000000000000000000000000000000000000000000000000000000000000000000000000000000000
163761,11110000011110110011100110000000000000000000000000000000000000000000000000000000000000000000000000000000000000000000000000000000000000000000000000000000000000000000000000000000001111000110000010000000000000000000000000000000000000000000000000000000101100011111010000000000000000000001111100000000000100000000100000000000000000000000110000101100110000011001111000010110001100101100111011110010110010000001011000000000101010000000001100100100111100100100110000000000100000101000100000100000001000010011001000100000000010001001100010100001001111101111110010011000000011010110011011110010110001001011000110011011100101100111100000101010111001101101000000011001110010101110100000000111111100111111000011111111000011101000000001000000000000010100001000000000000010100100000000100000000000001000000000000010100001000000000000010100100000000100000000000000000000000000000000000000000000000
164825,11000000011110111011110000110000011000000000000000000000000000000000000000000000000000000000000000000000000000000000000000000000000000000000000100000000000000000000000000000000001100000110000000000000000000000000000000000000000000000000000000000000000000010100000000000000000000000001111000000100000010000000000000000000000000000000100000101000110000011101000000000100001100001100100110000010000000000000000000000010101010100000000100100101111100100101100001110100110100100000010001000000001000010000001000000000000110101000100000011001101100000110010010001000000010000110000000111010110000001001000110010001100101000010000000001000011001101000110000000000110010001100100000000111001101110000000000000000000000000000000000000100000000000000000000000000000000000000000000000000000000000000100000000000000000000000000000000000000000000000000000000000000000000000000000000000000000000
168924,00000000010000000011110000000000000000000000000000000000000000000000000000000000000000000000000000010000000000000000000000000000000000000000000000000000000000000000000000000000000000000000000000000000000000000000000000000000000000000000000000000000000000000000000000000000000000000000001000000000000000000000000000000000000000000000000000000000000000000000000000000000000000000000100000000000000000000000000000000000000010000000000000000000000000000000100000000000000000000000000000000000000000000000000000000000000000000000000000000000000000000000000000000000000000000000000000000000000000000000000000000000000000000000000000000000000000000000000000000000000000000000000000000000000000000000000000000000000000000000000000000000000000000000000000000000000000000000000000000000000000000000000000000000000000000000000000000000000000000000000000000000000000000000000000000000000000000
169535,11000000011110000011110000000000000000000000000000000000001000000000000000000000000000000000000000000000000000000000000000000000000000000000000000000000000000000000000000000000001000000100000010000000000000000000000000000000000000000000000000000000000000000000000000000000000000000001101000000000000000000000000000000000000000000000100000000100101000001000000000000010000000100000000000000000000000000000010000000000100010000000000010100000010100100000000000000010000000000000100000000000001000000010000000000000000010000000100000000000010000000000000001001000000000000000000000000000000000000000000000000000000000000000000000000000000000000100000000000000000010000000000110000010000000000000000000000000000000000000000000000000000000000000000000000000000000000000000000000000000000000000000000000000000000000000000000000000000000000000000000000000000000000000000000000000000000000
176871,11100000011110110011100000000000000001000000000000000000000000000000000000000000000000000000000000000000000000000000000000000000000000000000000000000000000000000000000000000000001111000110000010000000000000000000000000000000000000000000000000000000101100011111010000000000000000000001111000000000000100000000000000000000000000000000110000001100101000011001111000000110001101111111011011110110110010000001010000000000111000000001101100100110011000110110010000001000100000101000100000101001001100010010001010100000000010011101100000100000001111101110110010011000100011010010111011100010110001001111100111011011100001100011110000101010111011101101000000011011110010101110100000100111101100001101000000010011000011100010000001000000000000010100001000000000000000100100000000000000010000001000000000000010100001000000000000000100100000000000000000000000000000000000000000000000000000000
179344,11100000011110110011000000000000000000000000000000000000000000000000000000000000000000000000000000000000000000000000000000000000000000000000000000000000000000000000000000000000001100000110000000000000000000000000010110000000000000000000000000000000000000010100000000000000000000000001111000000000000100000000000000000000000000000000110000011100101000011001100000000010001100111100100010000011010000000000010000000000100010000000001000100100110100100101100000000000100000100000000000000000001000010000001000000000000010001000100000000000000000000110110010001000100010000010011001100010110000001011000110011001100001100011000000001000011001101100010000000011110010001110100000100111101100001100000011100000000011100000000000000000000000000000000000000000000000100000000000000000000000000000000000000000000000000000000000000100000000000000000000000000000000000000000000000000000000000
181458,11100000011100100000000000000000000001000000000000000000000000000000000000000000000000000000000000000000000000000000000000000000000000000000000000000000000000000000000000000000001100000110000011000001100000000000000000000000000000000000000000000000000000000000000000000000000000000001110000000000000100000000000000000000000000000000111110001000100000010000000000000000000000100000000000000000010000000000000000000000000000000000000000000000000000000000000000000000000000000000000000000000000000000000000000000000000000000000000000000000000000000000000000000000000000000000000000000010000000001000000000000000000000000000000000000000000000000001000000000000000000000000000000000001000100001000000011000000000011110000000000000000000000000000000000000000000000000000000000000000000000000000000000000100100000000000000000000000000000000000000000000000000000000000000000000000000000000
189729,11110000011110110011100000000010000000000000000000000000000000000000000000000000000000000000000000000000000000000000000000000000000000000000000101100000000000000000000000000000001100000000000000000000000000000000000000000000000000000000000000000000000000010000000000000000000000000001111000001000000100000000100000100000000000000000110000111100111010011001100000000110001100000000100010000011010000000000001100010000100010000100001000100001110100100001100010000010000000100000000000000000001000000000000000000000000010001000100010000001110010000000000010001000000010100010000000110010100000001001000100110000100001000110000000000000001001001001011000000000100110001000100000000111100110001001100110000010000011100000000000000000000000000000000000000000000000000000000000000000000000000000000000000000000000000000000000000000000000000000000000000000000000000000000000000000000000000
193962,11000000011110111010000000000000000000000001000000000000000000000000000000000000000000000000000000000000000000000000000000000000000000000000000000000000000000000000000000000000001111000110000010000000000000000000000000000000000000000000000000000000000000011101000000000000000000000001111000000000010100000000000000000000000000011010110000001100100000011001101000000000001100111111011010010110110010000001010000000000101100000000011000100110011000100110010000000000101000101000100000101001001000010010001010100000000010011001100000100000001001000110110010011000100011001010111000100010110001001111100111011011100011100011110000101000111011101101000000011011010010001110100000101111100100001100000001100000000011100010100000000000000000100000000000000000000010000000000000000000010100000000000000000100000000000000000000010000000000000000000000000000000000000000000000000000000000000
208902,11100000011110100011000000000000000000000000000000000000000000000000000000000000000000000000000000000000000000000000000000000000000000000000000110100010000000000000000000000000001100000000000000000000000000000000000000000000000000000000000001101000000000010000000000000000000000000001111000000000000100000000000000000000000000000000110100000100111000011001100000000110001100100000011010000010110000000000010000000000100010000000001000100001010100100001000000000000000000100000100000000000001000000010000000000000000010001000100010000001000011100000100010001000000011000010011000100010100001001011000100011010100001100011100000100000101001001101011000010001100010001010100000000111100100001100000011110000000011101010000000000000000000110000000000000000000110000000000000000000010000000000000000000110000000000000000000110000000000000000000100000000000000000000100000000000000000000
214348,11000000011110110011100000000000000000000000000000000000000000000000000000000000000000000000000000000000000000000000000000000000000000000000000101100000000000000000000000000000001100000110000011000000000000000000000000000000000000000000000000000000000000011101010000000000000000000001111000000000000010000000100000000000000000000000110000001100100000011001101100000000001100011101111010000110000010000001001000000000101010100000001000100110111100100110110000000000100100101000010000101011001001010010001010100000000111011000100000100001001001100110110011011000100010000010111010110010110000101001110110010011100001000111000100001000011011101100100000010011110010001101100110100111100110001101100100100011100111100000100000000000000000000000000000000000000010000000000000000000000100000000000000000000000000000000000000010000000000000000000000000000000000000000000000000000000000000
214350,11000000011110100011000111000000000001000000000000000000000000000000000000000000000000000000000000000000000000000000000000000000000000000000000101100000000000000000000000000000001100000110000000000000000000000000000000000000000000000000000001011000000000010100000000000000000000000001111100000010000100000000000000000000000000000000110000001110100000011001100000110010001100101100011010000010110000000000010000000000100010000000001000100101010100100101000000000000100000100000100000000000001000010010011100000000000010001000100000000001000001100110111010001000000011000010011000110010110001011011011110011011100001000011000000101000011001001101010000010001110010001110100000000111101111101101100011100011100011101100000000100000000000000110000000000000000010100000000000000000100000000100000000000000110000000000000000010100000000000000000000000000000000000000000000000000000000000
216237,11100000011110110011000000000000000001000000000000000000000000000000000000000000000000000000000000000000000000000000000000000000000000000000000000000000000000000000000000000000001100000110000011000000000000000000010110000000000000000000000000000000000000010101000000000000000000000001111000000010000100000000100000000000000000000000110000011110111000011001100000100110001100101100000010000011110000000000001000000000100010000000001000100101010100100101000000000000100000100000000000000000001001010000011100000000000010001000100000000001000010000110111011001000000010000011011000110010110000011001011110010001100001000111000100001000011001101101011000000001110010001101100110000111101110001100100110100000100111101000100000000000010000000110000000000000000100100000000000000000000100000000000010000000110000000000000000100100000000000000000000000000000000000000000000000000000000000
216326,11000000011100110011000000000000000000000000000000000000000000000000000000000000000000000000000000000000000000000000000000000000000000000000000101100000000000000000000000000000001111000100000000000000000000000000000000000000000000000000000001011000000000010000000000000000000000000001111000000000000100000000000000000000000000000000110000101000110000011001100000000100001100001100000010000011110000000000000000000000100010000000001000100101010100100101000000000000100000100000000000000000001001000000001000000000000010001000100000000001100010000110010011001000000010000110000000110010100000001101010110110001100101000010000100001000011000001001011000100000100010001100100110000111000111001000101110000000100011101000000000000000000000000100000000000000000100100000000000000000000000000000000000000000100000000000000000100100000000000000000000000000000000000000000000000000000000000
216457,11110000011110110011100000000000000000000000000000000000000000000000000000000000000000000000000000000000000000000000000000000000000000000000000000000000000000000000000000000000001111000111100010110001011000100000000000000000000000000000000000000000101100010100000000000000000000000001111000000000000000000000100000000000000000000000110100111100111000011001100000000110001100000000100010000011000000000000011000000000100010000000001000100000110100100001100000000000100000100000000000000000001000000000000000000000000010001000100000000001000010000000010010001000000010100010000000110010100000001001000100010001100011010110000000001000011001001000011000000000100110001000100000000111011100111000000011000000000011101000000000000000000000000000000000000000000100000000000000000000000000000000000000000000000000000000000000100000000000000000000000000000000000000000000000000000000000000
219025,11110000011110110011100000000000010001000000000000000000000000000000000000000000000000000000000000000000000000000000000000000000000000000000000100100000000000000000000000000000001100000110000000000000000000000000000000000000000000000000000001001000000000011111010000000000000000000001111000000100000100000100000000000000000000000000110000001100111000011001100000000110101100101100011011000011010000000000010001000010100010000000001010100100010100100100000001110000100000100000100000000000001001000010001000000000000010001000100000000001000011100110110011001000000011000010011000110110100011001011010110011011100001100011100101100000111001101111000000010001100010001110100110000111101111111101110111110001110111101010000001000000000000000100000000000000000010000000000000000000010000001000000000000000100000000000000000010000000000000000000000000000000000000000000000000000000000000
219078,11100000011100110011000000000000000000000000000000000000000000000000000000000000000000000000000000000000000000000000000000000000000000000000000000000000000000000000000000000000001100000000000000000000000000000000000000000000000000000000000000000000000000010000000000000000000000000001111000000000000100000000000000000000000000000000110000101000111000011001100000000110001100100000000010000010110000000000010000000000100010000000001000100001010100100001000000000000100000100000000000000000001000000000000000000000000010001000100010000001100010000000010010001000000010100110000000100110100000001001000100110001100101010010000000001000011000101011011000000000100110001000100000000111000100001000000000000000000011100000000000000000000000000000000000000000000000000000000000000000000000000000000000000000000000000000000000000000000000000000000000000000000000000000000000000000000000000
219520,10000000011000000010000000000000000001000000000000000000000000000000000000000000000000000000000000000000000000000000000000000000000000000000000100100000000000000000000000000000000000000000000000000000000000000000000000000000000000000000000000000000000000011000000000000000000000000001101000000010000000000000000000000000000000000000100000000111101000001001000001000010001100000000010010000000000000000000010001000000100010000000000010101000010100101000000000000000000000100000100000000000001001000010000000000000000010001000100000000001000001100000101111001000010011000010011000110010100001010011010100011010100000100001100100100000101001001100000000010001000010001010100110000110100010000000000000000000000000000000000000000000000000000000000000000000000000000000000000000000000000000000000000000000000000000000000000000000000000000000000000000000000000000000000000000000000000000
221493,11110000011110000011100000000000000000000000000000000000000000000000000000000000000000000000000000000000000000000000000000000000000000000000000110000000000000000000000000000000001100000110000011000000000000000000000000000000000000000000000001100000110000000000000000000000000000000001101000000000000000000000100000000000000000000000111100010100101000001000000000000010000000100000100000000000000000000000001000000000000010000000000000000000100100000000100000000000000000000000000000000000000000000000000000000000000000000000000000000001000000000000000000000000000000000001000000010010000000000000000000000000000000000100000000000000000001000000000000000000000000000000000000000001100010001110100011110100100011111000000000000000000000000000000000000000000000000000000000000000110000000000000000000110000000000000000000110000000000000000000100000000000000000000100000000000000000000
237332,10000000011000000011000000000000000000000000000000000000000000000000000000000000000000000000000000000000000000000000000000000000000000000000000100100000000000000000000000000000000000000000000000000000000000000000000000000000000000000000000000000000000000011000000000000000000000000001101000000000000000000000100000000000000000000000100000000100101000001001000000000010001100000000010010000000000000000000011001000000100010000000000010101000010100101000000000000010000000100000100000000000001001000010000000000000000010001000100000000001010001100000100011001000000011010011011000110010100001000011010100011110100000100101100100100000101001001100000000010001000010111011100110000111100010000110111000000100011000000000000000000000000000000000000000000000000000000000000000000000000000000000000000000000000000000000000000000000000000000000000000000000000000000000000000000000000000000
270885,11000000011100100011000000000000000000000000000000000000000000000000000000000000000000000000000000000000000000000000000000000000000000000000000101100000000000000000000000000000000000000000000000000000000000000000000000000000000000000000000000000000000000000000000000000000000000000001111000000000000000000000000000000000000000000000100000000000111000011000000000000110000000100000100000000011000000000000010000000000100010000000000000000001100101100101100000000000000000000000100000000000000000000000001000000000000010000000000000000001000010000000000000000000000000000000000000010000000000001000000000000000000001000000000000000000000000000000011000000000100000000000000000000000000001000000000000000000000000000000000000000000000000000000000000000000000000000000000000000000000000000000000000000000000000000000000000000000000000000000000000000000000000000000000000000000000000000
374707,11100000011110111011000000000000000001100000000000000000000000000000000000000000000000000000000000000000000000000000000000000000000000000000000000000000000000000000000000000000001111000110000010000000000000000000000000000000000000000000000000000000101100011111110000000000000000000001110000000000000101000000100000000000000000000000110000001000110000010001111000000100001100101100000011110011110110000101000000000000101000010000001100100100011000100100011100000000100000101000000000100000001000010000001000100000001010001001100010100000001010000110010010011010000010000010000011100010110000001101000111010001100001000010010000001000011000001001000000000000110010001100100000000111000100001000000011000000000011100000100000000000000000100000000000000100000000100000000000000000000100000000000000000100000000000000100000000100000000000000000000000000000000000000000000000000000000000
406563,11100000011110111011100110000000010001000000000000000000000000000000000000000000000000000000000000000000000000000000000000000000000000000000000000000000000000000000000000000000001111000110000011000001000000000000000000000000000000000000000000000000000000011101010000000000000000000001111100000110000100000000100000000000000000000000110000001110110000011101111000110100001111111100011110010010110010000001010010000010101010000000001100110101011101110101010001110000110000101000100001100000001101110010011100100000000010001101100010111001101111100110111011011000100011000110011001110010110001011011011110111011100101100011100100101000111011101101011000011011110010001110100110100111101110101100100000000000000011100001000001000000010000000100000000000000000000010000000000000000001000001000000010000000100000000000000000000010000000000000000000000000000000000000000000000000000000000
439195,11000000011000000011100000000000000000000000000000000000000000000000000000000000000000000000000000000000000000000000000000000000000000000000000000000000000000000000000000000000001001000000000000000000000000000000000000000000000000000000000000000000000000000000000000000000000000000001101000000000000000000000100000000000000000000000100000010100101100001000000000000011000000000000100000000000000000000000011000000000000000000000000000000000000000000000000000000000000000000000000000000000000000000000000000000000000000000000000000000000000000000000000000000000000100010001000000000010000000000000000000000000000000100100000000000000000001010000000000000000000001110000000000000000110000000010000000000000000000000000000000000000000000000000000000000000000000000000000000000000000000000000000000000000000000000000000000000000000000000000000000000000000000000000000000000000000000000
441074,11100000011110110011000000000000000000000000000000000000000000000000000000000000000000000000000000000000000000000000000000000000000000000000000000000000000000000000000000000000001111000101100010110001011000100000000000000000000000000000000000000000101100011111000000000000000000000001111000000000000000000000100000000000000000000000110100111100111000011001111000000110001111101100011011110011000010000001011000000000101000000000001100110100011001110100010000000000100000101000100000100000001100010010001000100000000010001101100000100000001111100110110010011000000011100011011011100010110001001011000110011011100001000111000000101000011001001100000000010001110110001111100000000111101100001110000011111100000011101000000001000000000000010000000000000000000000100000000000000000000000001000000000000010000000000000000000000100000000000000000000000000000000000000000000000000000000000
441300,11100000011100111010000000000000000000000000000000000000000000000000000000000000000000000000000000000000000000000001100000000000000000000000000101100010000000000000000000000000001011000000000000000000000000000000000000000000000000000000000001011000000000011111100000000000000000000001111000000000000100000000100000000000000000000000110100101000111000011001011100000110000001011111000010111111110011000001001000000000101000000000000100100110011000110110010000000000100000001000000000101101001100010001000010100000000010010101100010100000001010000101010000011000100000000101100000000010010000001100100101000000000101000100010000001000000011001101000000000010110010000000000000100010101000000000000000000000000011000000000000000000000000000000000000000000000000000000000000000000000000000000000000000000000000000000000000000000000000000000000000000000000000000000000000000000000000000
441308,11110000011111110011110000000000000000000000000000000000000000000000000000000000000000000000000000000000000000000000000000000000000000000000000000000000000000000000000000000000001100000110000000000000000000000000000000000000000000000000000000000000000000010100000000000000000000000001111000000000000100000000100000000000000000000000110000111100111000011001100000000110001100100000111010000010110000000000011000000000100010000000001000100000110100100000100000000010000000100000100000000000001000000010000000000000000010001000100010000001010011100000100010001000000011110011011000110110100001000011000100011010100001100111100000100000101001111111000000010001100110111010100000000111110000111100000010100000000011100010000000000000000000000000000000000000000000000000000000000000010000000000000000000000000000000000000000000000000000000000000000000000000000000000000000000000000000000
441358,11100000011110100000000000000000000001000000000000000000000000000000000000000000000000000000000000000000000000000000000000000000000000000000000000000000000000000000000000000000001100000110000000000000000000000000011000000000000000000000000000000000000000010100000000000000000000000001110000000000000100000000000000000000000000000000110000000000110000010001100000000100001100100000000010000010110000000000000000000000100000000000001000100000010000100000000000000000000000100000000000000000001000000000000000000000000010001000100010000000000010000000000010001000000010000010000000100010100000000001000100010000100001000010000000000000001000001001000000000000000010001000100000000111000000001000000011000000000011101000000000000000000000000000000000000000000100000000000000000000000000000000000000000000000000000000000000100000000000000000000000000000000000000000000000000000000000000
441374,11110000011110111011110000000000010000000000000000000000000000000000000000000000000000000000000000000000000000000000000000000000000000000000000000000000000000000000000000000000001101000100100010000000000000000000000000000000000000000000000000000000000000000000000000000000000000000001111000000000000100000000100000000000000000000000100000111100111100011000000000000111000000000000100000000000010000000000011010000000000000000000000000000000000000000000000000110000000000000000000000000000000000000000000000000000000000000000000010000000000000000000000000000000000100110001000000000010000000001100000000000000001000110100000000000000000001110001000000000000000001110000000000000001111100000111000000001101000000000000000000000000000000000000000000000000000000000000000000000000000000001000000000000000000101000000100000000000101000000000000000000000000000000000000000000000000000000
441476,11000000011000000011100000000000000000000000000000000000000000000000000000000000000000000000000000000000000000000000000000000000000000000000000000000000000000000000000000000000001001000000000000000000000000000000000000000000000000000000000000000000000000000000000000000000000000000001101000000000000000000000100000000000000000000000100000010100101100001000000000000011000000000000100000000000000000000000011000000000000010000000000000000000100100000000100000000010000000000000000000000000000000000000000000000000000000000000000000000001010000000000000000000000000100010001000000010110000000000000000000000100000000100100000000000000000001010010000000000000000001110000000000000001110010100110110000000100010000000000000000000000000000000000000000000000000000000000000000000000000000000000000000000000000000000000000000000000000000000000000000000000000000000000000000000000000000000
443314,11110000011110000011110000000000000000000000000000000000000000000000000000000000000000000000000000000000000000000000000000000000000000000000000100100000000000000000000000000000000000000000000000000000000000000000000000000000000000000000000000000000000000000000000000000000000000000001101000000000000000000000100000000000000000000000100000010100101000001000000000000010000000100000100000000000000000000000011000000000000010000000000000000000100100000000100000000000000000000000000000000000000000000000000000000000000000000000000000000001000000000000000000000000000000010001000000010010000000000000000000000000000000100000000000000000000001010000000000000000000000110000000000000001110010001110100010101100100000000000000000000000000000000000000000000000000000000000000000000000000000000000000000000000000000000000000000000000000000000000000000000000000000000000000000000000000000000
443872,11100000011110000011100000000000000000000000000000000000000000000000000000000000000000000000000000000000000000000001001000000000000000000000000110100010000000000000000000000000001100000110000010000000000000000000010010000000000000000000000001100000110000000000000000000000000000000001101000000000000000000000000000000000000000000000111101010100101000001000000000000010000000100000100000000000000000000000010000000000100010000000001010100000110100100000100000000000000000000000000000000000001000000000000000000000000000000000100000000001000000000000000001001000000000000000000000010010000000000000000100000000000000100000000000000000000001001100000000000000000010000000000100000011110010101110110011111100110011111000000000000000000000000000000000000000000000000000000000000000110000000000000000000110000000000000000000110000000000000000000110000000000000000000110000000000000000000
443953,11110000011111100011111000000000000000000000000000000000000000000000000000000000000000000000000000000000000000000000000000000000000000000000000000000000000000000000000000000000001001000100100000000000000000000000000000000000000000000000000000000000000000000000000000000000000000000001111000000000000000000000100000000000000000000000110101111100111100011000000000000111000000100000100000000011000000000000011000000000000010000000000010000000100100000000100000000000000000000000000000000000000000000000000000000000000000000000000000000001000010000000000000000000000100110001000000010110000000001000000000000000001001110100000000000000000001110010000000000000000101110000000000000001110010111110110011111100110011100000000000000000000000000000000000000000000000000000000000000000000000000000000000000000000000000000000000000000000000000000000000000000000000000000000000000000000000000
444030,11100000011110110011000000000000000000000001000000000000000000000000000000000000000000000000000000000000000000000000000000000000000000000000000101100010010000000000000000000000001100000110000011000000000000000000000000000000000000000000000001001000000000010101000000000000000000000001111000000000000100000000000000000000000000000000111100000100111000011001100000000110001100000000011010000011010000000000010000000000100010000000001000100001010100100001000000000000000000100000100000000000001000000010000000000000000010001000100000000001000011100000100010001000000011000010011000110010100001001011010100011011100001100011100000100000101001001100000000010001100010001010100000000111100111001100100111110000100011111010000000000000000000100000000000000000000010000000000000000000010000000000000000000100000000000000000000010000000000000000000000000000000000000000000000000000000000000
444041,11110000011111000011111000000000000000000000000000000000000000000000000000000000000000000000000000000000000000000000000000000000000000000000000000000000000000000000000000000000001001000100100010010001001000100100000000000000000000000000000000000000000000000000000000000000000000000001101000000000000000000000100000000000000000000000100000010100101100001000000000000011000000000000100000000000000000000000011000000000000000000000000000000000000000000000000000000000000000000000000000000000000000000000000000000000000000000000000000000000000000000000000000000000000100010001000000000010000000000000000000000000001000100100000000000000000001010000000000000000000001110000000000000001110000000110000000001100000000000000000000000000000000000000000000000000000000000000000000000000000000000000000000000000000000000000000000000000000000000000000000000000000000000000000000000000000000000
444972,10000000011000000011100000000000000000000000000000000000000000000000000000000000000000000000000000000000000000000000000000000000000000000000000000000000000000000000000000000000000000000000000000000000000000000000000000000000000000000000000000000000000000000000000000000000000000000001101000000000000000000000100000000000000000000000100000000000100000001000000000000000000000000000100000000000000000000000001000000000100010000000000000100000110100100000100000000000000000000000000000000000000000000000000000000000000010000000100000000000000000000000000001000000000000000000010000000000000000000000000000000000000000000001000000000000000000000000000000000000000000000001000110000000000000000000000000000000000000000000000000000000000000000000000000000000000000000000000000000000000000000000000000000000000000000000000000000000000000000000000000000000000000000000000000000000000000000
445639,11110000011110000011000000000000000000000000000000000000000000000000000000000000000000000000000000000000000000000000000000000000000000000000000000000000000000000000000000000000000000000000000000000000000000000000000000000000000000000000000000000000000000000000000000000000000000000001101000000000000000000000100000000000000000000000100000000000100000001000000000000000000000100000100000000000000000000000001000000000100010000000000000100000110100100000100000000000000000000000000000000000001000000000000000000000000010000000100000000001000000000000000000001000000000000000000000010010000000000000000100000000000000000100000000000000000001001000000000000000000010000000000000000011100010001100100010100000100000000000000000000000000000000000000000000000000000000000000000000000000000000000000000000000000000000000000000000000000000000000000000000000000000000000000000000000000000000
445643,11110000011111100011110000000000000000000000000000000000000000000000000000000000000000000000000000000000000000000000000000000000000000000000000000000000000000000000000000000000001111000100100010000000000000000000000000000000000000000000000000000000000000000000000000000000000000000001111000000000000000000000100000000000000000000000110100111100111000011000000000000110000000100000100000000011000000000000011000000000100010000000001010100001110100100001100000000010000000000000000000000000001000000000000000000000000010000000100000000001110010000000000000001000000100110001010000010110000000001010000100100100000001110101000000000000000001111010011000000000100111110010000000000011110110001110110011110100110011100000000000000000000000000000000000000000000000000000000000000000010000000000000000000010000000000000000000000000100000000000000000000000000000000000000000000000000000000
445709,10000000000000000011000000000000000000000000000000000000001000000000000000000000000000000000000000000000000000000000000000000000000000000000000000000000000000000000000000000000000000000000000000000000000000000000000000000000000000000000000000000000000000000000000000000000000000000000000000000000000000000000100000000000000000000000000000000000000000000000000000000000000000000000000000000000000000000000000000000000000000000000000000000000000000000000000000000000000000000000000000000000000000000000000000000000000000000000000000000000000000000000000000000000000000000000000000000000000000000000000000000000000000000000000000000000000000000000000000000000000000000000000000000000000000000000000000000000000000000000000000000000000000000000000000000000000000000000000000000000000000000000000000000000000000000000000000000000000000000000000000000000000000000000000000000000000000000
446987,10000000010000000011100000000010000000000000000000000000000000000000000000000000000000000000000000000000000000000001001000000000000000000000000000000000000000000000000000000000000000000000000000000000000000000000000000000000000000000000000000000000000000000000000000000000000000000001101000001000000000000000100000100000000000000000100000010100101010001000000000000010000000100000000000000000000000000000010000010000000000000100000000000000000000000000000010000000000000000000000000000000000000000000000000000000000000000000000000000000000000000000000000000000000000000000000000000000000000000000000000000000000000000000000000000000000000000000000000000000000000000000000000000000000000000000000000000000000000000000000000000000000000000000000000000000000000000000000000000000000000000000000000000000000000000000000000000000000000000000000000000000000000000000000000000000000000000
447043,11110000011111110011110000000000000000000000000000000000000000000000000000000000000000000000000000000000000000000000000000000000000000000000000000000000000000000000000000000000001001000100100000000000000000000000000000000000000000000000000000000000000000000000000000000000000000000001111000000000000000000000100000000000000000000000110101111100111100011000000000000111000000100000100000000011000000000000011000000000000010000000000000000000100100000000100000000000000000000000000000000000000000000000000000000000000000000000000000000001000010000000000000000000000100110001000000010110000000001000000000000000001001100100000000000000000001110010000000000000100101110000000000000001111110001111110011111110110011100000000000000000000000000000000000000000000000000000000000000000000000000000000000000000000000000000000000000000000000000000000000000000000000000000000000000000000000000
447715,11110000011110000011100000000000000000000000000000000000000000000000000000000000000000000000000000000000000000000000000000000000000000000000000110000000000000000000000000000000001100000110000011000000000000000000000000000000000000000000000001100000110000000000000000000000000000000001101000000000000000000000100000000000000000000000111100010100101000001000000000000010000000100000100000000000000000000000001000000000000010000000000000000000100100000000100000000000000000000000000000000000000000000000000000000000000000000000000000000001000000000000000000000000000000000001000000010010000000000000000000000000000000000100000000000000000001000000000000000000000000000000000000000001100010001110100011110100100011111000000000000000000000000000000000000000000000000000000000000000110000000000000000000110000000000000000000110000000000000000000100000000000000000000100000000000000000000
449193,11000000011110110011000110000000000001100000000000000000000000000000000000000000000000000000000000000000000000000001100000000000000000000000000000000000000000000000000000000000001111000100000000000000000000000000000000000000000000000000000000000000000000011100000000000000000000000001111100000010000100000000000000000000000000000000110100001110111000011001101000110110001111001100011010010010110010000001010000000000101010000000001000110101011101110101010000000000100000101000100000100000001101010010010100100000000010001101100000100001001011101100111011011000000011010010011001110010110001011111011111011011110001100011110100101010111001001100010000010001110010101110100110000111101110101101110000010010110011100010000000000000000000010000000000000000000000000100000000000000010000000000000000000010000000000000000000000000100000000000000000000000000000000000000000000000000000000
456199,11000000011100110011100110000000000000000000000000000000000000000000000000000000000000000000000000000000000000000000000000000000000000000000000101100000000000000000000000000000001111000100000000000000000000000000000000000000000000000000000001011000000000011100000000000000000000000001111100000000000001000000000000000000000000000000110000010100111000011001101000010110001111011011011010010111000111000101010000000000101000010000001000110010011001110110011100000000000000101000100000101101001100010011001010100000001010011100100000000000000111100011100010001010100011110110111000100010100001000011100100011010100111110011000000100000001011101100000010010011100110101010100000100111100000001110000000101100000011100010000000000000000000000000000000000000000000000000000000000000010000000000000000000000000000000000000000000000000000000000000000000000000000000000000000000000000000000
464205,11000000011100111011100000000010000000000000000000000000000000000000000000000000000000000000000000000000000000000000000000000000000000000000000101100000000000000000000000000000001011000000000000000000000000000000000000000000000000000000000001011000000000011111100000000000000000000001111000001000000100000000100000100000000000000000100000011100111000011001011100000110000001111111000010111111010011000001010000010000101000000100000100000110011000010110010010000000100000001000000000101101000100010001000010100000000000010101000000100000001010000101010000010000100000100100100000000000010000000100100001000000000101010000010000001000000010000000000000000010110100000000000000100000000000000000000000000000000000000000000000000000000000000000000000000000000000000000000000000000000000000000000000000000000000000000000000000000000000000000000000000000000000000000000000000000000000000
493570,11100000011110111011100000000000000000000000000000000000000000000000000000000000000000000000000000000000000000000000000000000000000000000000000000000000000000000000000000000000001100000100000010000000000000000000000000000000000000000000000000000000100000010000000000000000000000000001111000000000000100000000100000000000000000000000110000011100111000011001100000000110001100111100000010000011110000000000001000000000101010000000001100100111011100100111010000000000100000100000000000000001001000010000001000000000000000011000100000000001001010000111010010001000100010110111000000101010110000001101100110010001100101000110000000001000011001111000010100100010110110011100100000000111111100001001000010000010000011101000100000000000000000000100000000000000000100000000000000100000000100000000000000000000100000000000000000100000000000000100000000000000000000000000000000000000000000000
516875,00000000000000000011100000000000000000000100000000000000010000000000000000000000000000000000000000000000000000000000000000000000000000000000000000000000000000000000000000000000000000000000000000000000000000000000000000000000000000000000000000000000000000000000000000000000000000000000000000000000000000000000000000000000000000000000000000000000000000000000000000000000000000000000000000000000000000000000000000000000000000000000000000000000000000000000000000000000000000000000000000000000000000000000000000000000000000000000000000000000000000000000000000000000000000000000000000000000000000000000000000000000000000000000000000000000000000000000000000000000000000000000000000000000000000000000000000000000000000000000000000000000000000000000000000000000000000000000000000000000000000000000000000000000000000000000000000000000000000000000000000000000000000000000000000000000000000000
516892,00000000000000000011000000100000000000000000000000000000000000000000000000000000000000000000000000000000000000000000000000000000000000000000000000000000000000000000000000000000000000000000000000000000000000000000000000000000000000000000000000000000000000000000000000000000000000000000001000000000000000000000100000000000000000000000000000000000000000000000000000000000000000000000100000000000000000000000001000000000000010000000000000000000000000000000100000000000000000000000000000000000000000000000000000000000000000000000000000000000000000000000000000000000000000000000000000000000000000000000000000000000000000000000000000000000000000000000000000000000000000000000000000000000000000000000000000000000000000000000000000000000000000000000000000000000000000000000000000000000000000000000000000000000000000000000000000000000000000000000000000000000000000000000000000000000000000000
516893,00000000000000000011000000000000000000000100000000000000000000000000000000000000000000000000000000000000000000000000000000000000000000000000000000000000000000000000000000000000000000000000000000000000000000000000000000000000000000000000000000000000000000000000000000000000000000000000001000000000000000000000100000000000000000000000000000000000000000000000000000000000000000000000100000000000000000000000001000000000000010000000000000000000000000000000100000000000000000000000000000000000000000000000000000000000000000000000000000000000000000000000000000000000000000000000000000000000000000000000000000000000000000000000000000000000000000000000000000000000000000000000000000000000000000000000000000000000000000000000000000000000000000000000000000000000000000000000000000000000000000000000000000000000000000000000000000000000000000000000000000000000000000000000000000000000000000000
516919,00000000000000000011100000100000010000000000000000000000000000000000000000000000000000000000000000000000000000000000000000000000000000000000000000000000000000000000000000000000000000000000000000000000000000000000000000000000000000000000000000000000000000000000000000000000000000000000000000000000000000000000100000000000000000000000000000000000000000000000000000000000000000000000000000000000000000000000000010000000000000000000000000000000000000000000000000110000000000000000000000000000000000000000000000000000000000000000000000000000000000000000000000000000000000000000000000000000000000000000000000000000000000000000000000000000000000000000000000000000000000000000000000000000000000000000000000000000000000000000000000000000000000000000000000000000000000000000000000000000000000000000000000000000000000000000000000000000000000000000000000000000000000000000000000000000000000000
517044,00000000010000000011000000000000000000000100000000000000000000000000000000000000000000000000000000000000000000000000000000000000000000000000000000000000000000000000000000000000000000000000000000000000000000000000000000000000000000000000000000000000000000000000000000000000000000000001101000000000000000000000000000000000000000000000000000000000100000001000000000000000000000100000100000000000000000000000000000000000000010000000000000000000100100000000100000000000000000000000000000000000000000000000000000000000000000000000000000000000000000000000000000000000000000000000000000000000000000000000000000000000000000000000000000000000000000000000000000000000000000000000000000000000000000000000000000000000000000000000000000000000000000000000000000000000000000000000000000000000000000000000000000000000000000000000000000000000000000000000000000000000000000000000000000000000000000000
517055,10000000011000000011000000100000000000000000000000000000000000000000000000000000000000000000000000000000000000000000000000000000000000000000000000000000000000000000000000000000001100000000000000000000000000000000000000000000000000000000000000000000000000010000000000000000000000000001101000000000000000000000000000000000000000000000110000000000100000001001100000000000001100000000100010000000000000000000000000000000100010000000001000100000110100100000100000000000000000100000000000000000001001000000000000000000000010001000100000000001000000000000100011001000000010000010011000110010100000000001010100010000100000000011000100000000001001001100000000000001000010001000100110000111100010001100100000100000100011100000000000000000000000000000000000000000000000000000000000000000000000000000000000000000000000000000000000000000000000000000000000000000000000000000000000000000000000000
518696,00000000000000000011000000000000000000000000000000000000001000000000000000000000000000000000000000000000000000000000000000000000000000000000000000000000000000000000000000000000000000000000000000000000000000000000000000000000000000000000000000000000000000000000000000000000000000000000000000000000000000000000000000000000000000000000000000000000000000000000000000000000000000000000000000000000000000000000000000000000000000000000000000000000000000000000000000000000000000000000000000000000000000000000000000000000000000000000000000000000000000000000000000000000000000000000000000000000000000000000000000000000000000000000000000000000000000000000000000000000000000000000000000000000000000000000000000000000000000000000000000000000000000000000000000000000000000000000000000000000000000000000000000000000000000000000000000000000000000000000000000000000000000000000000000000000000000000
637511,11000000011100000010000000000000000000000000000000000000000000000000000000000000000000000000000000000000000000000000000000000000000000000000000000000000000000000000000000000000001100000000000000000000000000000000000000000000000000000000000000000000000000010000000000000000000000000001101000000000000000000000000000000000000000000000110000000000101000001001100000000010001100000000000010000000000000000000000000000000100010000000001000101000010100101000000000000000000000100000000000000000001000000000000000000000000010001000100000000000000000000000000011001000000010000010000000100010100000000001000100010000100000000010000000000000001000001000000000000000000010001000100110000111000000001000000000000000000011100000000000000000000000000000000000000000000000000000000000000000000000000000000000000000000000000000000000000000000000000000000000000000000000000000000000000000000000000
637568,11000000011000000011100000000000000000000000000000000000000000000000000000000000000000000000000000000000000000000000000000000000000000000000000000000000000000000000000000000000000000000000000000000000000000000000000000000000000000000000000000000000000000000000000000000000000000000001101000000000000000000000000000000000000000000000100000000000100000001000000000000010000000100000100000000000000000000000010000000000100010000000000000100000110100100000100000000000000000000000000000000000000000000000000000000000000010000000100000000000000000000000000001000000000000000000010000000000000000000010000000000000000000000001000000000000000000000000000000000000000000000010000110000000000000000000000000000000000000000000000000000000000000000000000000000000000000000000000000000000000000000000000000000000000000000000000000000000000000000000000000000000000000000000000000000000000000000
656582,10000000011000100011000000100000010000000000000000000000000000000000000000000000000000000000000000000000000000000000000000000000000000000000000101100000000000000000000000000000001100000000000000000000000000000000000000000000000000000000000001011000000000010000000000000000000000000001111000000100000000000100000000000000000000000000110000000000100000011101100000000000001100000000000110000000000000000000000000000010100010000000001000100001010100100001000001110000110000100000000000010000001001000000000000000000000010001000100000011001000000000000010011001000000010000010000000110010100000001001010100010001100000000010000100000000011000001000000000000000000010001000100110000111000110001000100000000000100011100000000000000000000000000000000000000000000001000000000000000000000000000000000000000000000000000000000000001000000000000000000000000000000000000000000000000000000000000
656631,11100000011110110011000000000000010000000001000000000000000000000000000000000000000000000000000000000000000000000000000000000000000000000000000101100010110000000000000000000000001100000110000000000000000000000000000000000000000000000000000001011000000000011111010000000000000000000001110000000100000100000000000000000000000000000000110000101000110001010101111000000100101111101100000111110011110010011001000000001010101000000000001100110100011001110100010001110000110000101000000000100000001100010000101000110000000010001101100110111000001110000110010010011000000010000010000011100010111000001001000110010001100001000010000000001000011000001001000000000000111010001100100000000111000100001000000011000000000011101000100000000000000000100000000000000000000000100000000000000000000100000000000000000100000000000000000000000100000000000000000000000000000000000000000000000000000000000
656671,00000000000000000011100000110000011000000000000000000000000000000000000000000000000000000000000000000000000000000000000000000000000000000000000000000000000000000000000000000000000000000000000000000000000000000000000000000000000000000000000000000000000000000000000000000000000000000000000000000000000000000000000000000000000000000000000000000000000000000000000000000000000000000000000000000000000000000000000000000000000000000000000000000000000000000000000000110000000000000000000000000000000000000000000000000000000000000000000000000000000000000000000000000000000000000000000000000000000000000000000000000000000000000000000000000000000000000000000000000000000000000000000000000000000000000000000000000000000000000000000000000000000000000000000000000000000000000000000000000000000000000000000000000000000000000000000000000000000000000000000000000000000000000000000000000000000000000
969472,11100000011110111011000000000000000001000000000000000000000000000000000000000000000000000000000000000000000000000000000000000000000000000000000101100000000000000000000000000000001011000101100010110000000000000000000000000000000000000000000001011000000000011110000000000000000000000001111000000010000000000000000000000000000000000000100000001010111000011001011000100110001111111011100010010011000010000001010000000000101010000000000100110111011101110111110000000100100000101000000000101101001101110001011100100000000010011101100000100001101110000111111011011000100010100110011011111010110000011111101110111001110111010011000110001000011011101000011100000010110110001110100101100110001101100000000000000000000000000000000000000000000000000000000000000000000000000000000000000000000000000000000000000000000000000000000000000000000000000000000000000000000000000000000000000000000000000
1349907,10000000011000110000000000000000010000000000000000000000000000000000000000000000000000000000000000000000000000000000000000000000000000000000000100000000000000000000000000000000000000000000000000000000000000000000000000000000000000000000000000000000000000000000000000000000000000000001110000000100000100000000000000000000000000000000000000000000110000010000000000000100000000110000000000000011110000000000000000000000100001000000000000000000000001100100000000000000000000000000000000000000000000000000001000001001000010000000000010000000000010000000000000000000100000000000000000000000000000000000000000000000000000000000000000000000000010000000000000000000000000000000000000000000000000000000000000000000000000000000000000000000000000000000000000000000000000000000000000000000000000000000000000000000000000000000000000000000000000000000000000000000000000000000000000000000000000000
1549000,11100000011110110011000000000000000001000000000000000000000000000000000000000000000000000000000000000000000000000000000000000000000000000000000000000000000000000000000000000000001111000110000010000000000000000000000000000000000000000000000000000000000000010100000000000000000000000001111000000010000000000000100000000000000000000000110000101010111000011001100000100110001100000000100010000011000000000000011000000000100010000000001000100000110100100000100000000010100000100000000000000000001000000000010100000000000010001000100000000000010010000000011010001000000010110110000000100010100000011001001100010101100101110010000000001000011000001000000000000000100110111000100000000111000100001000000011000000000011100000010000000000000000000000000000000000000000000000000000000000000010000000000000000000000000000000000000000000000000000000000000000000000000000000000000000000000000000
2723816,10000000010000000011000000100000000000000000000000000000000000000000000000000000000000000000000000000000000000000000000000000000000000000000000000000000000000000000000000000000000000000000000000000000000000000000000000000000000000000000000000000000000000000000000000000000000000000001101000000000000000000000000000000000000000000000100000000000100000001000000000000000000000100000100000000000000000000000000000000000000010000000000000000000100100000000100000000000000000000000000000000000000000000000000000000000000000000000000000000001000000000000000000000000000000000000000000000000000000000000000000000000000000000000000000000000000000000000000000000000000000000000000000000000000000000000000000000000000000000000000000000000000000000000000000000000000000000000000000000000000000000000000000000000000000000000000000000000000000000000000000000000000000000000000000000000000000000
2723854,11000000011110110011110000110000011000000000000000000000000000000000000000000000000000000000000000000000000000000000000000000000000000000000000101100010000000000000000000000000001100000110000000000000000000000000000000000000000000000000000001011000000000011111010000000000000000000001111000000100000100000000100000000000000000000000110000001100100000011101111000000000001100001100011111110010110010011001001000000010101010000000001110100100011100100100010001110100110000101000000001100000001001010110001000100000000010001001100100111001001101010110110011011000000010100010011011111010110100101001010110010011100001000111000110001000011001101101000000011001110110001101100111000111100110101100100011110000100011100000000000000100000000001000000000000000000000100000000000000000000000000000100000000001000000000000000000000100000000000000000000000000000000000000000000000000000000000
2723872,11000000011000000011100000000000000000000000000000000000000000000000000000000000000000000000000000000000000000000000000000000000000000000000000000000000000000000000000000000000001001000000000000000000000000000000000000000000000000000000000000000000000000000000000000000000000000000001101000000000000000000000100000000000000000000000100000010100101000001000000000000010000000000000100000000000000000000000011000000000000000000000000000000000000000000000000000000000000000000000000000000000000000000000000000000000000000000000000000000000000000000000000000000000000100010001000000000010000000000000000000000000000000100100000000000000000001010000000000000000000001110000000000000001110000000110000000000100000000000000000000000000000000000000000000000000000000000000000000000000000000000000000000000000000000000000000000000000000000000000000000000000000000000000000000000000000000000
2724385,11110000011111000011110000000000000000000000000000000000000000000000000000000000000000000000000000000000000000000000000000000000000000000000000110000010000000000000000000000000001101000110100011010001000000100000000000000000000000000000000001100000110000000000000000000000000000000001101000000000000000000000100000000000000000000000111101010100101100001000000000000011000000100000100000000000000000000000011000000000100010000000001000100000110100100000100000000000000000000000000000000000001000000000000000000000000000000000100000000000000000000000000001001000000100010001010000000010000000000010000100000000001000100101000000000000000001011000000000000000000011110010000100000011110000001110000011111100000011111000000000000000000000000000000000000000000000000000000000000000110000000000000000000110000100000000000000110000000000000000000110000000000000000000110000000000000000000
2735133,00000000000000000011100000110000000000000000000000000000000000000000000000000000000000000000000000000000000000000000000000000000000000000000000000000000000000000000000000000000000000000000000000000000000000000000000000000000000000000000000000000000000000000000000000000000000000000000001000000000000000000000100000000000000000000000000000000000000000000000000000000000000000000000100000000000000000000000000000000000000010000000000000000000000000000000100000000000000000000000000000000000000000000000000000000000000000000000000000000000000000000000000000000000000000000000000000000000000000000000000000000000000000000000000000000000000000000000000000000000000000000000000000000000000000000000000000000000000000000000000000000000000000000000000000000000000000000000000000000000000000000000000000000000000000000000000000000000000000000000000000000000000000000000000000000000000000000
3000540,11110000011110110011100000000000010000000000000000000000000000000000000000000000000000000000000000000000000000000000000000000000000000000000000101100000000000000000000000000000001001000000000000000000000000000000000000000000000000000000000000000000000000000000000000000000000000000001111000000100000100000000100000000000000000000000110100111100111001011100000000000110100000100000000000000011110000000000011000001000000010000000000000000001000100000001000000000000000000000000000000000000000000000000000000010000000000000000000010000001100010000000000000000000000000110101000000010010001000001000000000100000000101110100000000000000000001110001011000000000100100110000000000000001111110001111100110100111100011100000000000000000000000000000000000000000000000000000000000000000000000000000000000000000000000000000000000000000000000000000000000000000000000000000000000000000000000000
3001055,11100000011100111011000000000000010000000000000000000000000000000000000000000000000000000000000000000000000000000000000000000000000000000000000100100000000000000000000000000000000000000000000000000000000000000000000000000000000000000000000000000000000000011000000000000000000000000001111000000100000101000000000000000000000000000000100000000100110001011101000000000100101100110000010010000011110100000100010001001000100010010000000010100000010101100100001100000000100000100000100000000000001001000010001000010000000010001000100010000001100011100000110011001000100011100010011000110010101001001011010100111011100001110001100100101000111011001101000000010011001110001010100110000111100110000001000100000010000000000000000000000000000000000000000000000000000000000000000000000000000000000000000000000000000000000000000000000000000000000000000000000000000000000000000000000000000000000
3002977,11110000011110111010000110000000000000000000000000000000000000000000000000000000000000000000000000000000000000000000000000000000000000000000000101100010110000000000000000000000001111000110000010000000000000000000011000000000000000000000000000000000000000011100000000000000000000000001111100000000000110000000000000000000000000000000110100101000110000011001101100010100001100110001000010000111110011000001000000000000101010100000001000100011011100100011010000000000100100101000000000001011001000000000000010100000000111011100100010000001001110000000010010001000100010000010100000110010100000001101100100010001100001000010000000001000011000001001111000000010100010001000100000000111000110001000100010000000100011100000000000000000000000000000000000000000000000000000000000000000000000000000000000000000000000000000000000000000000000000000000000000000000000000000000000000000000000000
3014803,11000000010000100011000000000000000000000000000000000000000000000000000000000000000000000000000000000000000000000000000000000000000000000000000000000000000000000000000000000000000000000000000000000000000000000000000000000000000000000000000000000000000000000000000000000000000000000001011000000000000000000000100000000000000000000000000000000000000000000000000000000110000000000000000000000011000000000000001000000000000000000000000000000000000000000000000000000000000000000000000000000000000000000000000000000000000000000000000000000000000010000000000000000000000000000001000000000000000000000000000000000000000000000000000000000000000000000000000000000000000000000000000000000000000000000000000000000000000000000000000000000000000000000000000000000000000000000000000000000000000000000000000000000000000000000000000000000000000000000000000000000000000000000000000000000000000000000
3028194,00001000000000000000000000000000000000000000000000000000000000000000000000000000000000000000000000000000000000000000000000000000000000000000000000000000000000000000000000000000000000000000000000000000000000000000000000000000000000000000000000000000000000000000000000000000000000000000000000000000000000000000000000000000000000000000000000000000000000000000000000000000000000000000000000000000000000000000000000000000000000000000000000000000000000000000000000000000000000000000000000000000000000000000000000000000000000000000000000000000000000000000000000000000000000000000000000000000000000000000000000000000000000000000000000000000000000000000000000000000000000000000000000000000000000000000000000000000000000000000000000000000000000000000000000000000000000000000000000000000000000000000000000000000000000000000000000000000000000000000000000000000000000000000000000000000000000000
3033332,11100000011100111011000000000000010001000000000000000000000000000000000000000000000000000000000000000000000000000000000000000000000000000000000100100000000000000000000000000000000000000000000000000000000000000000000000000000000000000000000000000000000000011000000000000000000000000001111000000100000101000000000000000000000000000000100000000100110001011101000000000100101100110000010010000011110100000100010001001000100010010000000010100000010101100100001100000000100000100000100000000000001001000010001000010000000010001000100010000001100011100000110011001000100011100010011000110010101001001011010100111011100001110001100100101000111011001101000000010011001110001010100110000111100110000001000100000010000000000000000000000000000000000000000000000000000000000000000000000000000000000000000000000000000000000000000000000000000000000000000000000000000000000000000000000000000000000
3033637,11100000011100111011000000000000011000000000000000000000000000000000000000000000000000000000000000000000000000000000000000000000000000000000000101100000000000000000000000000000000000000000000000000000000000000000000000000000000000000000000000000000000000011000000000000000000000000001110000000100000101000000000000000000000000000000100000001000110001010101011000000100101000111000000100010011110110000101000000001000101001010000000100000100011001100100011100000000000000001111000010100000010000010000101000111000000000000000000010010100000110000010000000000000100000000100000000000000001000000000000100000000000100000000000000000000000010000001000000000010101000000000000000000000000000000000000000000000000000000000000000000000000000000000000000000000000000000000000000000000000000000000000000000000000000000000000000000000000000000000000000000000000000000000000000000000000000000
3033924,11110000011111111011110110000000000000000000000000000000000000000000000000000000000000000000000000000000000000000000000000000000000000000000000000000000000000000000000000000000001111000111100010110001011000100000000000000000000000000000000000000000101100010100000000000000000000000001111100000000000000000000100000000000000000000000110000101100111000011001100000001110001100101100111010000011000000000000011000000000100010000000001010100100110101100100100000000000100000100000100000000000001001010010000000000000000000001000100000000001000011010100110011001000000011100110011000111110110011001111010011011011100101110111100110101000111001001110000000010001110110001111100111000111100110101101100110110011100111100000100000000000000000010000000000000100000000100001000000000000000100000000000000000010000000000000100000000100001000000000000000000000000000000000000000000000000000000
3036505,11100000011110000011000000000000000001000000000000000000000000000000000000000000000000000000000000000000000000000000000000000000000000000000000000000000000000000000000000000000001100000110000011000000000000000000000000000000000000000000000000000000000000010101000000000000000000000001101000000010000000000000100000000000000000000000110000000111101000001001100001000010001100000000011010000000000000000000011000000000100000000000001000100000010000100000000000000000000000100000100000000000001000000010000000000000000010001000100000000000000001100000101010001000000011010011011000100010100001010011000100011010100000100011100000100000101001001100000000010001000010111010100000000111100000001100000011100000000011100010000000000000000000000000000000000000000000000000000000000000010000000000000000000000000000000000000000000000000000000000000000000000000000000000000000000000000000000
3037558,11100000011100000011110000000000000000000000000000000000000000000000000000000000000000000000000000000000000000000000000000000000000000000000000000000000000000000000000000000000001001000000000000000000000000000000000000000000000000000000000000000000000000000000000000000000000000000001101000000000000000000000100000000000000000000000100000010100101100001000000000000011000000000000100000000000000000000000011000000000000010000000000000001000000100001000000000000010000000000000000000000000000000000000000000000000000000000000000000000001010000000000000000000000000100010001000000010110000000000000000000000000001000100100000000000000000001010010000000000000000001110000000000000001110010100110110000001100010000000000000000000000000000000000000000000000000000000000000000000000000000000000000000000000000000000000000000000000000000000000000000000000000000000000000000000000000000000
3045381,11110000011110110011100000000000000001000000000000000000000000000000000000000000000000000000000000000000000000000000000000000000011000000000000000000000000000000000000000000000001100000110000000000000000000000000010110000000000110000000000000000000000000010100000000000000000000000001111000000000000000000000000000000000000000000000110100000100110000011001100000000110001100100000011010000011000000000000010000000000100010000000001000100001010100100001000000000000000000100000100000000000001000000010000000000000000000001000100000000001000011101000100010001000000011010010011000110010100001001111010100011011100001000011000000100010001001001100011000010001100010101010100000000111100110001101110011110010110011101010000000000000000000010000000000000000000100000100000000000000010000000000000000000010000000000000000000100000100000000000000000000000000000000000000000000000000000000
3052775,11100000011100100011000000000000010000000000000000000000000000000000000000000000000000000000000000000000000000000000000000000000000000000000000110000000000000000000000000000000001100000000000000000000000000000000000000000000000000000000000001100000000000010000000000000000000000000001110000000100000100000000100000000000000000000000110000101000110000010001100000000100101100100000000010000010110000000000000010000010110000000001101000100000010000100000000001110000100000100000000000000000001000000000000000000000000010001000100010000000000010000000010010001000000010000010000000100010100000001001000100010001100001000010000000001000011000001001000000000000100010001000100000000111000100001000000010000000000011101000000000000000000000000000000000000000000100000000000000000000000000000000000000000000000000000000000000100000000000000000000000100000000000000000100100000000000000000
3058751,11100000011110100010000110000000000000000000000000000000000000000000000000000000000000000000000000000000000000000000000000000000000000000000000000000000000000000000000000000000001100000110000000000000000000000000000000000000000000000000000000000000000000010100000000000000000000000001111100000000000100000000000000000000000000000000110000010100111000011001100000010110001100000000011010000000010000000000010000000000100000000000001000100000010000100000000000000000000000100000100000000000001000000010000000000000000010001000100010000000000001100000100010001000000011000010011000100010100001001011000100011010100000100011100000100000101001101101000000010001000010001010100000000111100100001100000010100000000011100010000000000000000000000000000000000000000000000000000000000000010000000000000000000000000000000000000000000000000000000000000000000000000000000000000000000000000000000
3062316,11100000011110111011000000000000010001000000000000000000000000000000000000000000000000000000000000000000000000000000000000000000000000000000000101100000000000000000000000000000001111000101100010000000000000000000000000000000000000000000000000000000000000011111000000000000000000000001111000000110000100000000100000000000000000000000110000001010111000011101101100100110001111111111000110010111110010000001001000001000101011000000001000110111011101110111010000000000100000101111000010101001011101010000111110111001010010011101100000101101001110000110011011011000100010100111100000101010110000011101101111010001110101000010010010001000011010001001010000000010110110001100100011100111000100001000000000000000000011100000000000000000000000000010000000000000000000100000000000010000000000000000000000000000010000000000000000000100000000000010000000000000000000000000000000000000000000000
3081361,11100000011110111011000100000000000000000001000000000000000000000000000000000000000000000000000000000000000000000000000000000000000000000000000000000000000000000000000000000000001111000111100010000001000000000000000000000000000000000000000000000000101100011111010000000000000000000001111100000000010100000000000000000000000000011010110100001100111000011001111000001110001101111111011011110111110010000001010000000000101000000000001100100110011000110110010000000000100000101000100000101001001100010010001010100100000010011101100000100000001111101110110010111000100011010010111011100010110001001111100111011011100001100011110000101010111011101101000000011011110010101110101000110111101100001101000000010011000011100010000001000000001000010000001000000000000000100100000000000000010000001000000001000010000001000000000000000100100000000000000000000000000000000000000000000000000000000
3082248,11000000011100100011000000000000000000000000000000000000000000000000000000000000000000000000000000000000000000000000000000000000000000000000000101100000000000000000000000000000000000000000000000000000000000000000000000000000000000000000000000000000000000000000000000000000000000000001111000000000000000000000100000000000000000000000100000000000111000011000000000000110000000000000000000000011000000000000001000000000100010000000000000000001000101100101000000000000000000000000000000000000000000000000001000000000000010000000000000000001000010000000000000000000000000000001000000010000000000001000000000000000000001000000000000000000000000000000011000000000100000000000000000000000000001000000000000000000000000000000000000000000000000000000000000000000000000000000000000000000000000000000000000000000000000000000000000000000000000000000000000000000000000000000000000000000000000000
3082361,11100000011110100011100000000000000000000000000000000000000000000000000000000000000000000000000000000000000000000000000000000000000000000000000000000000000000000000000000000000001100000000000000000000000000000000000000000000000000000000000000000000000000010000000000000000000000000001111000000000000100000000100000000000000000000000110000101000111000011001100000000110001100100000100010000000010000000000011000000000100010000000001000100000110100100000100000000000000000100000000000000000001000000000000000000000000010001000100010000001100000000000100011001000000010100010011000110010100000001011000100011000100000100111000000000000001001001101000000000001000010001010100010000111101011001110011000101000000011100000000000000000000000000000000000000000000000000000000000000000000000000000000000000000000000000000000000000000000000000000000000000000000000000000000000000000000000000
3423265,11100000011100000011100000100000010000000000000000000000000000000000000000000000000000000000000000000000000000000000000000000000000000000000000000000000000000000000000000000000000000000000000000000000000000000000000000000000000000000000000000000000000000000000000000000000000000000001101000000000000000000000000000000000000000000000100000000000101000001000000000000010000000100000000000000000000000000000000000000000000000000000000000000000000000000000000000110000000000000000000000000000000000000000000000000000000000000000000000000000000000000000000000000000000000000000000000000010000000000000000000000000000000000000000000000000000001000000000000000000000000000000000000000001100000001100000010100000000000000000000000000000000000000000000000000000000000000000000000000000000000000000000000000000000000000000000000000000000000000000000000000000000000000000000000000000000000000
3806114,10000000011000000011100000000000000000000000000000000000000000000000000000000000000000000000000000000000000000000000000000000000000000000000000000000000000000000000000000000000000000000000000000000000000000000000000000000000000000000000000000000000000000000000000000000000000000000001101000000000000000000000100000000000000000000000100000010100101000001000000000000010000000000000100000000000000000000000001000000000000010000000000000000000100100000000100000000010000000000000000000000000000000000000000000000000000000000000000000000001010000000000000000000000000000010001000000010100000000000000000000000000000000000100000000000000000001010010000000000000000000010000000000000000010000110000000000000000000000000000000000000000000000000000000000000000000000000000000000000000000000000000000000000000000000000000000000000000000000000000000000000000000000000000000000000000000000000
4134690,11110000011110000011000000000000000000000000000000000000000000000000000000000000000000000000000000000000000000000000000000000000000000000000000000000000000000000000000000000000000000000000000000000000000000000000000000000000000000000000000000000000000000000000000000000000000000000001101000000000000000000000100000000000000000000000100000000000101000001000000000000010000000000000000000000000000000000000001000000000000000000000000000000000000000000000000000000000000000000000000000000000000000000000000000000000000000000000000000000000000000000000000000000000000000000001000000000010000000000000000000000000000000000100000000000000000001000000000000000000000000000000000000000001100000001100000010100000000000000000000000000000000000000000000000000000000000000000000000000000000000000000000000000000000000000000000000000000000000000000000000000000000000000000000000000000000000000
4327536,11110000011111000011111000000000000000000000000000000000000000000000000000000000000000000000000000000000000000000000000000000000000000000000000000000000000000000000000000000000001001000100100000000000000000000000000000000000000000000000000000000000000000000000000000000000000000000001101000000000000000000000100000000000000000000000100000010100101100001000000000000011000000100000100000000000000000000000011000000000000000000000000000000000000000000000000000000000000000000000000000000000000000000000000000000000000000000000000000000000000000000000000000000000000100010001000000000010000000000000000000000000001000100000000000000000000001010000000000000000000001110000000000000001110000000110000000001100000000000000000000000000000000000000000000000000000000000000000000000000000000000000000000000000000000000000000000000000000000000000000000000000000000000000000000000000000000000
4448381,11100000011100110011100000000000010000000000000000000000000000000000000000000000000000000000000000000000000000000000000000000000000000000000000000000000000000000000000000000000000000000000000000000000000000000000000000000000000000000000000000000000000000000000000000000000000000000001111000000100000100000000100000000000000000000000100000101000111001011100000000000110100000100000100000000010110000000000001000001000000010000000000000000001100100000001100000000000000000000000000000000000000000000000000000010000000000000000000010000001100010000000000000000000000000100101000000010100001000001000000000100000000101000100000000000000000000010011011000000000100100000000000000000000000000000000000000000000000000000000000000000000000000000000000000000000000000000000000000000000000000000000000000000000000000000000000000000000000000000000000000000000000000000000000000000000000000000
5018304,11000000011100100011000000100000000001100000000000000000000000000000000000000000000000000000000000000000000000000000000000000000000000000000000000000000000000000000000000000000001100000110000000000000000000000000000000000000000000000000000000000000000000010100000000000000000000000001111000000010000100000000000000000000000000000000110000001010100000011001100000100000001100001100100010000010110000000000000000000000100010000000001000100100110100100100100000000000100000100000000000000000001000010000011100000000000010001000100000000001000000000110011010001000000010000010000001110010110000011001011110010001110001000010000000001000011001001101000000000001110010001100100000000111101111001100100010100000100011100000000000000000000000000000000000000000100000100000000000010000000000000000000000000000000000000000000100000100000000000010000000000000000000000000000000000000000000000
5102882,11000000011000000011100000100000000000000000000000000000000000000000000000000000000000000000000000000000000000000000000000000000000000000000000000000000000000000000000000000000001001000000000000000000000000000000000000000000000000000000000000000000000000000000000000000000000000000001101000000000000000000000100000000000000000000000100000010100101100001000000000000011000000000000100000000000000000000000011000000000000010000000000000000000100100000000100000000010000000000000000000000000000000000000000000000000000000000000000000000001010000000000000000000000000100010001000000010110000000000000000000000100000000100100000000000000000001010010000000000000000001110000000000000001110010100110110000000100010000000000000000000000000000000000000000000000000000000000000000000000000000000000000000000000000000000000000000000000000000000000000000000000000000000000000000000000000000000
5280443,11000000011100000011100000000000000000000000000000000000000000000000000000000000000000000000000000000000000000000000000000000000000000000000000000000000000000000000000000000000001100000110000010000000000000000000000000000000000000000000000000000000100000010100000000000000000000000001101000000000000000000000100000000000000000000000110000000100100000001001100000000000001100000000011010000000000000000000011000000000100010000000001010100000010100100000000000000000000000100000100000000000001001000010000000000000000010001000100000000001000001100000100011001000000011000010011100110110100001100011010100011010100000100111100101100000101001011110000000010101000010001011100100000111100010001110110010101100110011100010000000000000000000000000100000000000000010000000000000000000010000000000000000000000000100000000000000010000000000000000000000000000000000000000000000000000000000000
5280445,11000000011100000011100000000000000000000000000000000000000000000000000000000000000000000000000000000000000000000000000000000000000000000000000000000000000000000000000000000000001100000110000010000000000000000000000000000000000000000000000000000000100000010100000000000000000000000001101000000000000000000000100000000000000000000000110000000100100000001001100000000000001100000000011010000000000000000000011000000000100010000000001010100000010100100000000000000000000000100000100000000000001001000010000000000000000010001000100000000001000001101000100011001000000011010010011100110110100001100011010100011010100000100111100101100001101001011110000000010101000010011011100100000111110010001110110010111100110011100010000000000000000000010000100000000000000010000100000000000000010000000000000000000010000100000000000000010000100000000000000000000000000000000000000000000000000000000
5280965,11110000011111100011111000000000000000000000000000000000000000000000000000000000000000000000000000000000000000000000000000000000000000000000000000000000000000000000000000000000001001000100100000000000000000000000000000000000000000000000000000000000000000000000000000000000000000000001111000000000000100000000100000000000000000000000110100111100111100011000000000000111000000100000100000000000010000000000011000000000100010000000000000100000110100100000100000000000000000000000000000000000001000000000000000000000000010000000100010000001000000000000000000001000000110110001010000010110000000001010000100000000001000100101000000000000000001111111000000000000000011111010000000000011110010001110110011101100110011100000000000000000000000000000000000000000000000000000000000000000000000000000000000000000000000000000000000000000000000000000000000000000000000000000000000000000000000000
5281004,11110000011110000011100000000000000000000000000000000000000000000000000000000000000000000000000000000000000000000000000000000000000000000000000110100010000000000000000000000000001100000110000010000000000000000000000000000000000100100000000001100000110000000000000000000000000000000001101000000000000000000000100000000000000000000000111101010100101100001000000000000011000000100000100000000000000000000000011000000000100010000000001010100000010100100000000000000010000000000000000000000000001000000000000000000000000010000000100000000001010000000000000001001000000100010001000000010110000000000000000100000100001000100100000000000000000001011010000000000000000011100000000110000011110010001110110011111100110011111000000000000000000000000000000000000000000000000000000000000000110000000000000000000110000000000000000000110000000000000000000110000000000000000000110000100000000000000
5281040,11110000011111100011000000000000010001000000000000000000000000000000000000000000000000000000000000000000000000000001100000000000000000000000000000000000000000000000000000000000001111000110000011000001000000000000000000000000000000000000000000000000101100011111010000000000000000000001111000000110000000000000100000000000000000000000111001001110100001011101111000100000101100101100100011110010000010000001001000001000101010000000001100100100111100100100110000000000100000101000000000100000001000010000011100110000000010001001100000100001001100000110111010011000000010000010011011110010111000011001001110010001100001000111000000001000011001001100000000000001111010001101100000000111100110001100000011100000000011111000010000000000000000100000000000000010000100100000000000000000000010000000000000000100000000000000010000100100000000000000000000000000000000000000000000000000000000000
5281068,11100000011110110011100000000000000001000000000000000000000000000000000000000000000000000000000000000000000000000000000000000000000000000000000000000000000000000000000000000000001111000100000000000000000000000000000000000000000000000000000000000000000000011100000000000000000000000001111000000010000000000000100000000000000000000000110100001010110000011001111000100100001111101000100010010011000010000001001000000000101010000000001100110100111101110100110000000000100000101000000000100000001100010000011100100000000010001101100000100000001110000110011011011000000010000010010011100010110000011001001110010001100001000011000000001000011000001000000000000000110010001101100110000111000100001000000011000000000011101000010000000000000000000000000000000000000000000000000000000000000010000000000000000000000000000000000000000000000000000000000000000000000000000000000000000000000000000
5281792,11100000011110000011110000000000000000000000000000000000000000000000000000000000000000000000000000000000000000000000000000000000000000000000000000000000000000000000000000000000001100000110000000000000000000000000000000000000000000000000000000000000000000010100000000000000000000000001101000000000000000000000100000000000000000000000110000010100101000001001100000000010001100000000111010000000000000000000011000000000100010000000001000100000110100100000100000000010000000100000000000000000001000000010000000000000000010001000100000000001010001101000100011001000000010010010011000110010100000100011000100010110100000100111000000000001001001001100000000010001000010111011100110000111100010001110100010111100100011100010000000000000000000010000000000000000000000000100000000000000010000000000000000000010000000000000000000000000100000000000000000000000000000000000000000000000000000000
5281955,11110000011111000011110000000000000000000000000000000000000000000000000000000000000000000000000000000000000000000000000000000000000000000000000100100000000000000000000000000000000000000000000000000000000000000000000000000000000000000000000000000000000000000000000000000000000000000001101000000000000000000000100000000000000000000000100000010100101000001000000000000010000000100000100000000000000000000000011000000000100010000000000000100000110100100000100000000000000000000000000000000000001000000000000000000000000010000000100000000001000000000000000000001000000000010001000000010010000000000000000100000000000000100000000000000000000001011000000000000000000010110000000000000011110010001110100010101100100000000000000000000000000000000000000000000000000000000000000000000000000000000000000000000000000000000000000000000000000000000000000000000000000000000000000000000000000000000
5282379,11100000011110000011000000000000000000000000000000000000000000000000000000000000000000000000000000000000000000000000000000000000000000000000000000000000000000000000000000000000001000000000000000000000000000000000000000000000000000000000000000000000000000000000000000000000000000000001101000000000000000000000100000000000000000000000111000000000100000001000000000000000000000100000100000000000000000000000001000000000100010000000001000100000110100100000100000000000000000000000000000000000001000000000000000000000000010000000100000000000000000000000000001001000000010000000010000000010000000000000000100000000000000000001000000000000000000001000000000000000000010001001000100000011000000001000000011000000000011110000000000000000000000000000000000000000000000000000000000000000000000000000000000000000000000000000000000000000000000000000000000000000000000000000000000000000000000000
5282455,11110000011111111011110110000000011000000000000000001000000000000000000000000000000000000000000000000000000000000000000000000000000000000000000000000000000000000000000000000000001111000111100010000001000000000000000000000000000000000000000000000000000000011111010000000000000000000001111100000100000000000100100000000000000000000000110100011100101000011001111000001110101100111001100010010110000010000001001000000010101010000000001100100100111100100110110001110000100000101000000000101001001000010000000010100000000010011001100000100001001110000100010010011000100010000011110010110110110000001101100111010001100001000111010000001000011011011010000000000010010010001101100000100111100110001110110011000100010011100000000000000000000000000000000000000000000000000000000000000000000000000000000000000000000000000000000000000000000000000000000000000000000000000000000000000000000000000
5283468,11110000011110000011100000000000000000000000000000000000000000000000000000000000000000000000000000000000000000000000000000000000000000000000000000000000000000000000000000000000000000000000000000000000000000000000000000000000000000000000000000000000000000000000000000000000000000000001101000000000000000000000100000000000000000000000100000010100101000001000000000000010000000100000100000000000000000000000011000000000100010000000000000100000110100100000100000000000000000000000000000000000001000000000000000000000000010000000100000000001000000000000000000001000000000010001000000010010000000000000000100000000000000100100000000000000000001011000000000000000000010110000000000000011100010001100100010100000100000000000000000000000000000000000000000000000000000000000000000000000000000000000000000000000000000000000000000000000000000000000000000000000000000000000000000000000000000000
5284359,00000000000000000000000000000000000001100000000000001000000000000000000000000000000000000000000000000000000000000000000000000000000000000000000000000000000000000000000000000000000000000000000000000000000000000000000000000000000000000000000000000000000000000000000000000000000000000000000000000000000000000000000000000000000000000000000000000000000000000000000000000000000000000000000000000000000000000000000000000000000000000000000000000000000000000000000000000000000000000000000000000000000000000000000000000000000000000000000000000000000000000000000000000000000000000000000000000000000000000000000000000000000000000000000000000000000000000000000000000000000000000000000000000000000000000000000000000000000000000000000000000000000000000000000000000000000000000000000000000000000000000000000000000000000000000000000000000000000000000000000000000000000000000000000000000000000000000
5284448,11110000011111000011110000000000000000000000000000000000000000000000000000000000000000000000000000000000000000000000000000000000000000000000000100100000000000000000000000000000000000000000000000000000000000000000000000000000000000000000000000000000000000000000000000000000000000000001101000000000000000000000100000000000000000000000100000010100101100001000000000000011000000100000100000000000000000000000011000000000100010000000000000100000110100100000100000000000000000000000000000000000001000000000000000000000000010000000100000000001000000000000000000001000000100010001000000010010000000000000000100000000001000100000000000000000000001011000000000000000000011110000000000000011110010001110100010101100100000000000000000000000000000000000000000000000000000000000000000000000000000000000000000000000000000000000000000000000000000000000000000000000000000000000000000000000000000000
5284583,11000000011100110011000000000000000000000000000000000000000000000000000000000000000000000000000000000000000000000000000000000000000000000000000101100000000000000000000000000000000000000000000000000000000000000000000000000000000000000000000000000000000000000000000000000000000000000001111000000000000100000000000000000000000000000000100000101000110000011000000000000100000000100000000000000011010000000000000000000000000010000000000000000001000100000001000000000000000000000000000000000000000000000000000000000000000000000000000000000001100010000000000000000000000000000100000000010000000000001000000000100000000101000000000000000000000000000001011000000000100000000000000000000000000001000000000000000000000000000000000000000000000000000000000000000000000000000000000000000000000000000000000000000000000000000000000000000000000000000000000000000000000000000000000000000000000000000
5287971,11110000011111100011110000000010000000000000000000000000000000000000000000000000000000000000000000000000000000000000000000000000000000000000000000000000000000000000000000000000000000000000000000000000000000000000000000000000000000000000000000000000000000000000000000000000000000000001111000000000000000000000000000100000000000000000100000010100111000011000000000000110000000100000100000000011000000000000010100010000100010000100000000100000110100100000100010000000000000000000000000000000001000000000000000000000000010000000100000000001000010000000000000001000000000110000000000010010000000000000000100000000000000100000000000000000000001011000000000000000000110100000000000000011100010001100100010100000100000000000000000000000000000000000000000000000000000000000000000000000000000000000000000000000000000000000000000000000000000000000000000000000000000000000000000000000000000000
5288227,00000000011000000011100000000000000000000000000000000000000000000000000000000000000000000000000000000000000000000000000000000000000000000000000000000000000000000000000000000000000000000000000000000000000000000000000000000000000000000000000000000000000000000000000000000000000000000001101000000000000000000000000000000000000000000000100000000000100000001000000000000000000000000000100000000000000000000000000000000000100010000000000000100000110100100000100000000000000000000000000000000000000000000000000000000000000010000000100000000000000000000000000001000000000000000000010000000000000000000000000000000000000000000001000000000000000000000000000000000000000000000000000110000000000000000000000000000000000000000000000000000000000000000000000000000000000000000000000000000000000000000000000000000000000000000000000000000000000000000000000000000000000000000000000000000000000000000
5288826,11100000011110100011000000000000000000000000000000000000000000000000000000000000000000000000000000000000000000000000000000000000000000000000000100100000000000000000000000000000001111000110000010000001000000000000000000000000000101100000000001001000110000010000000000000000000000000001111000000000000000000000100000000000000000000000111100111100111000011001100000000110001100100000011010000011000000000000011000000000100000000000001000100000010000100000000000000000000000100000100000000000001000000010000000000000000010001000100000000000000011101000100010001000000011010011011000100010100001101011000100011011100001100111100000100011101001001100000000010001100010111011100000000111101100001111000011110111000011111010000000000000000000010000000000000000000110000100000000000000110100000000000000000110100000000000000000110100100000000000000000000000000000000000000000000000000000000
5311027,11110000011110100011100000000000000000000000000000000000000000000000000000000000000000000000000000000000000000000000000000000000000000000000000110000000000000000000000000000000001100000000000000000000000000000000000000000000000000000000000000000000000000010000000000000000000000000001111000000000000100000000100000000000000000000000110100010100111000011001100000000110001100100000000010000010110000000000001000000000100010000000001000100001010100100001000000000000000000100000000000000000001000000000000000000000000010001000100010000001000010000000000010001000000010000011010000110010100000001001000100010000100001000111000000000000001001011101011000000000100010001001100000000111110110001100000010100000000011101000000000000000000000000000000000000000000000000000000000000000000000000000000000000000000000000000000000000000000000000000000010000100000000000000110000000000000000000
5311037,11100000011110111011100000000000000000000000000000000000000000000000000000000000000000000000000000000000000000000000000000000000000000000000000101100000000000000000000000000000001111000100000000000000000000000000000000000000000000000000000001011000000000011100000000000000000000000001111000000000000000000000000000000000000000000000110000001100110000011001111100000110001100111011011010010111000011000001010000000000101010000000001100100111011100100111010000000000100000101000100000101101001001110011000010100000000010011101100000000001101111101101110011011000100011010110111000101010110001000111100100111010100101000011000010101010001011001100011100110011110010101010100001100111100000001100000000010000000011100010000000000000000000010000000000000000000000000100000000000000010000000000000000000010000000000000000000000000100000000000000000000000000000000000000000000000000000000
5311083,11110000011111111011100000000000011000000000000000100000000000000000000000000000000000000000000000000000000000000000000000000000000000000000000101100010110000000000000000000000001111000111100010000001000000000000000000000000000000000000000001011000000000011111111000000000000000000001111000000100000000000000000000000000000000000000110000001100110001011101111000000110101111111101011010110110000010000001010000001010101000000000001100110100011001110110010001000000110010101101100000101101011100010011001010110000000010011101100000100000001111100111110010011000100011000110111011100010111001001011100110011011100101000011000000101000011011101100000000011011110010001110100000100111101100000101000000000011000011100000000001000000000000000000001000000000000000000000000000100000000000001000000000000000000001000000000000000000000000000100000000000000000000000000000000000000000000000
5311266,00000000000000000011110000001100000000000000000000100000000000000000000000000000000000000000000000000000000000000000000000000000000000000000000000000000000000000000000000000000000000000000000000000000000000000000000000000000000000000000000000000000000000000000000000000000000000000000000000000000000000000000000001000000000000000000000000000000000000000000000000000000000000000000000000000000000000000000000000000000000000000000000000000000000000000000000000000000000000000000000000000000000000000000000000000000000000000000000000000000000000000000000000000000000000000000000000000000000000000000000000000000000000000000000000000000000000000000000000000000000000000000000000000000000000000000000000000000000000000000000000000000000000000000000000000000000000000000000000000000000000000000000000000000000000000000000000000000000000000000000000000000000000000000000000000000000000000
5311304,11100000011110100011100000000000000000000000000000000000000000000000000000000000000000000000000000000000000000000000000000000000011000000000000100100000000000000000000000000000001111000110000011000001000000000000000000000000000101100000000001001000111100010000000000000000000000000001111000000000000000000000100000000000000000000000111101111100111000011001100000000110001100000000011010000011000000000000011000000000100000000000001000100000010000100000000000000000000000100000100000000000001000000010000000000000000010001000100000000000000011101000100010001000000011110011011000100010100001101011000100011011100001100111100000100011101001011100000000010001100110111011100000000111111100001111000011111111000011111010000000000000000000010000000000000000000110000100000000000000110100100000000000000110100100000000000000110100101000000000000000000000000000000000000000000000000000000
5311454,11100000011100000011000000000000000000000000000000000000000000000000000000000000000000000000000000000000000000000000000000000000000000000000000100100000000000000000000000000000001100000000000000000000000000000000000000000000000000000000000001001000000000010000000000000000000000000001101000000000000000000000100000000000000000000000111000010100101000001001100000000011001100100000111010000000000000000000011000000000100000000000001000100000010000100000000000000000000000100000100000000000001000000010000000000000000010001000100000000000000001101000100010001000000111010011011000100010100001000011000100011010101000000111000000100010001001001100000000010001000011101011100000000111100000001100000000010000000011110010000000000000000000010000000000000000000000000100000000000000010000000000000000000010000000000000000000000000100000000000000000000000000000000000000000000000000000000
5311498,11110000011111111111110000000010000000000000000000000000000100000000000000000000000000000000000000000000000000000000000000000000000000000000000101100010110001001000100000010000001100000000000000000000000000000000000000000000000000000000000001011000000000011111000000000000000000000001111000000000000100000000100000100000000000000000111110111100111000011001111000000110001101111101000010110111110011000001011100010000101110000100001100100101011100110111010010000000100000101000000000101101001100010001001010100000000000011101100010100001001110000111010010011000100010110111100010110010110000001001100110010001100111100110000000001000011011111001011000000010110110111100100000100111111111001011100111000010100111111000100000000000000000000100000000000000000100000000000000100000000100000000000000000000100000000000000000100000000000000100000000000000000000000000000000000000000000000
5312125,11110000011110110011100110000000000000000000000000000000000000000000000000000000000000000000000000000000000000000000000000000000000000000000000101100000000000000000000000000000001100000110000000000000000000000000000000000000000000000000000001011000000000010100000000000000000000000001111100000000000100000000100000000000000000000000110000101100111000011001100000010110001100101100011010000011110000000000011000000000100010000000001000100101010100100101000000000000100000100000100000000000001001010010000000000000000010001000100010000001000011101100110011001000000011110011011000111010110001001111010110011011100001110111100110101010111001101101000000010001110110101110100111000111100110001100100011000000100011100000100000000000000000100000000000000000000000100100000000000000000100000000000000000100000000000000000000000100100000000000000000000000000000000000000000000000000000000
5330286,11100000011110111011000000000000000000000000000000000000000000000000000000000000000000000000000000000000000000000000000000000000000000000000000110000000000000000000000000000000001011000101100010110001000000000000000000000000000000000000000000000000100000011110000000000000000000000001111000000000000100000000000000000000000000000000110000101100110000011001101000000100001111111111000010010111110010000001000000000000101010000000001010110111011101110111010000000000100000101000000000101001001100010001001010100000000010011101100010100001001110000111010011011000100010000110100011111010110010001101100111010001100101000010010000001000011010001001011100000010110010001100100100100110000100000000000000000000000010000000000000000000000000000000000000000000000000000000000000000000000000000000000000000000000000000000000000000000000000000000000000000000000000000000000000000000000000000
5359227,11100000011110100011100000000010000000000000000000000000000000000000000000000000000000000000000000000000000000000000000000000000000000000000000100100000000000000000000000000000001111000110000010000001000000000000000000000000000101100000000001001000110000010000000000000000000000000001111000000000000000000000100000100000000000000000111100111100111000011001100000000110001100100000011010000011000000000000011000010000100000000100001000100000010000100000000010000000000000100000100000000000001000000010000000000000000010001000100000000000000011101000100010001000000011010011011000100010100001001011000100011011100001100111100000100010101001001100000000010001100010111011100000000111101100001111000011111111000011111010000000000000000000010000000000000000000110000100000000000000110100000000000000000110100000000000000000110100100000000000000000000000000000000000000000000000000000000
5359268,00000000000000000000000000000000000000000000000000010000000000000000000000000000000000000000000000000000000000000000000000000000000000000000000000000000000000000000000000000000000000000000000000000000000000000000000000000000000000000000000000000000000000000000000000000000000000000000000000000000000000000000000000000000000000000000000000000000000000000000000000000000000000000000000000000000000000000000000000000000000000000000000000000000000000000000000000000000000000000000000000000000000000000000000000000000000000000000000000000000000000000000000000000000000000000000000000000000000000000000000000000000000000000000000000000000000000000000000000000000000000000000000000000000000000000000000000000000000000000000000000000000000000000000000000000000000000000000000000000000000000000000000000000000000000000000000000000000000000000000000000000000000000000000000000000000000000000
5360814,11110000011110000011110000000000000000000000000000000000000000000000000000000000000000000000000000000000000000000000000000000000000000000000000100100000000000000000000000000000001001000000000000000000000000000000000000000000000000000000000000000000000000000000000000000000000000000001101000000000000000000000100000000000000000000000110001010100101000001000000000000010000000100000100000000000000000000000011000000000000010000000000000000000100100000000100000000000000000000000000000000000000000000000000000000000000000000000000000000001000000000000000000000000000100010001000000010010000000000000000000000000001000100100000000000000000001010000000000000000000001110000000000000001110010001110100011111100100011100000000000000000000000000000000000000000000000000000000000000000000000000000000000000000000000000000000000000000000000000000000000000000000000000000000000000000000000000
5361917,11100000011110100011100000000000000000000001000000000000000000000000000000000000000000000000000000000000000000000001100000000000000000000000000100100000000000000000000000000000001111000110000011000001000000000000000000000000000101100000000001001000111100010000000000000000000000000001111000000000000000000000100000000000000000000000111101111100111000011001100000000110001100100000011010000011000000000000011000000000100010000000001010100000010100100000000000000010000000100000100000000000001000000010000000000000000010001000100000000001010011101000100010001000000011110010011000110010100001101011000100011111100001100111100000100011101001011100000000010001100110111011100000000111111110101111110111111111110111111010000000000000000000010000000000000000000110000100000000000000110100000000000000000110100100000000000000110100101000000000000000000000000000000000000000000000000000000
5362065,11000000011110111011100000000000011000000000000000000000000000000000000000000000000000000000000000000000000000000000000000000000010110000000000101100000000000000000000000000000001000000000000000000000000000000000000000000000000100000000000000000000000000011000000000000000000000000001111000000100000101000000100000000000000000000000110000101000111001011101011000000110101000011001100100010011110110000001001000001000101011000000001100100101111100100111110000000010000000001111000010101001011000010000101000111001000010000000100010010101111110000010000001011000100010110110010010011000001000001100010000100001000101000001000000000000000000000001011000000010101100011001000100100000000000000000000000000000000000000000000000000000000000000000000000000000000000000000000000000000000000000000000000000000000000000000000000000000000000000000000000000000000000000000000000000000000000000
5362119,11100000011110110011100000000000000000000000000000000000000000000000000000000000000000000000000000000000000000000000000000000000000000000000000101100000000000000000000000000000001100000000000000000000000000000000000000000000000000000000000000000000000000010000000000000000000000000001111000000000000100000000100000000000000000000000110000101000110000011001100000000100001100000000100010000011110000000000001000000000100010000000001000100001110100100001100000000000000000100000000000000000001000000000000000000000000010001000100010000001100010000000000010001000000010100110000000110010100000001001000100110000100101000110000000000000001001001001011000000000100110001000100000000111100110001101100110110010100011100000000000000000000000000000000000000000000000000000000000000000000000000000000000000000000000000000000000000000000000000000000000000000000000000000000000000000000000000
5362585,11110000011110000011100000000000000000000000000000000000000000000000000000000000000000000000000000000000000000000000000000000000000000000000000000000000000000000000000000000000000000000000000000000000000000000000000000000000000000000000000000000000000000000000000000000000000000000001101000000000000000000000100000000000000000000000100000010100101000001000000000000010000000100000100000000000000000000000011000000000000010000000000000000000100100000000100000000000000000000000000000000000000000000000000000000000000000000000000000000001000000000000000000000000000000010001000000010010000000000000000000000000000000100100000000000000000001010000000000000000000000110000000000000001100010001100100010100000100000000000000000000000000000000000000000000000000000000000000000000000000000000000000000000000000000000000000000000000000000000000000000000000000000000000000000000000000000000
5388962,11100000011110110011100000000000000000000000000000000000000000000000000000000000000000000000000000000000000000000000000000000000000000000000000101100000000000000000000000000000001100000000000000000000000000000000000000000000000000000000000000000000000000010000000000000000000000000001111000000000000100000000100000000000000000000000110000101000111000011001100000000110001100100000100010000011110000000000011000000000100010000000001000100001110100100001100000000000000000100000000000000000001000000000000000000000000010001000100010000001100010000000000010001000000010100110000000110010100000001001000100110000100101110110000000000000001001001001011000000000100110001000100000000111100110001101100110110010100011100000000000000000000000000000000000000000000000000000000000000000000000000000000000000000000000000000000000000000000000000000000000000000000000000000000000000000000000000
5460613,00000000000000000000000000000000010000000000000000000000000000000000000000000000000000000000000000000000000000000000000000000000000000000000000000000000000000000000000000000000000000000000000000000000000000000000000000000000000000000000000000000000000000000000000000000000000000000000000000000000000000000000000000000000000000000000000000000000000000000000000000000000000000000000000000000000000000000000000000000000000000000000000000000000000000000000000000000000000000000000000000000000000000000000000000000000000000000000000000000000000000000000000000000000000000000000000000000000000000000000000000000000000000000000000000000000000000000000000000000000000000000000000000000000000000000000000000000000000000000000000000000000000000000000000000000000000000000000000000000000000000000000000000000000000000000000000000000000000000000000000000000000000000000000000000000000000000000
5462222,00000000000000000000000000000000000000000100000000000000000000000000000000000000000000000000000000000000000000000000000000000000000000000000000000000000000000000000000000000000000000000000000000000000000000000000000000000000000000000000000000000000000000000000000000000000000000000000000000000000000000000000000000000000000000000000000000000000000000000000000000000000000000000000000000000000000000000000000000000000000000000000000000000000000000000000000000000000000000000000000000000000000000000000000000000000000000000000000000000000000000000000000000000000000000000000000000000000000000000000000000000000000000000000000000000000000000000000000000000000000000000000000000000000000000000000000000000000000000000000000000000000000000000000000000000000000000000000000000000000000000000000000000000000000000000000000000000000000000000000000000000000000000000000000000000000000000000
5462309,00000000000000000000000000000010000000000000000000000000000000000000000000000000000000000000000000000000000000000000000000000000000000000000000000000000000000000000000000000000000000000000000000000000000000000000000000000000000000000000000000000000000000000000000000000000000000000000000000000000000000000000000000000000000000000000000000000000000000000000000000000000000000000000000000000000000000000000000000000000000000000000000000000000000000000000000000000000000000000000000000000000000000000000000000000000000000000000000000000000000000000000000000000000000000000000000000000000000000000000000000000000000000000000000000000000000000000000000000000000000000000000000000000000000000000000000000000000000000000000000000000000000000000000000000000000000000000000000000000000000000000000000000000000000000000000000000000000000000000000000000000000000000000000000000000000000000000
5479530,11100000011110111111100000000000011000000000000000000000000000000000000000000000000000000000000000000000000000000000000000000000010110000000000101100000000000000000000000000000001000000100000000000000000000000000000000000000000100000000000000000000000000011000000000000000000000000001111000000100000111000000100000000000000000000000110000101000110001011101011000000110101000111001100100010011111110100001001000001000101011000000001100000101111100100111110000000000000000001111000010101001011000010000101000111001000100110010100010010101101110000010000001011000100000100110010010011000001000001100010000100001000101000001000000000000000000000001011000000010101100000001000100100000000000000000000000000000000000000000000000000000000000000000000000000000000000000000000000000000000000000000000000000000000000000000000000000000000000000000000000000000000000000000000000000000000000000
5486971,11100000011100100011000000000000000000000000000000000000000000000000000000000000000000000000000000000000000000000000000000000000000000000000000000000000000000000000000000000000000000000000000000000000000000000000000000000000000000000000000000000000000000000000000000000000000000000001111000000000000100000000100000000000000000000000110100000000110000011000000000000100000000100000100000000000010000000000001000000000000010000000000000000000100100000000100000000000000000000000000000000000000000000000000000000000000000000000000010000001000000000000000000000000000000000000000000010010000000001000000000000000000000000100000000000000000001000001000000000000000000000000000000000001101111000100100000010000000011100000000000000000000000000000000000000000000000000000000000000000000000000000000000000000000000000000000000000000000000000000000000000000000000000000000000000000000000000
5488548,11110000011110110011100000000000000000000000000000000000000000000000000000000000000000000000000000000000000000000000000000000000000000000000000000000000000000000000000000000000001111000110000010000000000000000000000000000000000000000000000000000000000000010100000000000000000000000001111000000000000100000000100000000000000000000000111100000100110000011001100000000100001100100000111010000011110000000000001000000000100010000000001000100001110100100001100000000000000000100000000000000000001000000010000000000000000010001000100010000001100011100000100010001000000010100010011000111010100000101101000100110010100001000111000000000000001001001101011000010001100110001001100000000111100110001100100011110000100011111000000000000000000000010000000000000000000000000000000000000000000000000000000000000010000000000000000000000000000000000000000000000000000000000000000000000000000000000
5491577,11100000011110111011110000000000011000000000000000000000000000000000000000000000000000000000000000000000000000000000000000000000010110000000000101100000000000000000000000000000001000000000000000000000000000000000000000000000000100000000000000000000000000011000000000000000000000000001111000000100000101000000100000000000000000000000110000101000111001011101011000000110101000011001100100010011110110000001001000001000101011000000001100100101111100100111110000000010000000001111000010101001011000010000101000111001000010000000100010010101111110000010000001011000100010110110010010011000001000001100010000100001000101000001000000000000000000000001011000000010101100011001000100100000000000000000000000000000000000000000000000000000000000000000000000000000000000000000000000000000000000000000000000000000000000000000000000000000000000000000000000000000000000000000000000000000000000000
5702160,11000000011100111011000000000000011000000000000000000000000000000000000000000000000000000000000000000000000000000000000000000000000000000000000101100000000000000000000000000000000000000000000000000000000000000000000000000000000000000000000000000000000000011000000000000000000000000001110000000100000100000100000000000000000000000000100000001000100001010101011000000000101000011001000100010010010010000001000000001000101001000000000100000110011000100110010000110000000000001111000010101001010000010000101000111000000000000000000000010100001100000010000000000000100000000000000000000000001000000000000100000000000000000000000000000000000000000001000000000010001000000000000000100000000000000000000000000000000000000000000000000000000000000000000000000000000000000000000000000000000000000000000000000000000000000000000000000000000000000000000000000000000000000000000000000000000000000
6093208,00000000000000000011000000000000000000000000000000001000000000000000000000000000000000000000000000000000000000000000000000000000000000000000000000000000000000000000000000000000000000000000000000000000000000000000000000000000000000000000000000000000000000000000000000000000000000000000000000000000000000000000100000000000000000000000000000000000000000000000000000000000000000000000000000000000000000000000000000000000000000000000000000000000000000000000000000000000000000000000000000000000000000000000000000000000000000000000000000000000000000000000000000000000000000000000000000000000000000000000000000000000000000000000000000000000000000000000000000000000000000000000000000000000000000000000000000000000000000000000000000000000000000000000000000000000000000000000000000000000000000000000000000000000000000000000000000000000000000000000000000000000000000000000000000000000000000000
6097185,00000000011110000011100000110000000001110001110000000000000000000000000000000000000000000000000000000000000000000000000000000000000000000000000000000000000000000000000000000000001100000110000010000001000000000000000000000000000000000000000000000000100000010100000000000000000000000001101000000010010000000000000000000000000000011010110000000110100000001001100000100000001100000000111010000000000000000000010000000000100010000000001010100000110100100000100000000000000000100000100000000000001001000010010000000100000000001000101001000001000001000000101011101000001011000010011100110010100001010011011000011010100000100011100100100000101001011100000000010101000010001010111110010111100010001110100011111100100011101010010000010000000100000011100000000000101110010000010000000100010010000010000000100000011100000000000101110010000010000000100000000000000000000000000000000000000000000
6321416,11100000011110111011110000000000010000000000000000000000000000000000000000000000000000000000000000000000000000000000000000000000010110000000000100100000000000000000000000000000001000000000000000000000000000000000000000000000000100000000000000000000000000011000000000000000000000000001111000000100000101000000000000000000000000000000110000101100111101011101000000000111101100100000110010000011110100000000010001001000101010000000001110101101111100101101100000000100000000100000100000000000011001000010000000010000000010001000100010000001101011100000100011011001000111100110011010111110101011001011010100111011101111110001100100100000101001101111011000010001101111001010100110000111100110000100100000000000000000000000000000000000000000000000000000000000000000000000000000000000000000000000000000000000000000000000000000000000000000000000000000000000000000000000000000000000000000000
6324616,11110000011111100011110000000000000000000000000000000000000000000000000000000000000000000000000000000000000000000000000000000000000000000000000100100000000000000000000000000000001100000110000000000000000000000000000000000000000000000000000001001000110000010101000000000000000000000001111000000000000100000000100000000000000000000000110100011100101000011001100000000010001100101100111011000010110000000000011000000000100010000000001010100101110100100101100000000010100000100000100000000000001001010010001000000000000010001000100000000001010001110110110011001000000111100011011100110110110101101011010110011111101001100111100101101000111001111111010000011101110111001111100110000111111110101111110011111111110011101110100100000000000000110100101000000000000110000001000000000000110100100000000000000110100101000000000000110000001000000000000000000000000000000000000000000000000000000
6328154,11100000011100000011110000100000000000000000000000000000000000000000000000000000000000000000000000000000000000000000000000000000000000000000000000000000000000000000000000000000000000000000000000000000000000000000000000000000000000000000000000000000000000000000000000000000000000000001101000000000000000000000100000000000000000000000100000010100101000001000000000000010000000100000100000000000000000000000001000000000000010000000000000001000100100001000100000000010000000000000000000000000000000000000000000000000000000000000000000000001010000000000000000000000000000010001000000010110000000000000000000000000000000000100000000000000000001010010000000000000000000010000000000000001110010100110110000000100010000000000000000000000000000000000000000000000000000000000000000000000000000000000000000000000000000000000000000000000000000000000000000000000000000000000000000000000000000000
6426889,00000000000000000011000000000000000001000100000000000000000000000000000000000000000000000000000000000000000000000000000000000000000000000000000000000000000000000000000000000000000000000000000000000000000000000000000000000000000000000000000000000000000000000000000000000000000000000000000000000000000000000000000000000000000000000000000000000000000000000000000000000000000000000000000000000000000000000000000000000000000000000000000000000000000000000000000000000000000000000000000000000000000000000000000000000000000000000000000000000000000000000000000000000000000000000000000000000000000000000000000000000000000000000000000000000000000000000000000000000000000000000000000000000000000000000000000000000000000000000000000000000000000000000000000000000000000000000000000000000000000000000000000000000000000000000000000000000000000000000000000000000000000000000000000000000000000000000
6433516,11100000011000000011100000001100000000000000000000000000000000000000000000000000000000000000000000000000000000000000000000000000000000000000000000000000000000000000000000000000000000000000000000000000000000000000000000000000000000000000000000000000000000000000000000000000000000000001001000010000000000000000000001000000000000000000000000000000000000000000000000000010010000100000000000000000000000000000000000000001000000000000000000000000000000000000000000000000000000000000000000000000000000000000000000000000000000000000000000000000000000000000000000000000000000000000000000000000000000000000000000000000000000000000000000000000000000000000000000000000000000000000000000000000000000000000000000000000000000000000000000000000000000000000000000000000000000000000000000000000000000000000000000000000000000000000000000000000000000000000000000000000000000000000000000000000000000000
6433718,00000000011110000011100000110000000001110001110000000000000000000000000000000000000000000000000000000000000000000000000000000000000000000000000100100000000000000000000000000000001101000110000011000001000000000000000000000000000000000000000001001000100100010101000000000000000000000001101000000010010000000000000000000000000000011010110001000110100000001001100000100000001100000000111010000000000000000000010000000000100010000000001000100000110100100000100000000000000000100000100000000000001001000010010000000100000000001000101001000001000001000000101011101000000011000010011100110010100001010011011000011010100000100011100100100000101001011100000000010101000010001010111100010111100010101110100011111100100011101010010000010000000100000011100000000000101110010000010000000100010010000010000000100000011100000000000101110010000010000000100000000000000000000000000000000000000000000
6436062,11110000011110000011100000000000000000000000000000000000000000000000000000000000000000000000000000000000000000000000000000000000000000000000000000000000000000000000000000000000000000000000000000000000000000000000000000000000000000000000000000000000000000000000000000000000000000000001101000000000000000000000100000000000000000000000100000000000101000001000000000000010000000100000100000000000000000000000011000000000100010000000000000100000110100100000100000000000000000000000000000000000001000000000000000000000000010000000100000000001000000000000000000001000000000010001000000010010000000000000000100000000000000100000000000000000000001001000000000000000000010110000000000000011100010001100100010100000100000000000000000000000000000000000000000000000000000000000000000000000000000000000000000000000000000000000000000000000000000000000000000000000000000000000000000000000000000000
6436173,11110000011111110011110000000000000000000000000000000000000000000000000000000000000000000000000000000000000000000000000000000000000000000000000101100010010000000000000000000000001111000110000010000000000000000000000000000000000000000000000001011000000000011111110000000000000000000001111000000000000100000000100000000000000000000000110100011100111000011001111100000110001111111111111011111111110011000001111000000000101010000000001110110111111101110111110000000010100000101000100000101101001101010011001010100000000010011101100000100001011111010111110011011000100111100111111101110110110101101111110111011111101101100111110101101000111011111110010000011111110111001111100110100111111111001111110111111111110111101110100001000000000000110100101000000100000110100001000000100000110100001000000000000110100101000000100000110100001000000100000000000000000000000000000000000000000000000
6438359,11110000011111100011110000000010000000000000000000000000000000000000000000000000000000000000000000000000000000000000000000000000000000000000000000000000000000000000000000000000000000000000000000000000000000000000000000000000000000000000000000000000000000000000000000000000000000000001111000000000000000000000000000100000000000000000100000010100111000011000000000000110000000100000100000000011000000000000010100010000100010000100000000100000110100100000100010000000000000000000000000000000001000000000000000000000000010000000100000000001000010000000000000001000000000110000000000010010000000000000000100000000000000100000000000000000000001011000000000000000000110100000000000000011100010001100100010100000100000000000000000000000000000000000000000000000000000000000000000000000000000000000000000000000000000000000000000000000000000000000000000000000000000000000000000000000000000000
6442177,11110000011111100011110000000000000000000000000000000000000000000000000000000000000000000000000000000000000000000000000000000000000000000000000000000000000000000000000000000000001111000100100010000000000000000000000000000000000000000000000000000000000000000000000000000000000000000001111000000000000000000000100000000000000000000000110100111100111000011000000000000110000000100000100000000011000000000000011000000000100010000000001010100001110100100001100000000010000000000000000000000000001000000000000000000000000010000000100000000001110010000000000000001000000110110001010000010110000000001010000100100100000001110101000000000000000001111110011000000000100111111011000000000011100110001110100011110100100011100000000000000000000000000000000000000000000000000000000000000000010000000000000000000010000000000000000000000000100000000000000000000000000000000000000000000000000000000
6450551,11100000011110111010000000000000010000000000000000000000000000000000000000000000000000000000000000000000000000000000000000000000000000000000000101100000000000000000000000000000001111000110000010000000000000000000000000000000000000000000000001011000000000011111110000000000000000000001111000000100000110000000000000000000000000000000110000001000110000011101111000000100001111101100000111110010111010110001000000001000101010100000001100110101011101110101010000000000100100101000010000100000001101010000101000110000000110001111100110111001001110000110010011011000000010000010000011110010111000001101010111010001100001001010010100001100011000001001101000000000111010001100100110000111000110001000100010000000100011100001000000000000000000000000000000100000000001100000000000000000001000000000000000000000000000000100000000001100000000000000000000000000000000000000000000000000000000000
6450800,11110000011111100011100000000000000001100000000000000000000000000000000000000000000000000000000000000000000000000000000000000000000000000000000110000000000000000000000000000000001101000110100011000001100000100000010010001001000000000000000001100000100100010101000000000000000000000001111000000010000000000000110000000000000000000000110101010110111100011001100000100111001100100000100010000011000000000000011000000000100000000000001000100000010000100000000000000000000000100000000000000000001000000000010100000000000010001000100000000000000010000000101010001000000110110011011000100010100000011001001100010001101001100111000000000000001001001100000000000001100111101001100000000111110100001110000011111100000011101000010000000000000000100010000000000000000100000000000000000000100010000000000000000110010000000000000000110000000000000000000100000000000000000000100000000000000000000
6451150,11100000011110111011100111000010000000000000000000000000000000000000000000000000000000000000000000000000000000000000000000000000000000000000000101100000000000000000000000000000001111000100000000000000000000000000000000000000000000000000000001011000000000011100000000000000000000000001111100000000000110000000100000100000000000000000110000101000110000011001101100011100001100010001000010000111010011000001000000010000101010100100001000100011011100100011010010000000000100101000000000001011001000000000000010100000000101011100100010000001000110000000000010001000100010000110100000111010100000001101100100010001100101000010000000000000001000001001111000000010100010001000100000000111000110001000100010000000100011100000000000000000000000000000000000000000000000000000000000000000000000000000000000000000000000000000000000000000000000000000000000000000000000000000000000000000000000000
6451167,10000000000000000011100000110010000000000000000000000000000000000000000000000000000000000000000000000000000000000000000000000000000000000000000000000000000000000000000000000000000000000000000000000000000000000000000000000000000000000000000000000000000000000000000000000000000000000000000000000000000000000000100000100000000000000000000000000000000000000000000000000000000000000000000000000000000000000000000000010000000000000100000000000000000000000000000010000000000000000000000000000000000000000000000000000000000000000000000000000000000000000000000000000000000000000000000000000000000000000000000000000000000000000000000000000000000000000000000000000000000000000000000000000000000000000000000000000000000000000000000000000000000000000000000000000000000000000000000000000000000000000000000000000000000000000000000000000000000000000000000000000000000000000000000000000000000000000
6456015,11110000011110111011100100000000000000000000000000000000000000000000000000000000000000000000000000000000000000000000000000000000000000000000000101100010110000000000000000000000001100000000000000000000000000000000000000000000000000000000000001011000000000011100000000000000000000000001111100000000000100000000100000000000000000000000110000011100111000011001111000001110001100101100100010010011110010011001001000000000101010000000001100100101111100100101110000000010100000101000000000100000001001010000001000100000000010001001100110100001011110000110010011011000000010010111000001111110110000001101010110010001100101000110000110001000011001011011011000000000110010011100100111000111010111111000100010000000100011101000000000000000000000000000000000000000000000100000000000000000000000000000000000000000000000000000000000000100000000000000000000000000000000000000000000000000000000000
6474107,11110000011111000011111000000000000000000000000000000000000000000000000000000000000000000000000000000000000000000000000000000000000000000000000110100010000000000000000000000000001101000110100011010001001000100100000000000000000100100000000001100000110000000000000000000000000000000001101000000000000000000000100000000000000000000000111100010100101100001000000000000011000000100000100000000000000000000000011000000000000000000000000000000000000000000000000000000000000000000000000000000000000000000000000000000000000000000000000000000000000000000000000000000000000100010001000000000010000000000000000000000000001000100100000000000000000001010000000000000000000001110000000000000001110000001110000011111100000011111000000000000000000000000000000000000000000000000000000000000000110000000000000000000110000000000000000000100000100000000000000110000000000000000000110000100000000000000
6842999,11000000011100110011100000000000010000000000000000000000000000000000000000000000000000000000000000000000000000000000000000000000000000000000000100100000000000000000000000000000001011000000000000000000000000000000000000000000000000000000000000000000000000011000000000000000000000000001111000000100000011000000000000000000000000000000100000101100110001011101000000000100101100101000010010000010000100000100010001001010101010010000000010110001011100110101001101110100110100100000100000000000001011000010001000010000001110001000100000000001001011100110110011011010000011000010011010110010101001001011010110011011100010100001100100100000111001001100100000010001101010001110100110000110101111000000000000000000000000000000000000000000000000000000000000000000000000000000000000000000000000000000000000000000000000000000000000000000000000000000000000000000000000000000000000000000000000000
6850741,11110000011111000011100000000000000000000000000000000000000000000000000000000000000000000000000000000000000000000000000000000000010010000000000100100000000000000000000000000000001100000110000011000001100000110000000000000000000000000000000001001000000000011000000000000000000000000001101000000000000000000000100000000000000000000000110101010100101000001001100000000010001000100000110010000000000000000000011001000000100010000000001010001000110100101000100000000000000000100000100000000000001001000010000000000000000000001000100000000001000001000000100011001000000011000011011000110010100001000011010100011010100000100101100100100000101001001100000000010001000010001010100100000111100010001100100011110000100011101000000000000000000000000000000000000000000000000000000000000000110000000000000000000010000000000000000000010000000000000000000000000000000000000000000000000000000000000
6850749,11110000011110000011110000000000000000000000000000000000000000000000000000000000000000000000000000000000000000000000000000000000000000000000000110000011000000000000000000000000001000000000000000000000000000000000010000000000000110000000000000000000100000000000000000000000000000000001101000000000000000000000100000000000000000000000111100010100101000001000000000000010000000100000100000000000000000000000001000000000100010000000001000100000110100100000100000000000000000000000000000000000001000000000000000000000000000000000100000000001000000000000000001001000000000010001010000010010000000000000000100000000000000000101000000000000000001001000000000000000000010010001000110000011110010101110110011110100100011111000000000000000000000000000000000000000000000000000000000000000000000000000000000000000000000000000000000000000000000000000000100000000000000000000100000000000000000000
6850754,11100000011100000011110000000000000000000000000000000000000000000000000000000000000000000000000000000000000000000000000000000000000000000000000000000000000000000000000000000000001001000100100000000000000000000000000000000000000000000000000000000000000000000000000000000000000000000001101000000000000000000000100000000000000000000000100000010100101100001000000000000011000000100000100000000000000000000000011000000000000010000000000000000000100100000000100000000010000000000000000000000000000000000000000000000000000000000000000000000001010000000000000000000000000100010001000000010110000000000000000000000100001000100100000000000000000001010010000000000000000001110000000000000001110010100110110000001100010000000000000000000000000000000000000000000000000000000000000000000000000000000000000000000000000000000000000000000000000000000000000000000000000000000000000000000000000000000
6917875,11100000011110100011100000000000000001000000000000000000000000000000000000000000000000000000000000000000000000000000000000000000000000000000000101100000000000000000000000000000001100000110000000000000000000000000010010000000000000000000000000000000101100010100000000000000000000000001111000000010000000000000100000000000000000000000110100000110110000011001100000100100001100100000111010000011000000000000011000000000100010000000001000100000110100100000100000000000000000100000100000000000001000000010010100000000000010001000100000000000000011100000101011001000000011000010011000100010100001011011001100011011100001100011100000100000101001001100000000010001100010001011100110000111101100001101000011110010000011101000000000100000000000000010000000000000000010000000000000000000000000000100000000000000010000000000000000010000000000000000000000000000000000000000000000000000000000000
6918248,11100000011110111010000110000000000000000000000000000000000000000000000000000000000000000000000000000000000000000000000000000000000000000000000101100000000000000000000000000000001111000110000010000000000000000000000000000000000000000000000001011000000000010100000000000000000000000001111100000000000100000000000000000000000000000000110000001000110000010001100000010100001100011100000010000011110000000000000000000000100010000000001000100100010000100101000000000000100000100000000000000000001000010000001000000000000010001000100000000000000010000111010010001000100010000110000000100010110000001001000110010001100101000010000000001000011010001001011000000010110010001100100000100111000100001000000000000000000011100000000000000000000000000100000000000000000000000000000000100000000000000000000000000000100000000000000000000000000000000100000000000000000000000000000000000000000000000
6918313,11100000011110111011000000000000000001000000000000000000000000000000000000000000000000000000000000000000000000000000000000000000000000000000000101100010010000000000000000000000001111000110000010000000000000000000000000000000000000000000000001011000000000011111111000000000000000000001111000000000000100000000000000000000000000000000110000001100110000011001111000000100001111001100011011110011110010011001010001000000101110000000011110110101011101110101010000000010101000101000100000100000001101010010001000100000000010001101100110100001111111100110110011011000000011101110011011110010110001001011010110011111100101110011100100101000111001001101000000010001110010001110100110001111101111001101111111100011111111101000100001000000000000100100000000000000000010100000000000000000000100001000000000000100100000000000000000010100000000000000000000000000000000000000000000000000000000000
6918427,11110000011111111011111000000000000000000000000000000000000000000000000000000000000000000000000000000000000000000000000000000000000000000000000000000000000000000000000000000000001100000110000000000000000000000000000000000000000000000000000000000000000000010100000000000000000000000001111000000000000100000000100000000000000000000000111100111100111000011001100000000110001100100000111010000010110000000000011000000000100010000000001000100001110100100001100000000000000000100000100000000000001000000010000000000000000010001000100010000001000011101000100011001000000011110011011000111010100001001111000100011010100001100111100000100010101001011101011000010001100010101011100110000111101110101100100111110000100111101010000000000000000000010000000000000000000000000100000000000000010000000000000000000010000000000000000000000000100000000000000000000000000000000000000000000000000000000
6918486,11110000011111111111110000000000000000000000000000000000000000000000000000000000000000000000000000000000000000000000000000000000000000000000000000000000000000000000000000000000000000000000000000000000000000000000000000000000000000000000000000000000000000000000000000000000000000000001111000000000000100000000100000000000000000000000110100111100111000011000000000000110000000100000000000000011110000000000001000000000100010000000000000100001010100100001000000000000000000000000000000000000001000000000000000000000000010000000100010000001100010000000000000001000000010100101000000010110000000001000000100100000000101000100000000000000000001101011011000000000100110001000000000000011000110000000100000000000000011100000000000000000000000000000000000000000000000000000000000000000000000000000000000000000000000000000000000000000000000000000000000000000000000000000000000000000000000000
6918493,11100000011110110011100000000000000000000000000000000000000000000000000000000000000000000000000000000000000000000000000000000000000000000000000000000000000000000000000000000000001111000110000010000000000000000000000000000000000000000000000000000000000000011101000000000000000000000001111000000000000000000000100000000000000000000000110001011100101000011001111000000010001100111001100010010110000010000001011000000000101010000000001100100100111100100110110000000010100000101000000000101001001000010000001010100000000010011001100000100001011100000110110010011000100010010010111000110110110000001111100111011100100011000111010000001000011011011110000000000011010010111110100000100111100010001100100011100000100011101000000000000000000000000000000000000000000000000000000000000000000000000000000000000000000000000000000000000000000000000000000000000000000000000000000000000000000000000
9552079,11100000011110111100000000000000000001100000000000000000000000000000000000000000000000000000000000000000000000000000000000000000000000000000000000000000000000000000000000000000001100000110000000000000000000000000000000000000000000000000000000000000000000010100000000000000000000000001110000000010000100000000000000000000000000000000100000001010110000010001000000100100001100011100000010000010110000000000000000000000101000000000000000100100010000100110010000000000100000100000000000000001001000010000011100000000000010011000100000000000000000000110011010001000100010000010000000100010110000011001101110010001100001000010000000001000011000001001000000000010010010001100100000100111000100000000000000000000000000000000000000000000010000000000000000000000000000000000000000000000000000000000000010000000000000000000000000000000000000000000000000000000000000000000000000000000000000000
9578005,11000000011110110011000110000000010000000000000000000000000000000000000000000000000000000000000000000000000000000000000000000000000000000000000101100000000000000000000000000000001111000100000000000000000000000000000000000000000000000000000001011000000000011111110000000000000000000001111100000100000100000000000000000000000000000000110000001100111001011101111000010110101111111101011010110110110010011001010000001010101000000000001100110100011001110110010001000000110010101101101000101101111100010011001010110000000010011101100100100000001111100111110010011000100011000110111011100010111001001011100110011011100101100011100000101000111011101001000000011010110010001110100000100111000100000000000000000000000011100000000000000000000000000000000000000000000000000000000000100000000000000000000000000000000000000000000000000000000000000100000000000000000000000000000000000000000000000
9588170,11100000011110111011100100000000010000000000000000000000000000000000000000000000000000000000000000000000000000000001100000000000000000000000000101100000000000000000000000000000001011000100000000000000000000000000000000000000000000000000000000000000100000011000000000000000000000000001111100000100000101000000100000000000000000000000110100101100110000011001101000001110101100111011100010010011010110000001001010000010101010000000001110100010111101100110110001110000100000101000000000101001001001010000000000100000000000011001100010100001001110000100010011011000100010000010010011111110110010001101110010010001100001000110000110001000011011001011000000000010110010001101100111100111100110001101100100100010100011100000000000000000000000000000000000000000000000000000000000000000000000000000000000000000000000000000000000000000000000000000000000000000000000000000000000000000000000000
9800068,11100000011110100011100000000000000000000000000000000000000000000000000000000000000000000000000000000000000000000000000000000000000000000000000000000000000000000000000000000000001100000110000000000000000000000000000000000000000000000000000000000000000000010000000000000000000000000001111000000000000000000000100000000000000000000000110101000100110000011001100000000100001100100000111010000011000000000000001000000000100010000000001000100000110100100000100000000000000000100000000000000000001000000010000000000000000010001000100000000001000011100000100010001000000010000010011000110010100000101001000100010011100001000111000000000000001001101100000000010001000010001001100000000111110100111100000011110000000011101010000000000000000000000000000000000000000000000000000000000000010000000000000000000000000000000000000000000000000000000000000000000000000000000000000000000000000000000
9821849,11110000011110100011000000000000000000000000000000000000000000000000000000000000000000000000000000000000000000000000000000000000000000000000000100000000000000000000000000000000001111000110000010000001000000000000000000000000000000000000000001000000100000011000000000000000000000000001111000000000000000000000000000000000000000000000111100010100111000011001101000000110001111101000100010010010000010000001010000000000101010000000001000110000111101110100110000000000100000101000000000100000001100010000001000100000000010001101100000100000001110000110010010011000000010000010000011100010110000001001000110010001100001100010000000001000011001001100000000000000110010001100100000000111100100001100000011110000000011111000000000000000000000000000000000000000000000000000000000000000110000000000000000000100000000000000000000100000000000000000000000000000000000000000000000000000000000000
9832912,11110000011111100011110000000000000000000000000000000000000000000000000000000000000000000000000000000000000000000000000000000000000000000000000100100000000000000000000000000000001001000100100010000000000000000000000000000000000000000000000001000000000000000000000000000000000000000001111000000000000001000000100000000000000000000000110101011100101000011000000000000010000000100000100000000000000100000000011000000000101010000000001100100000111100100000100000000000000000000000000000000000001000000000000000000000000010000000100000000001001100000000000000001000000110010001010000010110000000000010000100000000001000100101000000000000000001011110000000000000000011111011000000000011110010101110110011101100110011101000000000000000000000000000000000000000000000000000000000000000000000000000000000000000000000000000000000000000000000000000000000000000000000000000000000000000000000000
9837243,11100000011100110011000000000000000000000000000000000000000000000000000000000000000000000000000000000000000000000000000000000000000000000000000101100000000000000000000000000000000000000000000000000000000000000000000000000000000000000000000000000000000000000000000000000000000000000001111000000000000100000000000000000000000000000000110100101000110000011000000000000100000000100000000000000011010000000000000000000000000010000000000000000001000100000001000000000000000000000000000000000000000000000000000000000000000000000000000000000001100010000000000000000000000000000100000000010010000000001000000000100000000101000000000000000000000000000001011000000000100000000000000000000001000111000000100000000000000011100000000000000000000000000000000000000000000000000000000000000000000000000000000000000000000000000000000000000000000000000000000000000000000000000000000000000000000000000
9838021,11100000011100100010000000000000000001000000000000000000000000000000000000000000000000000000000000000000000000000000000000000000000000000000000000000000000000000000000000000000001100000000000000000000000000000000000000000000000000000000000000000000000000010000000000000000000000000001111000000000000000000000100000000000000000000000110100000100110000011001100000000100001100100000011010000011000000000000001000000000100000000000001000100000010000100000000000000000000000100000000000000000001000000010000000000000000010001000100000000000000011100000100010001000000010000010011000100010100000101001000100010010100001000111000000000000001001001100000000010001000010001001100000000111100100001100000011110000000011101000000000000000000000010000000000000000000000000000000000000000000000000000000000000010000000000000000000000000000000000000000000000000000000000000000000000000000000000
9839867,11100000011100110011110000100000000000000000000000000000000000000000000000000000000000000000000000000000000000000000000000000000000000000000000000000000000000000000000000000000000000000000000000000000000000000000000000000000000000000000000000000000000000000000000000000000000000000001111000000000000000000000100000000000000000000000000000000000110000011000000000000100000000000000100000000011000000000000001000000000000010000000000000000000100100000000100000000000000000000000000000000000000000000000000000000000000000000000000000000000100010000000000000000000000000100100000000000000000000000000000000100000000100000000000000000000000000000000000000000000100100000000000000000000000000000000000000000000000000000000000000000000000000000000000000000000000000000000000000000000000000000000000000000000000000000000000000000000000000000000000000000000000000000000000000000000000000000
9840857,10000000011000100011000000000000000000000000000000000000000000000000000000000000000000000000000100000000000000000000000000000000000000000000000000000000000000000000000000000000001100000000000000000000000000000000000000000000000000000000000000000000000000010000000000000000000000000001100000000000000001000000000000000000000000000000100000000000100000000001000000000000001100000000000010000000000000000100000000000000100000010000000000100000010000100000000100000000000000100000000000000000001000000000000000000000000010001000100000000000000000000000000010001000000010000010000000100010100000000001000100010000100000000010000000000000001000001000000000000000000010001000100000000111000000000000000000000000000000000000000000000000000000000000000000000000000000000000000000000000000000000000000000000000000000000000000000000000000000000000000000000000000000000000000000000000000000000
9844225,11100000011110100011100000000000000001000000000000000000000000000000000000000000000000000000000000000000000000000000000000000000000000000000000100100000000000000000000000000000001111000110000010000001000000000000000000000000000101100000000001001000110000010000000000000000000000000001111000000000000000000000000000000000000000000000111100111100111000011001100000000110001100100000111010000011000000000000010000000000100010000000001000100000110100100000100000000000000000100000100000000000001000000010000000000000000010001000100000000000000011101000100010001000000011010010011000100010100001001011000100011011100001100011101000100010101001001100000000010001100010101010100000000111101100001111000011111111000011111010000000000000000000010000000000000000000110000100000000000000110100000000000000000110100000000000000000110100100000000000000000000000000000000000000000000000000000000
9849808,11110000011110100011100000000000000000000000000000000000000000000000000000000000000000000000000000000000000000000000000000000000000000000000000000000000000000000000000000000000001100000110000000000000000000000000000000000000000000000000000000000000000000010100000000000000000000000001111000000000000000000000100000000000000000000000110100101100111000011001100000000110001100100000111010000011000000000000011000000000100010000000001000100000110100100000100000000000000000100000100000000000001000000010000000000000000010001000100000000001000011100000100011001000000011000011011000100010100001001011000100011010100001100111101000100000101001001100000000010001100010001011100110000111100100001111000011111110000011101010000000000000000000100000000000000000000010000000000000000000010000000000000000000100000000000000000000010000000000000000000000000000000000000000000000000000000000000
9865528,11100000011110111011000000000000010000000000000000000000000000000000000000000000000000000000000000000000000000000000000000000000000000000000000101100000000000000000000000000000001100000110000000000000000000000000000000000000000000000000000000000000000000011101000000000000000000000001111000000100000100000000100000000000000000000000110000011100111001011101111000000110101100011101000110010010110010000001001000001000101011000000001100100101011100100111010000000000100000101111000010101001011000010000101000111001000010001000100010010101001110000110110010001000100010100011011000111010111000001101010110010001100001000111000000001000011001001101010000000011110110001101100000100111100100001100000010100000000011100000100000000000000000000000000000000000000000000000000000000000000100000000000000000000000000000000000000000000000000000000000000000000000000000000000000000000000000000
9869929,11100000011110111011000000000000000001000000000000000000000000000000000000000000000000000000000000000000000000000000000000000000000000000000000101100000000000000000000000000000001111000101100010000000000000000000000000000000000000000000000000000000000000011111000000000000000000000001111000000010000100000000100000000000000000000000110000101110111000011001101100100110001111111011011010010111110010000001011000000000101010000000001000110011011101110111010000000000100000101000100000101001001101010010011111100000000010011101100010100001001111100110111111011000100011100111111010101011110001011111101101011011100101000111010010101000011011001100011000010011110110001010100011100111100100001101000000000010000011100010000000000000000000000010000000000000000000000000100000000000010000000000000000000000010000000000000000000000000100000000000000000000000000000000000000000000000000000
9871419,11100000011110111011100110000000010000000000000000000000000000000000000000000000000000000000000000000000000000000001100000000000000000000000000111100010000000000000000000000000001111000100000000000000000000000000000000000000000000000000000001011000000000011111110000000000000000000001111100000100000110000000100000000000000000000000110100111100111001011101111100001110101100111111000010111110110010000001011000001000101000100000001100100110011000100110010000000000100000101101010000101111011000011001000010110000000111011101100010100000001010000101010010011000100010110111100000100010111000001101100101010001100101100110010000001000001011111001000000000010110110111000100000100111111100001011000011001010000011101000000000000000000000000000000000000000000000000000000000000000000000000000000000000000000000000000000000000000000000000000000000000101000000000000000000101000000000000
9874560,11110000011111100011100000000000000000000000000000000000000000000000000000000000000000000000000000000000000000000000000000000000000000000000000110000011000000000000000000000000001100000110000011000001100000100000000000000000000000000000000001100000110000010000000000000000000000000001111000000000000000000000100000000000000000000000111101010100101000011001100000000010001100100000111010000000000000000000011000000000100110000000011010100000110100100000100000000000000000100000000000000000001000000010000000000000000010001000100000000001000001100000100011001000000010001010011000110010100000100001000100010010100000100111000000000000001001001100000000010001000010001001100100001111100010001100100011110000100011111010000000000000000000010000000000000000000100000000000000000000110000000000000000000110000000000000000000100000000000000000000110000000000000000000110000000000000000000
9875401,11100000011110110011100000000000010001000000000000000000000000000000000000000000000000000000000000000000000000000000000000000000000000000000000101100010010000000000000000000000001111000100000000000000000000000000000000000000000000000000000000000000000000011100000000000000000000000001111000000110000100000000000000000000000000000000100000011110111000011101000000100110001100001100100110000011110000000000010000001000100011000000000000100101010100100101100000000010100000110000000010000000001001010000111100010000010010001000100010011001010010000110011011001000000010100010000000110010111000011101011110010101100011110010000100001000011000001001011000000000111110001100100110000111000110000000000000000000000000000000000000000000100000000000000000000000000000000000000000000000000000000000000100000000000000000000000000000000000000000000000000000000000000000000000000000000000000000
9883933,11100000011110100011100000000000000000000000000000000000000000000000000000000000000000000000000000000000000000000000000000000000000000000000000000000000000000000000000000000000001100000000000000000000000000000000000000000000000000000000000000000000000000000000000000000000000000000001111000000000000100000000100000000000000000000000111100000000111100011000000000000111000000100000100000000010110000000000011000000000000010000000000000000000100100000001100000000000000000000000000000000000000000000000000000000000000000000000000010000001000010000000000000000001000100000000000000010010000000001000000000000000001011100100000000000000000001000000011000000000000001000000000000000001101111001100100011100000100011110000000000000000000000000000000000000000000000000000000000000000000000000000000000000000000000000000000000000000000000000000000000000000000000000000000000000000000000000
9913767,11110000011110111011100000000000010000000000000000000000000000000000000000000000000000000000000000000000000000000000000000000000000000000000000000000000000000000000000000000000001111000110000010000000000000000000000000000000000000000000000000000000000000011101000000000000000000000001111000000100000100000100000000000000000000000000110000101000111000011001111000000110101111111011000010010011010010000001010000000010101010000000001100110111011101110111010001110010100000101000000000101101001100010001001000100000000010011101100000100000011110000111010010011000100010100110000011100010110000001001100100010101100101110010000000001000011011001001000000000010110010001100100000100111001100001000000011000000000011100000000000000000000000000000000000000000000000000000000000000000000000000000000000000000000000000000000000000000000000000000000000000000000000000000000000000000000000000
9918581,11110000011111111011100000000000011001100000000000000000000000000000000000000000000000000000000000000000000000000000000000000000000000000000000101100010010000000000000000000000001111000101100010110001000000000000000000000000000000000000000000000000000000011111100000000000000000000001111000000110000100000000100000000000000000000000110100101010110001011101111000100100101111011011100110010011110010000001001000001000101011000000001100110111111101110111110000000000100000111111000010101001011101010001110100111001010010011101100000111101001010000101011011011000100010000110010011111010111000011101111110010001110101000111000110001000011011001000000100000010111010001101100111100111001111000000000100000000000011100000000000000000000000000000000000000000000000000000000000000000000000000000000000000000000000000000000000000000000000000000000000000000000000000000000000000000000000000
9920342,11110000011110000011100000000000000000000000000000000000000000000000000000000000000000000000000000000000000000000000000000000000000000000000000100100000000000000000000000000000000000000000000000000000000000000000000000000000000000000000000000000000000000000000000000000000000000000001101000000000000000000000100000000000000000000000100000010100101000001000000000000010000000100000100000000000000000000000011000000000100010000000000000100000110100100000100000000000000000000000000000000000001000000000000000000000000010000000100000000001000000000000000000001000000000010001000000010010000000000000000100000000000000100100000000000000000001011000000000000000000010110000000000000011110010001110100010101100100000000000000000000000000000000000000000000000000000000000000000000000000000000000000000000000000000000000000000000000000000000000000000000000000000000000000000000000000000000
9924495,11000000011110110010000000000000000000000000000000000000000000000000000000000000000000000000000000000000000000000000000000000000000000000000000000000000000000000000000000000000001111000110000010000001000000000000000000000000000000000000000000000000000000011101000000000000000000000001111000000000000000000000000000000000000000000000110000001000110000011001111000000100001111001100000010010011000010000001000000000000101110000000011100110101011101110101010000000000101000101000000000100000001100010000001000100000000010001101100000100001001110000110010011011000000010001010000011110010110000001001010110010001100001000010000000001000011000001000011000000000110010001100100110001111000110001000100010000000100011101000000000000000000000000000000000000000000100000000000000000000000000000000000000000000000000000000000000100000000000000000000000000000000000000000000000000000000000000
9933004,11100000011110100011100110000000000001000000000000000000000000000000000000000000000000000000000000000000000000000000000000000000000000000000000000000000000000000000000000000000001101000110100010000001000000000000000000000000000000000000000000000000100100010100000000000000000000000001111100000000000100000000100000000000000000000000110000010100111000011001100000001110001100000000011010000010110000000000011000000000100000000000001000100000010000100000000000000000000000100000100000000000001000000010000000000000000010001000100010000000000011100000100010001000000011110011011000100010100001001011000100011010100001100111100000100000101001101101000000010001100110111010100000000111100100001100000011110000000011100000000000000000000000000000000000000000000010000000000000000000000000000000000000000000000000000000000000010000000000000000000000000000000000000000000000000000000000000
9941095,11110000011111111011110100000000011001000000000000000000000000000000000000000000000000000000000000000000000000000000000000000000000000000000000100100000000000000000000000000000001111000110000011000001100000110000000000000000000000000000000000000000101100011111110000000000000000000001111100000110000100000000100000000000000000000000110000001110111001011101111000101110101101111111011111110110110010000001010011001010101010000000001110100110011100110110010001110000110000101000100001101001001101010010011111110000000010011101100010111001101111100110111111011000100011100010111011110011110001011111111111111011100001110011110100101000111011001101000000010011110110001110100110100111101110001101100111110011100111100001100001000000000000100000000000000010000000100000100000000000001100001000000000000100000000000000010000000100000100000000000000000000000000000000000000000000000000000
9989226,00000000000000000011000000000000000000000000000000010000000000000000000000000000000000000000000000000000000000000000000000000000000000000000000000000000000000000000000000000000000000000000000000000000000000000000000000000000000000000000000000000000000000000000000000000000000000000000000000000000000000000000000000000000000000000000000000000000000000000000000000000000000000000000000000000000000000000000000000000000000000000000000000000000000000000000000000000000000000000000000000000000000000000000000000000000000000000000000000000000000000000000000000000000000000000000000000000000000000000000000000000000000000000000000000000000000000000000000000000000000000000000000000000000000000000000000000000000000000000000000000000000000000000000000000000000000000000000000000000000000000000000000000000000000000000000000000000000000000000000000000000000000000000000000000000000000000000
9997821,11100000011100100011100000000000010000000000000000000000000000000000000000000000000000000000000000000000000000000000000000000000010110000000000101100000000000000000000000000000000000000000000000000000000000000000010110000000000000000000000000000000000000000000000000000000000000000001111000000100000000000000000000000000000000000000111000101000110001011100000000000111100000100000100000000011000000000000010000001010000010000000000000000001100100000001100001110000010010000000000000000000010000000000000000010000000000000000000000000001100010000000000000000000000100100000000000011000001000000000000000100000001001010000000000000000000001000000011000000000101101000000000000000000000000000000000000000000000010000000000000000000000000000000000000000000000000000000000000000000000000000000000000000000000000000000000000000000000000000000000000000000000000000000000000000000000000000
10034073,11110000011111000011111000000000000001100000000000000000000000000000000000000000000000000000000000000000000000000000000000000000000000000000000000000000000000000000000000000000001101000100100010000000000000000000000000000000000000000000000000000000000000010000000000000000000000000001101000000010000000000000100000000000000000000000110101010110101100001001100000100011000000100000111010000000000000000000011000000000100010000000001000100000110100100000100000000000000000100000000000000000001001000010010001000000000010001000100000000001000001000000101111001000000110010011011100110110100000110011011100011010101000100111000101000000001001011110000000010101000011111011100110000111110010001110110010111100110011101010010000100000000000010010100000000000100110010000100000000000010010000100000000000010010100000000000100110010000100000000000000000000000000000000000000000000000000000
10077129,11110000011110110011110100000000010000000000000000000000000000000000000000000000000000000000000000000000000000000000000000000000000000000000000100100000000000000000000000000000001111000110000011000001000000000000000000000000000000000000000001001000110000011100000000000000000000000001111100000000000100000000100000000000000000000000110100111100111000011001111000001110001111101000100010010010110010000001010010000000101010000000001100110100111101110101110000110000100000101000000000100000001100010000001000100000000010001101100010100001001110000110010010011001000010000010000011110010110000001001000110010001100011100010000000001000011001001001011000000000110010001100100000000111100110101100100011110000100011101000000000000000000000000000000000000000000000000000000000000000100100000000000000000100100000000000000000100000000000000000000000000000000000000000000000000000000000000
10096344,11100000011110111111000000000000000000000000000000000000000000000000000000000000000000000000000000000000000000000000000000000000000000000000000101100000000000000000000000000000001111000101100010110001000000000000000000000000000000000000000001011000101100011111110000000000000000000001111000000000000100000000000000000000000000000000110000101000110000011001111100000100001100111111000011110111010011000001000000000000111010000001001100100111011100100111010000000000100000101000000000101101001001110001001010100000000010011101100010100001101110000111010011011000100010000110100010101010110000001101100111110001100101000010010010001000011010001001011100100010110010001100100001100111000100001000000010000000000011100000000000000000000000000000000000000000000000100000000000000000000000000000000000000000000000000000000000000100000000000000000000000000000000000000000000000000000000000
10130337,11000000011100110011000000000000000000000000000000000000000000000000000000000000000000000000000000000000000000000000000000000000000000000000000000000000000000000000000000000000001100000000000000000000000000000000000000000000000000000000000000000000000000010000000000000000000000000001111000000000000100000000000000000000000000000000110000101000111000011001100000000110001100000000100010000000010000000000010000000000100010000000001000100000010000100001100000000000000000100000000000000000001000000000000000000000000010001000100010000000000000000000000010001001000010100010000000100010100000001001000100010001100010010010000000000000001001001001000000000000000010001000100000000111100100001100000010100000000011100000000000000000000000000000000000000000000000000000000000000000000000000000000000000000000000000000000000000000000000000000000000000000000000000000000000000000000000000
10158453,11100000011110100011000100000000010001000000000000000000000000000000000000000000000000000000000000000000000000000001100000000000000000000000000100100000000000000000000000000000001111000100000000000000000000000000000000000000000000000000000001011000000000011100000000000000000000000001111100000100000000000000000000000000000000000000110100101100110000011101100000001100001100100000110110000011000000000000010000001000100011000000001010100000110100100000100000000000100000110000100010000000001000000010100000010000010010001000100000011001100011100000110010001000000011000010011000110010101001001011010100111011100001100011101000101000111001001100000000010001101010001010100000000111101110001100100011000000100011100000000000000000000000000000000000000000000000000000000000000000000000000000000000000000000000000000000000000000000000000000000000000000000000000000000000000000000000000
10174505,11100000011110111011110000000000000000000000000000000000000000000000000000000000000000000000000000000000000000000000000000000000000000000000000101100000000000000000000000000000001011000101100000000000000000000000000000000000000000000000000001011000000000011111100000000000000000000001111000000000000100000000100000000000000000000000110101101100110000011001101100000100001111111011100011011111110010011001001000000000101110000000011000110011111101110111110000000010100000101000000000101001101100010000001010100000000010011101100110100001011110000110010010011000100010011110100011010110010000001100100011000001000101000100010000001000010011010011011000000010110000010100000000100000110110110010011000000000000010100000000000000000000000000000000000000000000000000000000000000000000000000000000000000000000000000000000000000000000000000000000000000000000000000000000000000000000000000
10176082,00000000000000000011000000000000000000000000000000010000000000000000000000000000000000000000000000000000000000000000000000000000000000000000000000000000000000000000000000000000000000000000000000000000000000000000000000000000000000000000000000000000000000000000000000000000000000000000000000000000000000000000100000000000000000000000000000000000000000000000000000000000000000000000000000000000000000000000000000000000000000000000000000000000000000000000000000000000000000000000000000000000000000000000000000000000000000000000000000000000000000000000000000000000000000000000000000000000000000000000000000000000000000000000000000000000000000000000000000000000000000000000000000000000000000000000000000000000000000000000000000000000000000000000000000000000000000000000000000000000000000000000000000000000000000000000000000000000000000000000000000000000000000000000000000000000000000000
10182969,11100000011110111011100000000000000000000000000000000000000000000000000000000000000000000000000000000000000000000000000000000000000000000000000101100000000000000000000000000000001111000111100010000001000000000000000000000000000000000000000001011000000000011101000000000000000000000001111000000000000110000000000000000000000000000000110000001100110000011001111000000110001100101100011010010011010010000000010000000000101010100000001100100101011100100101010000000000100100100000110000100000001001110010001000000000000110001001100000100001101011100110110011011000000011000110011001110010110001001111010111111011100101001011010100101000011001001100111000010001110010001110100100000111101111000100001100000000000010100000000001000000100000000000000000000000000000000000000000000000000000001000000100000000000000000000000000000000000000000000000000000000000000000000000000000000000000000
10220503,11100000011100100011000000000000000000000000000000000000000000000000000000000000000000000000000000000000000000000001100000000000000000000000000100100000000000000000000000000000001100000000000000000000000000000000000000000000000000000000000001001000000000010000000000000000000000000001111000000000000100000000000000000000000000000000110100000100111000011001100000000110001100100000011010000010110000000000010000000000100010000000001000100001010100100001000000000000000000100000100000000000001000000010000000000000000010001000100010000001000011100000100010001000000011000010011000100010100001001011000100011010100001100011100000100000101001001101011000010001100010001010100000000111100100001100000011110000000011101000000000000000000000010000000000000000000110000000000000000000000000000000000000000010000000000000000000110000000000000000000000000000000000000000000000000000000000000
10288191,11000000011110111011000110000000000000000001000000000000000000000000000000000000000000000000000000000000000000000000000000000000000000000000000101100000000000000000000000000000001100000110000000000000000000000000000000000000000000000000000001011000000000011111010000000000000000000001111100000000010101000000100000000000000000011010110000001000101000011001111000001110001101111101000010110111110111000001001000000000101010000000001100100101011100110111010000000000100000101000000000101101001101010001001010100100001010011101100000100001001110000111010011111000100010010111100011111010110000001101110111010001100101000010010110001000011010001001000000000010110010011100101111110111000111001000100100000000100111100000100000000000101000000100000000000100000000100000000000100000000100000000000101000000100000000000100000000100000000000100000000000000000000000000000000000000000000000
10324367,11110000011110111011100000000000000000000000000000000000000000000000000000000000000000000000000000000000000000000001100000000000011000000000000101100000000000000000000000000000001011000000000000000000000000000000000000000000000000000000000000000000000000000000000000000000000000000001111000000000000100000000000000000000000000000000111110101100110000011000000000000100000000110000000000000011110000000000000000000000000010000000000010000001000100000001000000000000000000000000000000000000000000000000000000000000000000000000000010000001100010000000000000000000100000000100000000011010000000001100000000100000000101000000000000000000000010000001011000000010100000000000000000000001000110001000100110000000100011111000000000000000000000000000000000000000000000000000000000000000000000000000000000000000000000000000000000000000000000000000000000000000000000000000000000000000000000000
10348973,11100000011110111011100110000000010000000000000000000000000000000000000000000000000000000000000000000000000000000000000000000000000000000000000100100000000000000000000000000000001111000111100010000001000000000000000000000000000000000000000001011000000000011111010000000000000000000001111100000100000111000000000000000000000000000000110000001000110000011101101000001110001100111111010110010011110100000000010000001000101011100000001000100111011100100111000000000000100100110000110010000010011001010010101000011000000111011001100000110001001111100110110011011000100011000010011010111010111001001111110110011011100001001011000110101000011011001101111100110011111010001110100101100111001111001000100011000000100011101000100000000000000000000000000000000000000000000000000000000000000100000000000000000000000000000000000000000000000000000000000000000000000000000000000000000000000000000
10472693,11110000011110000011100000000000000000000000000000000000000000000000000000000000000000000000000000000000000000000000000000000000000000000000000000000000000000000000000000000000000000000000000000000000000000000000000000000000000000000000000000000000000000000000000000000000000000000001101000000000000000000000100000000000000000000000111000010100101000001000000000000010000000100000100000000000000000000000001000000000000010000000000000000000100100000000100000000000000000000000000000000000000000000000000000000000000000000000000000000001000000000000000000000000000000000001000000010010000000000000000000000000000000000100000000000000000001000000000000000000000000000000000000000001100010001100100011100000100011010000000000000000000000000000000000000000000000000000000000000000000000000000000000000000000000000000000000000000000000000000000000000000000000000000000000000000000000000
11001318,10000000011100100011000000000000000001100000000000000000000000000000000000000000000000000000000000000000000000000000000000000000000000000000000101100000000000000000000000000000001100000110000000000000000000000000000000000000000000000000000001011000000000011111010000000000000000000001111000000010000000000000100000000000000000000000110000001110100000011001111000100000001100001100111010110010000010000001011001000000101010000000001110100101111100100101110000000100100000101000100000100000001011110110011100100000000010001001100000100001101101110110111011011000000011100010011010110010110001011011011110111011100011110111100100101000111001001100010000010001110110001111100110000111110110111101100100110011100111100000100000000000000000010010000000000000100000000001000000000000000100000000000000000010010000000000000100000000001000000000000000000000000000000000000000000000000000000
11046239,11110000011110000011100000000000000000000000000000000000000000000000000000000000000000000000000000000000000000000000000000000000000000000000000100100000000000000000000000000000000000000000000000000000000000000000000000000000000000000000000000000000000000000000000000000000000000000001101000000000000000000000100000000000000000000000100000010100101000001000000000000010000000100000100000000000000000000000011000000000000010000000000000000000100100000000100000000000000000000000000000000000000000000000000000000000000000000000000000000001000000000000000000000000000000010001000000010010000000000000000000000000000000100100000000000000000001010000000000000000000000110000000000000001110010001110100010101100100000000000000000000000000000000000000000000000000000000000000000000000000000000000000000000000000000000000000000000000000000000000000000000000000000000000000000000000000000000
11167602,11000000011110111011000111000000000001000000000000000000000000000000000000000000000000000000000000000000000000000000000000000000000000000000000000000000000000000000000000000000001111000110000010000000000000000000000000000000000000000000000000000000000000011101000000000000000000000001111100000010000100000000000000000000000000000000110000001110110000011001111000111100001111111100011010010010110010000001010000000000101010000000001100110101011101110101010000000000100000101000100000100000001101110010011100100000000010001101100010100001101111100110111011011000100011000110011001110010110001011011011110111011100101100011100100101000111011101101011000011011110010001110100110100111101110101100100000000000000011100000000001000000010000000100000000000000000000010000000000000000000000001000000010000000100000000000000000000010000000000000000000000000000000000000000000000000000000000
11237860,11110000011110111011000000000000010001000000000000000000000000000000000000000000000000000000000000000000000000000000000000000000000000000000000111100011110001000000100000000000001111000110000011000001000000000000000000000000000101100000000001011000000000011111000000000000000000000001111000000100000000000100000000000000000000000000110100000000110000011101101000000100001100011011000111010011000000000000000000000000101011000000001000100011011100100111000000000000100000110000000000010000001000010000000000000000010010011001100000111001001010000100010010011000100010000110000010110010110000001001100110010001100101000010000000001100011000001000011000100010110010001100100000000111000111011000100011000000100011101000000000000000000000000000000000000000000001000000000000000000000000000000000000000100000000000000000000101000000000000000000100000000000000000000100000000000000000000
11250029,11110000011111111011100000000000000000000000000000000000000000000000000000000000000000000000000000000000000000000000000000000000000000000000000101100000000000000000000000000000001100000110000011000000000000000000000000000000000000000000000000000000000000011101010000000000000000000001111000000000000100000000100000000000000000000000110000101100110000011001111100000110001111111001111010010111110010011001011000000000101010000000001100110111111101110111110000000000100000101000100000101101101101010011001010100000000010011101100110100001101111100111110011011000100011000110111110110110110001001011110100011011100101000111000101101000011011011111011000010011110010001111100110100111100110001101100111100010100011101110000000000000000000100000000000000000000110000000000000000000110000000000000000000100000000000000000000110000000000000000000000000000000000000000000000000000000000000
11251522,11110000011111110011110110000000000000000000000000001000000000000000000000000000000000000000000000000000000000000001100000110000000000000000000000000000000000000000000000000000001111000111100011000001100000100000000000000000000000000000000000000000101100011111111000000000000000000001111100000000000000000000100000000000000000000000110100011100101000011001111000001010001100001100100011110010000010000001001000000000101010000000001100100100111100100100110000000000100000101000000000100000001000010000001000100000000010001001100000100001001100000110010010011000000010000011010011110110110000001001000110010001100001000111000000001000011001011010000000000000110010001101100000000111100110001110110011000100010011101000000000000000000000000000000000000000000000100000000000000000000000000000000000000000000000000000000000000100000000000000000000000000000000000000000000000000000000000
11274333,11110000011111110011100111000000010000000000000000000000000000000000000000000000000000000000000000000000000000000000000000000000000000000000000110000000000000000000000000000000001111000110000011000001100000100000000000000000000000000000000001100000000000010101010000000000000000000001111100000100000100000000100000000000000000000000111000101000110000011001100000010100101100100000000010000011110000000000000010000010100010000000001000100001010100100001000001110000100000100000000000000000001001000000000000000000000010001000100010000001000010000000010011001000000010000010000000110010100000001101010100010001100001000010000100001000011000001001011000000000100010001000100110000111000110001000100011000000100011111100000000000000000000000000000000000000000100000000000000000000100000000000000000000000000000000000000000100000000000000000000100000000000000000000100000000000000000000
11304743,11100000011110111111000100000000000000000000000000000000000000000000000000000000000000000000000000000000000000000000000000000000000000000000000101100000000000000000000000000000001111000101100010000000000000000000000000000000000000000000000001011000000000011111111000000000000000000001111100000000000110000000000000000000000000000000110000001000110000010001111100001110001111111111100011011111010010000001010000000000101010100000001100110110011001110111110000000000100100101000010000101011001100011001001010100000000111011101100000100000001110000111010010011000100010000110100011100010110000001101100111010001100101001010010000001000011010001000111000000010110010001100100000100111000100001000000000000000000011100000000000000000000000000000000000000000000000000000000000000000000000000000000000000000000000000000000000000000000000000000000000000000000000000000000000000000000000000
11363176,11100000011110110011100000000000010001000000000000000000000000000000000000000000000000000000000000000000000000000000000000000000000000000000000101100000000000000000000000000000001100000110000000000000000000000000000000000000000000000000000000000000000000010100000000000000000000000001111000000110000000000000100000000000000000000000110000011110111000011101100000100110001100111100011010000011000000000000011000001000101010000000001000100101010100100111010000000000100000100001100000000001011000010010011101010000000010011000100000000000000001100110111111001000000011010011011000100011110001011011101110011011100001100111100000101000111001011100010000010001110010111110100110000111100100001100000000000000000011100010000000000000000000000010000000000000000000100000100000000000010000000000000000000000010000000000000000000100000100000000000000000000000000000000000000000000000000000
11434065,11110000011111111011110000000000010000000000000000000000000000000000000000000000000000000000000000000000000000000000000000000000000000000000000101100000000000000000000000000000001111000110000010000000000000000000000000000000000000000000000001011000000000011111110000000000000000000001111000000100000100000000100000000000000000000000110000001000111000011001111100000110101111111111100010110111110011000001010010000010101010000000001100110111111101110111110001110000100000101000000000101101001101010001001010100000000010011101100010100001001110000111010011011000100010000110100011111010110000001001110110010001100111100010000100001000011011101001011100000010110010001100100110100111100111001100100100000000100111100000100000000000000000000100000000000000000000000000000000100000000100000000000000000000100000000000000000000000000000000100000000000000000000000000000000000000000000000
11476460,11100000011110111011100100000010000000000000000000000000000000000000000000000000000000000000000000000000000000000000000000000000000000000000000101100010110000000000000000000000001111000100000000000000000000000000000000000000000000000000000000000000000000011111000000000000000000000001111100000000000010000000100000100000000000000000110000011100111000011001111100001110001111111101100010010111000010000001010100010000101010100100001100110110011001110111110010000000100100101000000000100010001100011000001000100000000111001101100000100000001110000110010010011000000010110110000011100010110000001001000110010001100111010010000000001000011000101000111000000000110110101100100000000111000100001000000011000000000011101000100000000000000000000000000000000000000000000000000000000000000100000000000000000000000000000000000000000000000000000000000000000000000000000000000000000000000000000
11511120,11100000011110111011000100000000000001000000000000000000000000000000000000000000000000000000000000000000000000000000000000000000000000000000000000000000000000000000000000000000001111000111100010000001000000000000000000000000000000000000000000000000101100011111010000000000000000000001111100000010000100000000000000000000000000000000110000001110110000011001111000101110001101111111011011110111110010000001010000000000101010000000001100100111011100110111010000000000100000101000100000101001001100010010011110100000000010011101100000100000001111110110111011011000100011100010111011100010110001011111101111011011100001010011010000101000011011101101010000011011110110001110100110100111100100001101000000000011000011100010000000000000100000000100001000000010000000100001000000000000010000000000000100000000100001000000010000000100001000000000000000000000000000000000000000000000000000000
11525740,11100000011110111011000000000000010001000000000000000000000000000000000000000000000000000000000000000000000000000000000000000000000000000000000101100000000000000000000000000000001111000110000010000000000000000000000000000000000000000000000001011000000000011111110000000000000000000001110000000100000110000100000000000000000000000000110000001000110000010101111000000100001111111111000111110111110010000001000000000010101000100000001100110110011001110110010001110000110100101000010000111001001100011000001010100000000110011101100000111000001110000110010010011000100010000010100011100010110000001101100111010001100001001010010000001100011010001001100000000010110010001100100000100111000100001000000010000000000011100000100000000000000000000000000000100100000001100000000000000000000100000000000000000000000000000100100000001100000000000000000000000000000000000000000000000000000000000
11547978,11100000011110111011100000000000000001100000000000000000000000000000000000000000000000000000000000000000000000000000000000000000000000000000000101100000000000000000000000000000001111000110000010000000000000000000000000000000000000000000000000000000101100011111110000000000000000000001111000000010000101000000100000000000000000000000110000001110110000011001111000100110001111111111011011110010110110000001010000000000101010010000001110110110011101110111011000000000100000101000100000100000001101010010011100100000001010011101100000100001001111101110111011011010100011010010011011101010110001011011001110011011110001100011100010101010111011101101010100011011110010101110100001100111111100001111000010111111000011100010000001000000000000010000001100000000000000100100000000010000010000001000000000000010000001100000000000000100100000000010000000000000000000000000000000000000000000000
11551689,11100000011110100010000000000000000001100000000000000000000000000000000000000000000000000000000000000000000000000000000000000000000000000000000000000000000000000000000000000000001111000100000000000000000000000000000000000000000000000000000000000000000000010000000000000000000000000001111000000010000000000000000000000000000000000000110000000010111000011001100000100110001100000000000010000011000000000000010000000000100000000000001000100000010000100000000000000000000000100000000000000000001000000000010100000000000010001000100000000000000010000000001010001000000010000010000000100010100000011001001100010000100001100010000000000000001001101000000000000000100010001000100000000111100100001100000010100000000011100000010000000000000000000000000000000000000000000000000000000000000010000000000000000000000000000000000000000000000000000000000000000000000000000000000000000000000000000
11561674,11100000011110110011100000000000010000000000000000000000000000000000000000000000000000000000000000000000000000000000000000000000000000000000000101100000000000000000000000000000001100000110000000000000000000000000000000000000000000000000000001011000000000010100000000000000000000000001111000000100000100000000000000000000000000000000110000101100111001011101100000000110101100101100011010000011110000000000010000001010100010000000001000100101010100100101000001110000110000100000100000000000001001010010001000010000000010001000100000000001000011101110110011001000000011010010011000111010111001001111010110011011100001100011100110101010111001001101011000110001110010101110100111000111101111011101100010110011100011101010000000000000000000010100000000000000000100100100000000000000010000000000000000000010100000000000000000100100100000000000000000000000000000000000000000000000000000000
11597697,11110000011110110011100000000000011000000000000000000000000000000000000000000000000000000000000000000000000000000000000000000000000000000000000000000000000000000000000000000000001100000000000000000000000000000000000000000000000000000000000000000000000000010000000000000000000000000001111000000100000100000000100000000000000000000000110000101000110000011001100000000100101100100000000010000010110000000000000010000010100010000000001000100001010100100001000001110000000000100000000000000000001000000000000000000000000010001000100010000001100010000000000010001000000010000110000000110010100000001001000100010001100101000010000000000000001000001001011000000000100010001000100000000111000110001000100010000000000011100000000000000000000000000000000000000000000000000000000000000000000000000000000000000000000000000000000000000000000000000000000000000000000000000000000000000000000000000
11625818,11100000011110111010000100000000000000000000000000000000000000000000000000000000000000000000000000000000000000000000000000000000000000000000000101100000000000000000000000000000001111000110000010000001000000000000000000000000000000000000000001011000100000011111110000000000000000000001111100000000000100000000000000000000000000000000110000101000110000011001111100001100001101111111000010111111110010011001000000000000101010000000001100100111011100110111010000000000100000101000000000101101101101010001001010100000000010011101100110100001001110000111010011011000100010000110100000111010110000001101110111010001100101000010010110001000011010001001010000000010110010001100100101100111000110001000100000000000100011100000000000000000000000000000000000000000000000100000000000000000000000000000000000000000000000000000000000000100000000000000000000000000000000000000000000000000000000000
11626560,11100000011110111010000100000000000001100000000000000000000000000000000000000000000000000000000000000000000000000000000000000000000000000000000101100000000000000000000000000000001111000101100010000000000000000000000000000000000000000000000000000000000000011111000000000000000000000001111100000010000110000000000000000000000000000000110000111110111000011001101000101110001111111011011010010010110010000001010000000000101000100000001000110010011001110110010000000100100100101000110000101001001100011110010100100000000110001101100010100000001011110100111010011000100011100010011011100010110001011111001111011011100001111011110000101000111001001101100000010011110110001110100000100111101100001101000010100010000011101000000000000000000000000000000000000000100000010000000000000000000000000000000000000000000000000000000100000010000000000000000000000000000000000000000000000000000000000
11644097,11000000011000100011100000000000000001000000000000000000000000000000000000000000000000000000000000000000000000000000000000000000000000000000000000000000000000000000000000000000001011000000000000000000000000000000000000000000000000000000000000000000000000000000000000000000000000000001111000000000000100000000100000000000000000000000100000111100111000011000000000000110000000000000000000000010110000000000001000000000000000000000000000000000000000000000000000000000000000000000000000000000000000000000000000000000000000000000000010000000000010000000000000000000000000110001000000000010000000001000000000000000000001000100000000000000000001110001000000000000100100010000000000000001111100000110000000000100000000000000000000000000000000000000000000000000000000000000000000000000000000000000000000000000000000000000000000000000000000000000000000000000000000000000000000000000000000000
11672491,11110000011111111011110110000000000000000000000000000000000000000000000000000000000000000000000000000000000000000000000000000000000000000000000000000000000000000000000000000000001111000111100011000001100000100000000000000000000000000000000000000000000000010101010000000000000000000001111100000000000100000000100000000000000000000000110100111100111000011001100000001110001100110000111010000011110000000000011000000000100010000000001000100000110100100001100000000010100000100000100000000000001000000010000000000000000010001000100010000001010011100000110010001000100011010011011000110110100001001111000100011011100001100111100000101000111011011110011000010011100010011010100000000111110100111101000000000010000011100010000000000000000000000000000000000000000000000000000000000000010000000000000000000000000000000000000000000000000000000000000000000000000000000000000000000000000000000
11673085,11000000011100100000000000000000000001100000000000000000000000000000000000000000000000000000000000000000000000000000000000000000000000000000000000000000000000000000000000000000001100000000000000000000000000000000010110000000000000000000000000000000000000010000000000000000000000000001110000000010000100000000000000000000000000000000110100000010110000010001100000100100001100100000000010000010110000000000000000000000100000000000001000100000010000100000000000000000000000100000000000000000001000000000010100000000000010001000100010000000000010000000001010001000000010000010000000100010100000011001001100010001100001000010000000000000001000001001000000000000100010001000100000000111000100001000000011000000000011101000010000000000000000000010000000000000000100000000000000000000000010000000000000000000010000000000000000100000000000000000000000000000000000000000000000000000000000000
11711114,11100000011110111000000000000000000001000000000000000000000000000000000000000000000000000000000000000000000000000000000000000000000000000000000000000000000000000000000000000000001111000110000010000000000000000000000000000000000000000000000000000000000000011101000000000000000000000001110000000000000100000000000000000000000000000000110000001000110000010001101000000100001111111111000010010110110010000001000000000000101100000000011000110110011001110110010000000000101000101000000000101001001100010000001010100000000010011101100000100000001110000110010010011000100010001010100011100010110000001101100111010001100001000010010000001000011010001001000000000010110010001100100000101111000100001000000001000000000011100000100000000000000000100000000000000000000000100000000000000000000100000000000000000100000000000000000000000100000000000000000000000000000000000000000000000000000000000
11751549,11100000011110111010000000000000000001000100000000000000000000000000000000000000000000000000000000000000000000000000000000000000000000000000000101100010110000000000000000000000001100000110000000000000000000000000000000000000000000000000000000000000000000011111010000000000000000000001111000000010000010000000100000000000000000000000110000001010111000011001111100100110001100111001000010010111000011000001001000000000101000100000001100100110011000100110010000000100100000101000000000101111001000010001010010100000000111011101100000100000001110000101111010011000100010100111110010100010110000001001100100010001110101000110000000001000011010101000000000000010110110001001100000100111000100001000000011000000000011101100000000000000000000000000000000000000000100000000000000000000100000000000000000000000000000000000000000100000000000000000000000000000000000000000000000000000000000000
11949652,11100000011110111010000000000000010000000000000000000000000000000000000000000000000000000000000000000000000000000000000000000000000000000000000101100010110001011000000000000000001111000100000000000000000000000000000000000000000000000000000000000000000000011100000000000000000000000001111000000100000110000000000000000000000000000000100000101000110001011101011000000100101100111111000010010011110010000000000000001000101010100000000100100111011100100111010000000000100100100000010000100011011000010000001000010000000111011001100010100001101110000110010010011000100010000110000001110010110000001101100111110001100101001010010000001000011010001001111000000010110010001100100000100111000111000000000100000000000000000000000000000000000000000000000000000000000000000000000000000000000000000000000000000000000000000000000000000000000000000000000000000000000000000000000000000000000000000
11978813,11100000011110110011000000000000010000000000000000000000000000000000000000000000000000000000000000000000000000000000000000000000000000000000000100100000000000000000000000000000001111000110000010000001000000000000000000000000000000000000000001001000100000011111010000000000000000000001111000000100000100000000000000000000000000000000110000001100111001011101100000000110101100001100011111000011110000000000010000001000100011000000001000100101010100100101000000000000100000110000100010000000001000010010101000010000010010001000100000011000000011100110110011001000000011000110011000100010111001001011000110011011100101100011100000101100111001101101010000011001111010001110100110000111101100001101000010000011000011100010000000000000000000000000001000100000000001100000000000000000010000000000000000000000000001000100000000001100000000000000000000000000000000000000000000000000000000000
11990828,11100000011110111011100000000000000001100000000000000000000000000000000000000000000000000000000000000000000000000000000000000000000000000000000000000000000000000000000000000000001111000111100010000001000000000000000000000000000000000000000000000000101100011111010000000000000000000001111000000010000100000000100000000000000000000000110000001110111000011001111000100110001111101100011011110011110010000001010000000000101100000000011100110100011001110100010000000000101000101000100000100000001100010010011101100000000000001101100000100000001111101110111110011000000011011110011011100011110001011111001011011011110101100011110000101010111001101101000000011001110010101110100000001111101100001101000011110011000011100010000001100000010000010000001000000000100000100100100000010000010000001100000010000010000001000000000100000100100100000010000000000000000000000000000000000000000000000
12961638,10000000011110000011100000110000000000000000001110000000000000000000000000000000000000000000000000000000000000000000000000000000000000000000000100100000000000000000000000000000001101000110000011000001000000000000000000000000000000000000000001001000100100010101000000000000000000000001101000000000001000000000000000000000000000000000110001000100100000101001100000000000001100000000111010000000000000000000010000000000100010000000001000100000110100100000100000000000000000100000100000000000001001000010000000000000000010001000100000000001000001000000100011001000000011000010011100110010100001000011010100011010100000100011100100100000101001011100000000010101000010001010100110000111100010101110100011111100100011101010000000000000000000000000100000000000000110000000000000000000010000000000000000000000000100000000000000110000000000000000000000000000000000000000000000000000000000000
14055602,11100000011100000011110000000000000000000000000000000000000000000000000000000000000000000000000000000000000000000000000000000000000000000000000000000000000000000000000000000000001001000100100000000000000000000000000000000000000000000000000000000000000000000000000000000000000000000001101000000000000000000000100000000000000000000000100000010100101100001000000000000011000000100000100000000000000000000000011000000000000000000000000000000000000000000000000000000000000000000000000000000000000000000000000000000000000000000000000000000000000000000000000000000000000100010001000000000010000000000000000000000000001000100100000000000000000001010000000000000000000001110000000000000001110000000110000000001100000000000000000000000000000000000000000000000000000000000000000000000000000000000000000000000000000000000000000000000000000000000000000000000000000000000000000000000000000000000
14109413,11110000011110000011100000000000000000000000000000000000000000000000000000000000000000000000000000000000000000000000000000000000000000000000000110000000000000000000000000000000001100000100000010000000000000000000000000000000000000000000000001000000110000000000000000000000000000000001101000000000000000000000100000000000000000000000111100010100101000001000000000000010000000100000000000000000000000000000001000000000100010000000001010000000010100000000000000000000000000000000000000000000001000000000000000000000000000000000100000000001000000000000000001001000000000000001010000010010000000000000000000000000000000000101000000000000000001001000000000000000000010000001000100000011100010111110101011110100101011111000000000000000000000000000000000000000000000000000000000000000010000000000000000000110000000000000000000110000000000000000000100000000000000000000100000000000000000000
14720269,11100000011110110011000000100000010000000000000000000000000000000000000000000000000000000000000000000000000000000000000000000000000000000000000101100000000000000000000000000000001111000100000000000000000000000000000000000000000000000000000001011000000000011111110000000000000000000001111000000100000000000000000000000000000000000000110000001100111001011101111000000110101111111101011010110110000010000001010000001010101000000000001100110100011001110110010001000000110010101101100000101101011100010011001010110000000010011101100000100000001111100111110010011000100011000110111011100010111001001011100110011011100101100011100000101000111011111000000000011010110010001110100000100111000100000000000000000000000011100000000000000000000000000000000000000000000000000000000000100000000000000000000000000000000000000000000000000000000000000100000000000000000000000000000000000000000000000
15008962,11000000011110110011100110100000010000000000000000000000000000000000000000000000000000000000000000000000000000000000000000000000000000000000000101100000000000000000000000000000001111000100000000000000000000000000000000000000000000000000000001011000000000011111110000000000000000000001111100000100000000000000000000000000000000000000100000001100110001011101011000010110101111111101011010110110000010000001010000001010101000000000000100110100011001110110010001000100110010101101100000101101011100010111001010110000000010011101100000100000001111111111110010011000100011110110111011100010111001001011100110011011100101010011000000101010011011101100000000011011110110101110100000100111101100000101000000000011000000000000000001000000000000000000001000000000000000000000000000100000000000001000000000000000000001000000000000000000000000000100000000000000000000000000000000000000000000000
15606394,11110000011111111011110100000000000001000000000000000000000000000000000000000000000000000000000000000000000000000000000000000000000000000000000100100000000000000000000000000000001111000110000010000000000000000000000000000000000000000000000000000000101100011111010000000000000000000001111100000010000100000000100000000000000000000000110000011110111000011001111000101110001101111111111011110111110010000001011000000000101010000000001100100111111100110111110000000000100000101000100000101001001100010010011110100000000010011101100000100000001111110110111011011000100011110010111011100010110001011111101111011011100001110011110000101000111011111101010000011011110110101111100110100111100100001101000000000011000011100010000000000000100000000100001000000010000000100001000000000000010000000000000100000000100001000000010000000100001000000000000000000000000000000000000000000000000000000
15908632,11000000010000000011100000000000000000000000000000000000000000000000000000000000000000000000000000000000000000000000000000000000000000000000000000000000000000000000000000000000000000000000000000000000000000000000000000000000000000000000000000000000000000000000000000000000000000000001101000000000000000000000110000000000000000000000100000000100100000001000000000000000000000100000100000000000000000000000000000000000000000000000000000000000000000000000000000000000000000000000000000000000000000000000000000000000000000000000000000000000000000000000000000000000000000000000000000000000000000000000000000000000000000000000000000000000000000000000000000000000000000000000000000000000000000000000000000000000000000000000000000000000000000000000000000000000000000000000000000000000000000000000000000000000000000000000000000000000000000000000000000000000000000000000000000000000000000000
15951529,11100000011110111011000111000000010000000000000000000000000000000000000000000000000000000000000000000000000000000000000000000000000000000000000101100000000000000000000000000000001100000110000000000000000000000000000000000000000000000000000000000000000000010100000000000000000000000001111100000100000100000000000000000000000000000000110010001000100000011001100000011100001100111100000010000011110000000000000000000000100111000000011000100101010100100101000000000000101000100000000000000000001001010000001000001000000010001000100010000001100010000110010011001000100010001110000000110010110000001001010110110001100101000010000100001000011010001000011100000010110010001100100110101111000110001000100110000000100111101000100000000000000000000100000000000000000100000000000000000000000100000000000000000000100000000000000000100000000000000000000000000000000000000000000000000000000000000
16004692,11100000011110111011100000000000010000000001100000000000000000000000000000000000000000000000000000000000000000000000000000000000000000000000000000000000000000000000000000000000001111000101100010000000000000000000000000000000000000000000000000000000000000011111000000000000000000000001111000000000010100000100000000000000000000011010110000000000111000011001101000000110001111111011010010010110010010000001010000000000101000000000001000110010011001110110010000110000100000101000100000101001001100010010000010100100000010011101100010100000001011000100110010111000100011010010110010100010110001001111100101011011100011100010110000101000101011101101000000001011010010101110101000110111100100001100000011100000000011101000001000000000000000000000000000000000000000000000000000000000000001000000000000000000000000000000000000000000000000000000000000000000000000000000000000000000000000000
16088021,11100000011110111011100000000000000000000000000000000000000000000000000000000000000000000000000000000000000000000000000000000000000000000000000000000000000000000000000000000000001111000110000010000001000000000000000000000000000000000000000000000000000000010100000000000000000000000001111000000000000100000000100000000000000000000000110000101000110000011001100000000100001100110000100010000011010000000000001000000000100110000000011000100001110100100101100000000000101000100000000000000000001001000000001000000000000010001000100010000001000010000000110011001000100010001110011000110010100000001001010100010001100101000111000100001000011011001101011100100011100010001001100111001111100110001100100010100000100011101000000000000000000000000000000000000000000100000000000000000000000000000000000000000000000000000000000000100000000000000000000000000000000000000000000000000000000000000
16124688,11000000011110110011000110000000000000000000000000000000000000000000000000000000000000000000000000000000000000000001100000000000000000000000000101100000000000000000000000000000001100000110000010000001000000000000011000000000000000000000000001000000000000010000000000000000000000000001111100000000000110000000000000000000000000000000110100000000100000011001100000010000001100000000000010000010011000100000000000000000100010000000001000100001010100100001000000000000100000100000000000000000001001000000000000000000000110101010100000000001000000000000010011001000000010000010000000110010100000001001010100010001100001000010000100000000011000001000010000100000100010001000100110000111000111011000100011000000100011101100000000000000000000000000000000000000000000000000000000000000100000000000000000000100000000000000000000100000000000000000000000000000000000000000000000000000000000000
16158208,11110000011111111111111000000000011100000000000000000000000000000000000000000000000000000000000000000000000000000000000000000000000000000000000101100000000000000000000000000000001100000110000000000000000000000000000000000000000000000000000000000000000000010100000000000000000000000001111000000100000100000000100000000000000000000000110000111100111001011101100000000110101100100000111010000011110000000000001000000000100010000000001000100001110100100001100000000000000000100000000000000000001000000010000000000000000010001000100010000001100011100000100010001000000010100111011000111110100000101101000100110011100101000111000000000000001001101111011000010001100110001001100000000111101111011101111110100010100011100010000000000000000000000000000000000000000000000000000000000000010000000000000000000000000000000000000000000000000000000000000000000000000000000000000000000000000000000
16203739,11100000011110110011000111000000000001000000000000000000000000000000000000000000000000000000000000000000000000000000000000000000000000000000000101100000000000000000000000000000001111000110000010000000000000000000000000000000000000000000000000000000000000010100000000000000000000000001111100000000000100000000100000000000000000000000110010011100111000011001100000010110001100100000000010000010110000000000010000000000100010000000001000100001010100100001000000000000100000100000000000000000001000000000000000000000000010001000100010000001000010000000110010001000000010100110011000110010100000001011000100011001100101110011000000001000011001001101010000000001100110001010100000000111100111001101100111110011100011101000000000000000000000100000000000000000000000000000000000000000000000000000000000000100000000000000000000000000000000000000000000000000000000000000000000000000000000000
16204922,11000000011110000011100000100000000000000000000000000000000000000000000000000000000000000000000000000000000000000000000000000000000000000000000000000000000000000000000000000000001100000110000010000000000000000000000000000000000000000000000000000000100000010100000000000000000000000001101000000000000000000000000000000000000000000000110100000100100000001001100000000000001100100000111010000000000000000000010000000000100010000000001010100000110100100000100000000000000000100000100000000000001000000010000000000000000010001000100000000001000001100000100011001000000011000010011100110010100001000011000100011010100000100011101000100000101001011100000000010001000010001010100100000111100010001100111011100000101011101000000000000000000000000000000000000000000010000000000000000000000000000000000000000000000000000000000000010000000000000000000000000000000000000000000000000000000000000
16211032,11100000011100000011110000000000000000000000000000000000000000000000000000000000000000000000000000000000000000000000000000000000000000000000000000000000000000000000000000000000001001000100100000000000000000000000000000000000000000000000000000000000000000000000000000000000000000000001101000000000000000000000100000000000000000000000100000010100101100001000000000000011000000000000100000000000000000000000011000000000000000000000000000000000000000000000000000000000000000000000000000000000000000000000000000000000000000000000000000000000000000000000000000000000000100010001000000000010000000000000000000000000001000100100000000000000000001010000000000000000000001110000000000000001110000000110000000001100000000000000000000000000000000000000000000000000000000000000000000000000000000000000000000000000000000000000000000000000000000000000000000000000000000000000000000000000000000000
16211978,00000000000000000011100000000000000000000000000000000000001000000000000000000000000000000000000000000000000000000000000000000000000000000000000000000000000000000000000000000000000000000000000000000000000000000000000000000000000000000000000000000000000000000000000000000000000000000000000000000000000000000000000000000000000000000000000000000000000000000000000000000000000000000000000000000000000000000000000000000000000000000000000000000000000000000000000000000000000000000000000000000000000000000000000000000000000000000000000000000000000000000000000000000000000000000000000000000000000000000000000000000000000000000000000000000000000000000000000000000000000000000000000000000000000000000000000000000000000000000000000000000000000000000000000000000000000000000000000000000000000000000000000000000000000000000000000000000000000000000000000000000000000000000000000000000000000000000
16213095,11110000011110000011111000000000000000000000000000000000000000000000000000000000000000000000000000000000000000000000000000000000000000000000000000000000000000000000000000000000001001000100100000000000000000000000000000000000000000000000000000000000000000000000000000000000000000000001101000000000000000000000100000000000000000000000100000010100101100001000000000000011000000000000100000000000000000000000011000000000000000000000000000000000000000000000000000000000000000000000000000000000000000000000000000000000000000000000000000000000000000000000000000000000000100010001000000000010000000000000000000000000001000100100000000000000000001010000000000000000000001110000000000000001110000000110000000001100000000000000000000000000000000000000000000000000000000000000000000000000000000000000000000000000000000000000000000000000000000000000000000000000000000000000000000000000000000000
16214875,11100000011110111011100100000000010001000001000000000000000000000000000000000000000000000000000000000000000000000000000000000000000000000000000101100000000000000000000000000000001100000110000000000000000000000000000000000000000000000000000001011000000000011111010000000000000000000001111100000010010101000000100000000000000000011010110000001010101000011001111000101110001101111101000010110111110111000001001010000000101010000000001100100101011100110111010000110000100000101000000000101101001101010001011110100100001010011101100000100001001110000111011011111000100010010111100011111010110000011101111111010001110101000010010110001000011010001001000000000010110010011100101111110111000111001000100100000000100111100000100000000000101000000100000000000100010000100000000000110000000100000000000101000000100000000000100010000100000000000110000000000000000000000000000000000000000000000
16220172,11100000011110110011000000000000000000000000000000000000000000000000000000000000000000000000000000000000000000000000000000000000000000000000000000000000000000000000000000000000001100000110000010000000000000000000000000000000000000000000000000000000100000010100000000000000000000000001111000000000000100000000100000000000000000000000111000001100110000011001100000000100001100101100011010000010110000000000001000000000100010000000001010100101010101100101000000000000100000100000000000000000001001010010001000000000000010001000100010000001000011100110110011001000000010000010011000111010110010101001010110010011100001000111000110001000011001101101010000011001110010001101100111000111100110001101100111110011100111111010100000000000000000100000001000000000000010100000000000000000010100000000000000000100000001000000000000010100000000000000000000000000000000000000000000000000000000000
16757572,11100000011110111011000110000000000001000000000000000000000000000000000000000000000000000000000000000000000000000000000000000000000000000000000101100000000000000000000000000000001111000111100010000001000000000000000000000000000000000000000000000000000000011111110000000000000000000001111100000000000100000000100000000000000000000000110000001000110000011001111000010100001111111101000010010111110011000001000000000000101010000000001100110101011101110111010000000000100000101000000000101101001101010001001010100000000010011101100000100001001110000111010011011000100010000110100011110010110000001101110111010001100101000010010100001000011010001001010000000010110010001100100110100111000111001000100000000000100011100100000000000000000000000100000000000100000000100000000000000000100000000000000000000000100000000000100000000100000000000000000000000000000000000000000000000000000000000
17397714,11100000011110110011000000000000000000000000000000000000000000000000000000000000000000000000000000000000000000000000000000000000000000000000000101100000000000000000000000000000001100000110000000000000000000000000000000000000000000000000000000000000000000011101000000000000000000000001111000000000000101000000000000000000000000000000110000001100110000011001111000000110001100101000011010010010110100000000010000000000101010010000001110100101011100100101001000000000100000100000100000000000001001100010001000000000001010001001100010100001101111100110110011011010000011000110011000111010100001001011010110011011100101000011000110101000011001101100011000011001100010001110100111000111101111111100100010100000100011100000000000000000000000000000000000000000000010000000000000000000000000000000000000000000000000000000000000010000000000000000000000000000000000000000000000000000000000000
17747012,11110000011111111011110000000000011000000000000000100000000000000000000000000000000000000000000000000000000000000000000000000000000000000000000101100010110000000000000000000000001111000111100010000001000000000000000000000000000000000000000001011000000000011111111000000000000000000001111000000100000000000000100000000000000000000000110000001100110001011101111000000110101111111101011010110110000010000001010000001010101000000000001100110100011001110110010001000000110010101101100000101101011100010011001010110000000010011101100000100000001111100111110010011000100011000110111011100010111001001011100110011011100101000011000000101000011011101100000000011011110010001110100000100111101100000101000000000011000011100000000001000000000000000000001000000000000000000000000000100000000000001000000000000000000001000000000000000000000000000100000000000000000000000000000000000000000000000
18004026,11100000011110110011100000000000000000000000000000000000000000000000000000000000000000000000000000000000000000000000000000000000000000000000000101100000000000000000000000000000001111000100000000000000000000000000000000000000000000000000000001011000000000011111000000000000000000000001111000000000000000000000100000000000000000000000110000011100111000011001111100000110001111111011100010011111000011000001101000000000101010000000001100110111111101110111110000000010100000101000000000101101001100010001001010100000000010011101100000100001011110000111010010011000100010010111100011111110110000001101110110010001100101000110000000001000011011011010001000000010110010011100100000100111010111111000100011000000100011100100000000000000000000000000000000000000000000000000000000000000100000000000000000000000000000000000000000000000000000000000000000000000000000000000000000000000000000000
21226445,10001000000000000000000000000000000000000000000000010000000000000000000000000000000000000000000000000000000000000000000000000000000000000000000000000000000000000000000000000000000000000000000000000000000000000000000000000000000000000000000000000000000000000000000000000000000000000000000000000000000000000000000000000000000000000000000000000000000000000000000000000000000000000000000000000000000000000000000000000000000000000000000000000000000000000000000000000000000000000000000000000000000000000000000000000000000000000000000000000000000000000000000000000000000000000000000000000000000000000000000000000000000000000000000000000000000000000000000000000000000000000000000000000000000000000000000000000000000000000000000000000000000000000000000000000000000000000000000000000000000000000000000000000000000000000000000000000000000000000000000000000000000000000000000000000000000000000
21256123,00000000000000000011100000000000000000000000000000000000001000000000000000000000000000000000000000000000000000000000000000000000000000000000000000000000000000000000000000000000000000000000000000000000000000000000000000000000000000000000000000000000000000000000000000000000000000000000000000000000000000000000000000000000000000000000000000000000000000000000000000000000000000000000000000000000000000000000000000000000000000000000000000000000000000000000000000000000000000000000000000000000000000000000000000000000000000000000000000000000000000000000000000000000000000000000000000000000000000000000000000000000000000000000000000000000000000000000000000000000000000000000000000000000000000000000000000000000000000000000000000000000000000000000000000000000000000000000000000000000000000000000000000000000000000000000000000000000000000000000000000000000000000000000000000000000000000000
21257725,11100010011100110011110000000000000000000000000000000000000000000000000000000000000000000000000000000000000000000000000000000000000000000000000000000000000000000000000000000000000000000000000000000000000000000000000000000000000000000000000000000000000000000000000000000000000010000001111000000000000100000000100000000000000000000000110010001000111000011000000000000110000000000000100000000011010000000000001000000000000010000000000000000000100100000000100000000000000000000000000000000000000000000000000000000000000000000000000000000000100010000000000000000000000000100101000000000000000000000000000000100000000100000100000000000000000000010001000000000000100100000000000000000000000000000000000000000000000000000000000000000000000000000000000000000000000000000000000000000000000000000000000000000000000000000000000000000000000000000000000000000000000000000000000000000000000000000
21584077,00000000000000000011100000000010000000000000000000001000000000000000000000000000000000000000000000000000000000000000000000000000000000000000000000000000000000000000000000000000000000000000000000000000000000000000000000000000000000000000000000000000000000000000000000000000000000000000000000000000000000000000000000100000000000000000000000000000000000000000000000000000000000000000000000000000000000000000000000010000000000000100000000000000000000000000000010000000000000000000000000000000000000000000000000000000000000000000000000000000000000000000000000000000000000000000000000000000000000000000000000000000000000000000000000000000000000000000000000000000000000000000000000000000000000000000000000000000000000000000000000000000000000000000000000000000000000000000000000000000000000000000000000000000000000000000000000000000000000000000000000000000000000000000000000000000000000000
21862903,10000000000000000011100000000010000000000000000000001000000000000000000000000000000000000000000000000000000000000000000000000000000000000000000000000000000000000000000000000000000000000000000000000000000000000000000000000000000000000000000000000000000000000000000000000000000000000000000000000000000000000000100000100000000000000000000000000000000000000000000000000000000000000000000000000000000000000000000000010000000000000100000000000000000000000000000010000000000000000000000000000000000000000000000000000000000000000000000000000000000000000000000000000000000000000000000000000000000000000000000000000000000000000000000000000000000000000000000000000000000000000000000000000000000000000000000000000000000000000000000000000000000000000000000000000000000000000000000000000000000000000000000000000000000000000000000000000000000000000000000000000000000000000000000000000000000000000
22146182,11000000011000000011000000000000000000000000000000000000000000000000000000000000000000000000000000000000000000000000000000000000000000000000000000000000000000000000000000000000000000000000000000000000000000000000000000000000000000000000000000000000000000000000000000000000000000000001101000000000000000000000100000000000000000000000000000000000101000001000000000000010000000100000100000000000000000000000011000000000100010000000000000000000100100100000100000000000000000000000100000000000000000000000000000000000000010000000000000000000000000000000000000000000000000000001000000000000000000000000000000000000000000000000000000000000000000000000000000000000000000000000000000000000000000000000000000000000000000000000000000000000000000000000000000000000000000000000000000000000000000000000000000000000000000000000000000000000000000000000000000000000000000000000000000000000000000000
22477175,11110000011110000011100000000000000000000000000000000000000000000000000000000000000000000000000000000000000000000000000000000000000000000000000000000000000000000000000000000000000000000000000000000000000000000000000000000000000000000000000000000000000000000000000000000000000000000001101000000000000000000000100000000000000000000000100000010100101000001000000000000010000000100000100000000000000000000000001000000000000010000000000000000000100100000000100000000000000000000000000000000000000000000000000000000000000000000000000000000001000000000000000000000000000000010001000000010010000000000000000000000000000000000100000000000000000001010000000000000000000000010000000000000001100010001100100010100000100000000000000000000000000000000000000000000000000000000000000000000000000000000000000000000000000000000000000000000000000000000000000000000000000000000000000000000000000000000
22895896,11100000011100000011000000000000000000000000000000000000000000000000000000000000000000000000000000000000000000000000000000000000000000000000000000000000000000000000000000000000000000000000000000000000000000000000000000000000000000000000000000000000000000000000000000000000000000000001101000000000000000000000100000000000000000000000100000010100101000001000000000000010000000100000000000000000000000000000011000000000000000000000000000000000000000000000000000000000000000000000000000000000000000000000000000000000000000000000000000000000000000000000000000000000000000010001000000000000000000000000000000000000000000100000000000000000000000000000000000000000000000110000000000000000000000000000000000000000000000000000000000000000000000000000000000000000000000000000000000000000000000000000000000000000000000000000000000000000000000000000000000000000000000000000000000000000000000000
23320441,00000000000000000011000000000000000000000000000000000000001000000000000000000000000000000000000000000000000000000000000000000000000000000000000000000000000000000000000000000000000000000000000000000000000000000000000000000000000000000000000000000000000000000000000000000000000000000000000000000000000000000000100000000000000000000000000000000000000000000000000000000000000000000000000000000000000000000000000000000000000000000000000000000000000000000000000000000000000000000000000000000000000000000000000000000000000000000000000000000000000000000000000000000000000000000000000000000000000000000000000000000000000000000000000000000000000000000000000000000000000000000000000000000000000000000000000000000000000000000000000000000000000000000000000000000000000000000000000000000000000000000000000000000000000000000000000000000000000000000000000000000000000000000000000000000000000000000
23663626,10000000011100000011000000100000000000000000000000000000000000000000000000000000000000000000000000000000000000000000000000000000000000000000000000000000000000000000000000000000001100000000000000000000000000000000000000000000000000000000000000000000000000010000000000000000000000000001101000000000000000000000000000000000000000000000110000000100100000001001100000000010001100100000111010000000000000000000010000000000100010000000001000100000110100100000100000000000000000100000000000000000001001000010000000000000000010001000100000000001000001100000100011001000000010000010011000110010100000000011010100011010100000000011000100000000001001001100000000010001000010001010100110000111100010001110110000101100110011100010000000000000000000000000000000000000000000000000000000000000010000000000000000000000000000000000000000000000000000000000000000000000000000000000000000000000000000000
23663870,10000000011000000011000000100000000000000000000000000000000000000000000000000000000000000000000000000000000000000000000000000000000000000000000000000000000000000000000000000000000000000000000000000000000000000000000000000000000000000000000000000000000000000000000000000000000000000001101000000000000000000000100000000000000000000000100000000000101000001000000000000010000000000000100000000000000000000000001000000000000010000000000000000000100100000000100000000000000000000000000000000000000000000000000000000000000000000000000000000001000000000000000000000000000000000001000000010000000000000000000000000000000000000100000000000000000001000000000000000000000000000000000000000000010000100000000000000000000000000000000000000000000000000000000000000000000000000000000000000000000000000000000000000000000000000000000000000000000000000000000000000000000000000000000000000000000000000
23663939,11110000011110110011110000100000000000000000000000000000000000000000000000000000000000000000000000000000000000000000000000000000000000000000000000000000000000000000000000000000001101000110000010000001000000000000000000000000000000000000000000000000100000010100000000000000000000000001111000000000000100000000100000000000000000000000110001011100101100011001100000000011001100100000111010000010110000000000011000000000100010000000001000100101110100100101100000000000100000100000100000000000001001000010000000000000000010001000100000000001100001100000110011001001000111110011011100110010100001101011010100111011101011110111101100101000111001011100010000010101100111111011100110000111110110001111110011111110110011100010000000000000000000100000100000000000000010000000000000000000010000000000000000000100000100000000000000010000000000000000000000000000000000000000000000000000000000000
23665037,11100000011100100011110000100000000000000000001110000000000000000000000000000000000000000000000000000000000000000000000000000000000000000000000000000000000000000000000000000000001100000110000000000000000000000000000000000000000000000000000000000000000000010100000000000000000000000001111000000000001100000000100000000000000000000000110000101100110000111001100000000100001100000000111010000000010000000000011000000000100010000000001000100000110100100000100000000000000000100000100000000000001000000010000000000000000000001000100010000001100001100000100010001000000011100010011000110010100001101011000100011011100000100111100000100000101001001101000000010001000010001011100000000111110110001100100010100000100011100010000100000000000000000000000000000000000000000000000000000000010000100000000000000000000000000000000000000000000000000000000000000000000000000000000000000000000000000
23665634,11110000011110000011100000100000000000000000000000000000000000000000000000000000000000000000000000000000000000000000000000000000000000000000000000000000000000000000000000000000000000000000000000000000000000000000000000000000000000000000000000000000000000000000000000000000000000000001101000000000000000000000000000000000000000000000100000000000101000001000000000000010000000100000100000000000000000000000010000000000100010000000000000100000110100100000100000000000000000000000000000000000000000000000000000000000000010000000100000000000000000000000000001000000000000000000010000000010000000000010000000000000000000100001000000000000000001000000000000000000000000000010000110000001100000001100000010100000000000000000000000000000000000000000000000000000000000000000000000000000000000000000000000000000000000000000000000000000000000000000000000000000000000000000000000000000000000000
23665647,11000000011000000010000000000000000000000100000000000000000000000000000000000000000000000000000000000000000000000000000000000000000000000000000000000000000000000000000000000000000000000000000000000000000000000000000000000000000000000000000000000000000000000000000000000000000000000001101000000000000000000000000000000000000000000000110001000100100000001000000000000000000000100000000000000000000000000000000000000000000000000000000000000000000000000000000000000000000000000000000000000000000000000000000000000000000000000000000000000000000000000000000000000000000000000000000000000000000000000000000000000000000000000000000000000000000000000000000000000000000000000000000000000000000000000000000000000000000000000000000000000000000000000000000000000000000000000000000000000000000000000000000000000000000000000000000000000000000000000000000000000000000000000000000000000000000000000
23665763,00000000000000000011000000100000010000000000000000000000000000000000000000000000000000000000000000000000000000000000000000000000000000000000000000000000000000000000000000000000000000000000000000000000000000000000000000000000000000000000000000000000000000000000000000000000000000000000000000000000000000000000100000000000000000000000000000000000000000000000000000000000000000000000000000000000000000000000000010000000000000000000000000000000000000000000000000100000000000000000000000000000000000000000000000000000000000000000000000000000000000000000000000000000000000000000000000000000000000000000000000000000000000000000000000000000000000000000000000000000000000000000000000000000000000000000000000000000000000000000000000000000000000000000000000000000000000000000000000000000000000000000000000000000000000000000000000000000000000000000000000000000000000000000000000000000000000000
23668479,11100000011110111011100100000000000000000100000000000000000000000000000000000000000000000000000000000000000000000000000000000000000000000000000101100000000000000000000000000000001100000100000000000000000000000000000000000000000000000000000000000000000000011100000000000000000000000001111100000000000110000000000000000000000000000000110010001100110000011001101000001100001100110000000010000011110000000000010001000000101010100000001000100111011100100111010000000010100100100000000000000001001010100010000000000000000110111000100010000000111110000000010011001000000010100110000000100010100000001001100100110101100111110010000000001000011000001001111000000000100110001000100101000111000100001000000000000000000011100000000000000000000000000000000000000000000000000000000000000000000000000000000000000000000000000000000000000000000000000000000000000000000000000000000000000000000000000
23670359,11100000011100100011100000100011000000000000000000000000000000000000000000000000000000000000000000000000000000000000000000000000000000000000000000000000000000000000000000000000000000000000000000000000000000000000000000000000000000000000000000000000000000000000000000000000000000000001111000001000000000000000100000100000000000000000100000000000110000011000000000000100000000100000000000000011000000000000001000010000000000000100000000000000000000000000000010000000000000000000000000000000000000000000000000000000000000000000000000000000000010000000000000000000000000000000000000000010000000001000000000000000000001000100000000000000000000100000000000000000100000000000000000000000000100000000000000000000000000000000000000000000000000000000000000000000000000000000000000000000000000000000000000000000000000000000000000000000000000000000000000000000000000000000000000000000000000000
23673837,11110000011110000011100000100000010000000000000000000000000000000000000000000000000000000000000000000000000000000000000000000000000000000000000000000000000000000000000000000000000000000000000000000000000000000000000000000000000000000000000000000000000000000000000000000000000000000001101000000100000000000000000000000000000000000000110100000000101001001100000000000010100000100000100000000000000000000000010000000010000010000000000000000000100100000000100001110000010000000000000000000000000000000000000000000000000000000000000000000001000000000000000000000000000000000000000000010010000000000000000000000000000000100000000000000000000001000000000000000000000000000000000000000001110000111100000000000000000011100000000000000000000000000000000000000000000000000000000000000000000000000000000000000000000000000000000000000000000000000000000000000000000000000000000000000000000000000
23681451,11110000011110100011100000100010000000000000000000000000000000000000000000000000000000000000000000000000000000000000000000000000000000000000000101100000000000000000000000000000001100000110000000000000000000000000000000000000000000000000000000000000000000010000000000000000000000000001111000001000000000000000000000100000000000000000110100101000111110011001100000000111001100100000100010000011000000000000010100110000100010000100001000100001110100100001100010000000000000100000000000000000001000000000000000000000000010001000100000000001100010000000000010001000000110100010000000110010100000001001000100110000100001100010000000000000001001001000011000000000100111001000100000000111100110001101100111110010100011101000000000000000000000000000000000000000000000000000000000000000000000000000000000000000000000000000000000000000000000000000000000000000000000000000000000000000000000000
23699544,11100000011110111011110000000000000000000100000000000000000000000000000000000000000000000000000000000000000000000000000000000000000000000000000101100010000001000000000000000000001100000110000011000000000000000000000000000000000000000000000001011000000000011111010000000000000000000001111000000000000001000000000000000000000000000000110000001100111000011001111000000110001100111101100010110111000111000001010000000000101010000000001100100110111100100111110000000000100000101000100000101101001001010011001010100000000010011101100000100001001110000111110011011000100110010110111010111010110000001011110110011001101111100011000110001000011011101100010000000011110011101110100111100111101111001100100011100000100011101100000000000000000000000100000000000000000100100000000000100000100000000000000000000000100000000000000000100100000000000100000000000000000000000000000000000000000000000
23706213,11000000011100000011110000100000000000000000000000000000000000000000000000000000000000000000000000000000000000000000000000000000000000000000000000000000000000000000000000000000000000000000000000000000000000000000000000000000000000000000000000000000000000000000000000000000000000000001101000000000000000000000100000000000000000000000100000010100101000001000000000000010000000100000100000000000000000000000001000000000000010000000000000001000100100001000100000000010000000000000000000000000000000000000000000000000000000000000000000000001010000000000000000000000000000010001000000010110000000000000000000000000000000000100000000000000000001010010000000000000000000010000000000000001110010100110110000000100010000000000000000000000000000000000000000000000000000000000000000000000000000000000000000000000000000000000000000000000000000000000000000000000000000000000000000000000000000000
23725083,11110000011110110011110000000000010000000000000000000000000000000000000000000000000000000000000000000000000000000000000000000000000000000000000100100010010000000000000000000000001100000110000000000000000000000000000000000000000100100000000000000000000000010100000000000000000000000001111000000100000100000100100000000000000000000000110100111100111100011101100000000111001100101100100110000010110000000000011000000010100010000000001000100100010000100101100001110000110000100000000000010000001000000000001000000000000010001000100010011000000010000110010010001001000110110011000000100010100000001101000110010001101011100110000000000000011001011001011000000000100111101100100000000111110100001110000010101000000011100000000000000100000000000000000000000000000000000000000000000000000000000000100000000000000000000000000000000000000000000000000000000000000000000000000000000000000000000
23725423,11100000011110110011100000000000000000000000000000000000000000000000000000000000000000000000000000000000000000000000000000000000000000000000000101100000000000000000000000000000001100000110000000000000000000000000000000000000000000000000000001011000000000011111010000000000000000000001111000000000000101000000100000000000000000000000110000011100111000011001111000000110001100101100100011110010110110011001001000000000101010000000001100100101111100100101110000000010100000101000000000100000001000010000001000100000001010001001100110100001011110000110010011011000000010010011000011100010110000001001000110010001100001000110000000001000011000001001000000000000110010011100100110000111000100001000000011000000000011101100000000000000000000000000000000000000000000100000000000000000100000000000000000000000000000000000000000000100000000000000000000000000000000000000000000000000000000000
23725625,11100000011110111011000100000000000000000000000000000000000000000000000000000000000000000000000000000000000000000001100000000000000000000000000000000000000000000000000000000000001111000110000010000001000000000000000000000000000000000000000000000000100000010100000000000000000000000001111100000000000110000000000000000000000000000000110100001000110000011001100000001100001100000000000010000011011000100000000000000000101010000000001100100001011100100001000000000000100100100000000000000000001001000000000000000000000110101000100000000001001110000000010011011000000010000110000010110010100000001001010100010001100101000010000100001000011000001000111000000000100010001000100110000111000110001000100011000000100011101000000000000000000000100000000000000000000100000000000000000000000000000000000000000100000000000000000000100000000000000000000000000000000000000000000000000000000000000
24180693,11110000011111000011100000000000011000000000000000001000000000000000000000000000000000000000000000000000000000000000000000000000000000000000000000000000000000000000000000000000001100000110000000000000000000000000000000000000000000000000000000000000000000010100000000000000000000000001100000000100000000000000000000000000000000000000110100000000100000000101100000000000001100100000000110000000000000000000000000000010100000000000001000100000010000100000000001110000010000100000000001000000001000000000000000000000000010001000100000011000000000000000000010001000000010000010000000100010100000000001000100010000100000000010000000000000001000001000000000000000000010001000100000000111000000001000000011000000000011101001000000000000000000000000000000000000000000000000000000000000001000000000000000000000000000000000000000000000000000000000000000000000000000000000000000000000000000000
24180701,11110000011111000011100000000000011000000000000000100000000000000000000000000000000000000000000000000000000000000000000000000000000000000000000000000000000000000000000000000000001100000110000000000000000000000000000000000000000000000000000000000000000000010100000000000000000000000001100000000100000000000000000000000000000000000000110100000000100000000101100000000000001100100000000110000000000000000000000000000010100000000000001000100000010000100000000001110000010000100000000001000000001000000000000000000000000010001000100000011000000000000000000010001000000010000010000000100010100000000001000100010000100000000010000000000000001000001000000000000000000010001000100000000111000000001000000011000000000011101001000000000000000000000000000000000000000000000000000000000000001000000000000000000000000000000000000000000000000000000000000000000000000000000000000000000000000000000
24181099,11000000011110111011110000100000011000000000000000000000000000000000000000000000000000000000000000000000000000000000000000000000000000000000000100000000000000000000000000000000001100000110000000000000000000000000000000000000000000000000000000000000000000010100000000000000000000000001111000000100000010000000100000000000000000000000100000101000110000011101000000000100001100001100100110000010000000000000001010000010101010100000000100100101111100100101100001110100110100100000010001000000001000010000001000000000000110101000100000011001101100000110010010001000000010000110000000111010110000001001000110010001100101000110000000001000011001101000110000000000110010001100100000000111001101110000000000000000000000000000000000000100000000000000000000000000000000000000000000000000000000000000100000000000000000000000000000000000000000000000000000000000000000000000000000000000000000000
24755604,11110000011111111011110000110000000000000000000000000000000000000000000000000000000000000000000000000000000000000000000000000000000000000000000101100000000000000000000000000000001100000110000011000001100000000000000000000000000000000000000000000000000000011101010000000000000000000001111000000000000110000000100000000000000000000000110100101000111000011001101100000110001100110001100010000111110000000000010000000000101010100000001000100011111100100011100000000000100000100000000000000010001000000000000000000000000111001000100010100001101010000000010010011000000010100010000010110010100000001001000100110001100001100010000000001000011001001001011000000000100110001000100000000111101111111100100011100000100011101100000000000000000000000000000000000000000100000000000000000000100000000000000000000000000000000000000000100000000000000000000000000000000000000000000000000000000000000
24776445,11000000011110110011000000000000010001100000000000000000000000000000000000000000000000000000000000000000000000000000000000000000000000000000000000000000000000000000000000000000001111000110000010000000000000000000000000000000000000000000000000000000000000011101000000000000000000000001111000000110000100000000000000000000000000000000110000001010110000011101111000100100101111101100000110010010110010000001000000001010101010000000001100110101011101110101010001110000110000101000000000100000001101010000111100110000000010001101100000111001001110000110011011011000000010000010000011110010111000011001011110010001100001000010000100001000011000001001010000000000110010001100110110000111000110001000100011000000100011100001000000000000010000000100000000010000000000010000000000000000001000000000000010000000100000000010000000000010000000000000000000000000000000000000000000000000000000000
24785956,11100000011111110011100111100000000000000000000000000000000000000000000000000000000000000000000000000000000000000000000000000000000000000000000000000000000000000000000000000000001100000110000011000001000000000000000000000000000000000000000000000000000000010101000000000000000000000001111100000000000100000000000000000000000000000000110000101100110000011001100000011110001100110000111010000011110000000000010000000000100010000000001000100101110100100101100000000000100000100000100000000000001000000010000000000000000010001000100010000001000011100000110011001000100011000110011000110010100001001011010100011011100101000011000000101000011011001101011100110011100010001010100101000111101111001101110010110010110011101000000000000000000000010000000000000000000100000000000000000000000000000000000000000010000000000000000000100000000000000000000000000000000000000000000000000000000000000
24812732,11110000011111110011100000000000000000000001000000000000000000000000000000000000000000000000000000000000000000000000000000000000000000000000000000000000000000000000000000000000001111000110000011000001100000100000000000000000000000000000000000000000111100011111010000000000000000000001111000000000010000000000100000000000000000011010110101001100110000011001111000000110001100101100110011110011000010000001011000000000101010000000001100100100111100100100110000000000100000101000100000100000001000010010001000100100000010001001100000100000001111000110110011111000000011000010011011100010110001001011000110011011100001000111000000101000011001101100000000010001110010001111101110010111111100001101000011110001000011101000000000000000001000100001000000000000000100100000000000000000000000000000000001000100001000000000000000100100000000000000000000000000000000000000000000000000000000000
24812758,11100000011110000011100100000000010000000000000000000000000000000000000000000000000000000000000000000000000000000000000000000000000000000000000100100000000000000000000000000000001101000110000010000000000000000000000000000000000000000000000000000000000000011101000000000000000000000001101100000100000000000000100000000000000000000000110000010100101000001101100000001010001100100000000110000000000000000000011000001000100001000000001000100000010000100000000000000000000000110000000010000000001000000000100000010000010010001000100000011000000000000000100010001000000010010011011000100010101000000011000100011000100000100111000000000000001001011100000000000001001010111010100000000111110000001110000011110100000011101100000000000000000000100000000000000000000100000000000000000000100000000000000000000100000000000000000000100000000000000000000000000000000000000000000000000000000000000
24821094,11100000011110111011000000000000000000000000000000000000000000000000000000000000000000000000000000000000000000000000000000000000000000000000000101100000000000000000000000000000001111000111100010000001000000000000000000000000000000000000000001011000000000011111110000000000000000000001111000000000000110000000000000000000000000000000110000101100110000011001111100000100001101011011011011011111010010000001010000000000101010100000001100100111011100110111010000000000100100101000110000101011001100011010000010100000000111011101100000100000001011100100110011011000100011000110111010100010110001001111100111011011100101101011110000101000111011001100111000010011110010001110100010100111100100001101000011100001000011100010000000000000000000000000000000000000000000000000000000000000010000000000000000000000000000000000000000000000000000000000000000000000000000000000000000000000000000000
24832091,11110000011110000011110000000000000000000000000000000000000000000000000000000000000000000000000000000000000000000000000000000000000000000000000000000000000000000000000000000000001001000100100000000000000000000000000000000000000000000000000000000000000000000000000000000000000000000001101000000000000000000000100000000000000000000000100000010100101100001000000000000011000000100000100000000000000000000000011000000000000000000000000000000000000000000000000000000000000000000000000000000000000000000000000000000000000000000000000000000000000000000000000000000000000100010001000000000010000000000000000000000000001000100100000000000000000001010000000000000000000001110000000000000001110000000110000000001100000000000000000000000000000000000000000000000000000000000000000000000000000000000000000000000000000000000000000000000000000000000000000000000000000000000000000000000000000000000
24832095,11110000011111000011111000000000000000000000000000000000000000000000000000000000000000000000000000000000000000000000000000000000000000000000000000000000000000000000000000000000001001000100100010010000000000000000000000000000000000000000000000000000000000000000000000000000000000000001101000000000000000000000100000000000000000000000100000010100101100001000000000000011000000100000100000000000000000000000011000000000000000000000000000000000000000000000000000000000000000000000000000000000000000000000000000000000000000000000000000000000000000000000000000000000000100010001000000000010000000000000000000000000001000100100000000000000000001010000000000000000000001110000000000000001110000000110000000001100000000000000000000000000000000000000000000000000000000000000000000000000000000000000000000000000000000000000000000000000000000000000000000000000000000000000000000000000000000000
24836924,11110000011110000011111000000000000000000000000000000000000000000000000000000000000000000000000000000000000000000000000000000000000000000000000000000000000000000000000000000000001001000100100010010001001000000000000000000000000000000000000000000000000000000000000000000000000000000001101000000000000000000000100000000000000000000000100000010100101100001000000000000011000000100000100000000000000000000000011000000000000000000000000000000000000000000000000000000000000000000000000000000000000000000000000000000000000000000000000000000000000000000000000000000000000100010001000000000010000000000000000000000000001000100100000000000000000001010000000000000000000001110000000000000001110000001110000000101100000000000000000000000000000000000000000000000000000000000000000000000000000000000000000000000000000000000000000000000000000000000000000000000000000000000000000000000000000000000
24872560,11000000011110111011000111000000010000000000000000000000000000000000000000000000000000000000000000000000000000000000000000000000011000000000000101100000000000000000000000000000001111000100000000000000000000000000000000000000000000000000000000000000000000011100000000000000000000000001111100000100000100000000000000000000000000000000110010001000110000011001111000011100001111111100000010010011110010000001000000000000101111000000011100110101011101110101010000000000101000101000000000100000001101010001001000101000000010001101100010100001101010000111010011011000100010001110000011110010110000001001010110110001100101000010000100001000011010001000011100000010110010001100100110101111000110001000100100000000100111100000100000000000000000000000000000000000000000000000000000000000000100000000000000000000000000000000000000000000000000000000000000000000000000000000000000000000000000000
24882991,11110000011111000011100000000000000000000000000000001000000000000000000000000000000000000000000000000000000000000000000000000000000000000000000000000000000000000000000000000000000000000000000000000000000000000000000000000000000000000000000000000000000000000000000000000000000000000001101000000000000000000000000000000000000000000000100000000000100000001000000000000000000000100000100000000000000000000000000000000000000010000000000000000000100100000000100000000000000000000000000000000000000000000000000000000000000000000000000000000001000000000000000000000000000000000000000000010010000000000000000000000000000000000000000000000000000001000000000000000000000000000000000000000001100010001100100010100000100000000000000000000000000000000000000000000000000000000000000000000000000000000000000000000000000000000000000000000000000000000000000000000000000000000000000000000000000000000
24883443,11100000011100111011000000000000011001000000000000000000000000000000000000000000000000000000000000000000000000000000000000000000000000000000000101100000000000000000000000000000000000000000000000000000000000000000000000000000000000000000000000000000000000011000000000000000000000000001110000000100000100000100000000000000000000000000100000001000100001010101011000000000101000011001000100010010010010000001000000001000101001000000000100000110011000100110010000110000000000001111000010101001010000010000101000111000000000000000000000010100001100000010000000000000100000000000000000000000001000000000000100000000000000000000000000000000000000000001000000000010001000000000000000100000000000000000000000000000000000000000000000000000000000000000000000000000000000000000000000000000000000000000000000000000000000000000000000000000000000000000000000000000000000000000000000000000000000000
24906252,11110000011110000011110000000000000001000000000000000000000000000000000000000000000000000000000000000000000000000000000000000000000000000000000000000000000000000000000000000000001101000110000010000000000000000000000000000000000000000000000000000000000000010100000000000000000000000001101000000010000000000000100000000000000000000000110000010110101000001001100000100010001100100000011010000000000000000000011000000000100000000000001000100000010000100000000000000000000000100000100000000000001000000010010100000000000010001000100000000000000001100000101010001000000011010011011000100010100001010011001100011010100000100111100000100000101001011100000000010001000010111010100000000111110000001110000011110100000011100010010000000000000000100000000000000000000000010000000000000000010010000000000000000100000000000000000000000010000000000000000000000000000000000000000000000000000000000
24965990,11100000011110111011000000000000000001000000000000000000000000000000000000000000000000000000000000000000000000000000000000000000000000000000000101100010110000000000000000000000001100000110000000000000000000000000010110000000000000000000000001011000000000011111110000000000000000000001111000000010000010000000000000000000000000000000110000101110110000011001111000100100001111111101011010110011000010000001010001000000101010100000001110110101011101110111010000000100100100101000110000101101001011111111011100100000000110011001100000100001101111110111111011011000100011100110011010111010110001011111111110111011100111010011000110101000011011001100111000010011110110001110100111100111100110001100100001000000100011100000100000100000000000100000000000000010000000100001000000000000000100000100000000000100000000000000010000000100001000000000000000000000000000000000000000000000000000000
24970412,11100000011110110011110000000000000001100000000000000000000000000000000000000000000000000000000000000000000000000000000000000000000000000000000101100000000000000000000000000000001100000110000000000000000000000000000000000000000000000000000001011000000000011111010000000000000000000001111000000010000100000000100000000000000000000000110000011110111000011001111000100110001100101100111010110010110010000001011001000000101010000000001110100101111100100101110000000100100000101000100000100000001011110110011100100000000010001001100010100001101111110110111011011000000011110011011010110010110001011011011110111011100011110111100100101000111001111101010000010001110110011111100110000111111110111111100100110111100111100000100000000000000000010010000000000000100000000001000000000000000100000000000000000010010000000000000100000000001000000000000000000000000000000000000000000000000000000
25008120,11100000011110111011110100110010000000000000000000000000000000000000000000000000000000000000000000000000000000000000000000000000000000000000000000000000000000000000000000000000001111000101100010110001000000000000000000000000000000000000000000000000101100011111000000000000000000000001111100000000000100000000000000100000000000000000110001001100110000011001001000001110001111111111011010010111110010000001010100010000101010000100000000110111011101110111010010000110100000101000100000101001001100010110001010100000000010011101100000100001011111111110110010011000100011110010111111100010110001001111100111011111100001110011110000101010111011111101011100011111110110101110100000100111101100000111000000001111000000000000000001000000000000000000101000000000000000000100000000000000000000001000000000000000000101000000000000000000100000000000000000000000000000000000000000000000000000000
25096873,11110000011110111010000000000000000001100000000000000000000000000000000000000000000000000000000000000000000000000000000000000000000000000000000000000000000000000000000000000000001111000110000010000000000000000000000000000000000000000000000000000000000000010000000000000000000000000001111000000010000100000000000000000000000000000000110100101010110000010001000000100100001100111100000010000011110000000000000000000000100010000000000000100100010000100101000000000000100000100000000000000000001000010000011100000000000010001000101011000000000010000110011010001000100010000110000000100010110000011001001110010001110101000010000000001000011010001001011000000010110010001100100000000111000100001000000010000000000011100000000000000000000000000000000000000010000000000000000000010100000100000000000000000000000000000000010000000000000000000010100000000000000000000000000000000000000000000
25102846,11100000011111110011110100000000000000000000000000000000000000000000000000000000000000000000000000000000000000000001100000000000000000000000000000000000000000000000000000000000001111000110000011000001000000000000000000000000000000000000000000000000101100011111010000000000000000000001111100000000000100000000100000000000000000000000111000011100111000011001111000001110001111101100111011110010110010000001011000000000101010000000001100110101111101110101110000000010100000101000100000100000001100010010001000100000000010001101100000100001011111101110110010011000000011010011011011111110110011001111000110011011100001100111100000101010111001111111010000011001110010111110100000000111111100111111000010111111000011100010000001000000000000010000001000000000000000100100000000000000010000001000000000000010000001000000000000000100100000000000000000000000000000000000000000000000000000000
25127112,11100000011110111011100000000010000000000000000000000000000000000000000000000000000000000000000000000000000000000000000000000000000000000000000111100010110001000000000000000000001011000000000000000000000000000000000000000000000000000000000001011000000000011111111000000000000000000001110000000000000110000000100000100000000000000000110100101000110000010001111100000100001111011011000011011110110010011001000000010000101100100100011100110110011001110110010010000000100100101000010000101001101100011000001010100000000110011101100110100000001110000110010010011000100010001010100011100010110000001101100111010001100001001010010000001000011010001001100000000010110010001100100000101111000100001000000010000000000011100000000000000000000000000000000000000000000000000000000000000000000000000000000000000000000000000000000000000000000000000000000000000000000000000000000000000000000000000
25141092,11110000011110111011000110000000000000000000000000000000000000000000000000000000000000000000000000000000000000000000000000000000000000000000000101100000000000000000000000000000001111000110100011000001000000100000000000000000000000000000000001011000000000011111010000000000000000000001111100000000000110000000000000000000000000000000110000101000111000011001111000001110001100111111000011110011111000110000010000000000101010100000001100100111011100100111000000000000100100100000010000000010001001010000001000000000000111011011100110100001001110000110010011011000100010000110000010111010110000001101110111010001100101101010010110001000011101101001110100000010110010001100100111000111100110001000100111000000100111100000100000000000000000100000000000000100000000100000000000000000000100000000000000000100000000000000100000000100000000000000000000000000000000000000000000000000000000000
25151352,11000000011110111000000110000000000001000000000000000000000000000000000000000000000000000000000000000000000000000000000000000000000000000000000101100000000000000000000000000000001011000101100010110000000000000000000000000000000000000000000001011000000000011111111000000000000000000001110100000010000100000000000000000000000000000000110000001010110000010001111100110100001111011011000011011110110010011001000000000000101000000000001100110110011001110110010000000000100000101000000000101001101100010000011110100000000010011101100110100000001110000110011010011000100010000010100011100010110000011101101110010001110001000010000000001000011010001001000000000010110010001100100000100111000100001000000011000000000011101000000000000000000000000000000000000000000000000000000000000000000000000000000000000000000000000000000000000000000000000000000000000000000000000000000000000000000000000
25154713,11110000011111111111100000000000000001100000000000000000000000000000000000000000000000000000000000000000000000000000000000000000000000000000000101100010110001011000101100000000001100000110000000000000000000000000000000000000000000000000000000000000000000011111010000000000000000000001111000000000000100000000000000000000000000000000110100101000110000011001111100000110001111111001100010010111110010011001010000000000101010000000001100110111011101110111110000000000100000101000000000101101101100010001001010100000000010011101100110100001101110000111010010011001100010000110100010110010110000001001100100110001100101000010000000001000011010001001011000000010110010001100100000100111000100001000000011000000000011101100000000000000000000000000000000000000000000000000000000000000100000000000000000000000000000000000000000000000000000000000000000000000000000000000000000000000000000000
25166913,11100000011110111010000000000000000000000000000000000000000000000000000000000000000000000000000000000000000000000000000000000000000000000000000101100000000000000000000000000000001111000110000010000000000000000000000000000000000000000000000001011000000000011111010000000000000000000001111000000000000100000000000000000000000000000000110000101000110000010001111100000100001100111101000010110111110010011001000000000000101110000000011100100110011000100111010000000000101000101000000000101101101000010001001010100000000010011001100110100000001110000111010010011000100010001110100010100010110000001101100110010001100101000010000000001000011010001001011000000010110010001100100000101111000100001000000000000000000011100000100000000000000000000000000000000000000000000000000000100000000100000000000000000000000000000000000000000000000000000100000000000000000000000000000000000000000000000
42611257,11100000011110110011000110000000010001000000000000000000000000000000000000000000000000000000000000000000000000000000000000000000000000000000000101100000000000000000000000000000001111000110000010000000000000000000000000000000000000000000000001011000000000011111110000000000000000000001111100000110000100000100000000000000000000000000110000001110110001011101101100101100101111111111000011011110110010011001000000000010101010000000001010110110011101110110010001110000110000101000000000101001101101010000011110100000000010011101100110100001001010000110011011011000100010000010100011111010110000011001111110010001100001000010000110001000011010001001000000000010110010001100100111100111000111001000100011000000100011101000010000000000000000000100000000000000000000000000000000000000000010000000000000000000100000000000000000000000000000000000000000000000000000000000000000000000000000000
44134661,11000000011100111011110000110011000000000000000000000000000000000000000000000000000000000000000000000000000000000000000000000000000000000000000101100010010000000000000000000000001011000000000000000000000000000000000000000000000000000000000001011000000000011111100000000000000000000001111000000000000100000000100000100000000000000000100000011100111000011001011100000110000001011111000010111111010011000001011100010000101000000100000100000110011000010110010010000000100000001000000000101101000100010001000010100000000000010101000000100000001010000101010000010000100000010101100000000010010000001100100001000000000111100100010000001000000011110000000000000010110000110000000000100000101100000011000000000010000000000000000000000000000000000000000000000000000000000000000000000000000000000000000000000000000000000000000000000000000000000000000000000000000000000000000000000000000000000
44205240,11100000011110111011000000000000010000000000000000000000000000000000000000000000000000000000000000000000000000000000000000000000010110000000000101100010110000000000000000000000001011000000000000000000000000000000000000000000000000000000000001011000000000011111111000000000000000000001110000000100000110000100000000000000000000000000110010001000110001010101111100000100101111111011000011011110110010011001000000000010101100100000011100110110011001110110010001110000110100101000010000101001101100011000001010100000000110011101100110100000001110000110010010011000100010001110100011100010110000001101100111010001100101001010010000001000011010001001100000000010110010001100100000101111000100000000000000000000000011100000000000000000000000000000000000000000000000000000000000000000000000000000000000000000000000000000000000000000000000000000000000000000000000000000000000000000000000000
44232548,11110000011111111111111110000010011001000000000000000000000000000000000000000000000000000000000000000000000000000000000000000000000000000000000101100010110001011000100100000000001111000111100011000001100000100000000000000000000000000000000001011000100000011111111000000000000000000001111100001110000100000000100000100000000000000000110100111110111001011101111100101111101111111111111110111111110011000001011100011000101011000100001110110111111101110111110010000000100000101111100010101101011101010011111110111000010010011101100010111101101111100111111011011001100111110111111000111110111011011111111111111011101111110111010110101000011011101111011000011011111111111111100111100111100111001101110111100011110111100010100000000000000000100010001000000000000010100000000000000000010100000000000000000100010001000000000000010100000000000000000000000000000000000000000000000000000000000
44472635,11100000011110111011000000000000000000000000000000000000000000000000000000000000000000000000000000000000000000000000000000000000000000000000000101100010110000000000000000000000001100000110000010000000000000000000000000000000000000000000000001000000000000010100000000000000000000000001111000000000000100000000100000000000000000000000110000111100111000011001100000000110001100011100000010000011110000000000001000000000101010000000001000100111011101100111010000000000100000100000000000000001001000010000001000000000000010011000100010000001101110000110110011001000000010100111011000110010110000001001100110110001100101000111000000001000011001001101011000000001110110001101100011000111100110001101000111100001000011100000100000000000000000000000000000000000000000000000000000000000000100000000000000000000000000000000000000000000000000000000000000000000000000000000000000000000000000000
44516822,11100000011110111011100110000000011000000000000000000000000000000000000000000000000000000000000000000000000000000000000000000000000000000000000101100000000000000000000000000000001111000110000010000000000000000000000000000000000000000000000000000000000000011111010000000000000000000001110100000100000100000100100000000000000000000000111000001000110000010101111000001100101111111101000110010110010010000001000010001010101001000000001100110100011001110110010001110000110000101111000010111001011100010000101010111000000010011101100000110100001110000110010010011000100010000010100010100010111000001101100111010001100001000010010000001000011010001001000000000010111010001100100000100111000100001000000011000000000011100000000000000000000000000100000000000000000000000000000000000000000000000000000000000000100000000000000000000000000000000000000000000000000000000000000000000000000000000
44610678,11110000011110111011100000000000011001000000000000000000000000000000000000000000000000000000000000000000000000000000000000000000000000000000000101100000000000000000000000000000001111000111100010000001000000000000000000000000000000000000000001011000000000011111000000000000000000000001111000000110000100000000100000000000000000000000110100101010110000011101111000100100001111111011000110010011110010000001000010001010101011000000001100110111011101110111010001110000110000101111000011101001011100110000111100111000000010011101100010111101101110000110011010011000100010000110000011110010111000011101101110110001110101000010000000001000011010001001011100000010111010001100100000100111000111001000100100000000100111100001000000000000000000000000000000000000000000000000000000000000001100000000000000000000100000000000000000000000000000000100000000000000000000000000000000000000000000000
44630049,11100000011110000011111000000000000000000000000000001000000000000000000000000000000000000000000000000000000000000000000000000000000000000000000000000000000000000000000000000000001001000100100010010000000000000000000000000000000000000000000000000000000000000000000000000000000000000001101000000000000000000000100000000000000000000000100000010100101100001000000000000011000000000000100000000000000000000000011000000000000010000000000000000000100100000000100000000010000000000000000000000000000000000000000000000000000000000000000000000001010000000000000000000000000100010001000000010110000000000000000000000100001000100100000000000000000001010010000000000000000001110000000000000001110010100110110000001100010000000000000000000000000000000000000000000000000000000000000000000000000000000000000000000000000000000000000000000000000000000000000000000000000000000000000000000000000000000
45138699,11110000011110110011110110000011000000000000000000000000000000000000000000000000000000000000000000000000000000000000000000000000000000000000000000000000000000000000000000000000001111000111100010000001000000000000000000000000000000000000000000000000000000011101000000000000000000000001111100000000000100000000100000100000000000000000110000011100111000011001101000010110001111111111011010010011110010000001010000010000101010000100001000110111011101110111010010000000100000101000100000101001001101010011001000100000000010011101100000100001001111100111110011011000100011100110011011110010110001001011110110011011100101110011000100101000011011001101010000010011110110001110100110100111100110001100100011110000100011101010000000000000000000100000000000000000000100000000000000000000010000000000000000000100000000000000000000100000000000000000000000000000000000000000000000000000000000000
45375808,11100000011110110011110100000010000000000000000000000000000000000000000000000000000000000000000000000000000000000000000000000000000000000000000100100000000000000000000000000000001100000100000000000000000000000000000000000000000000000000000000000000000000010000000000000000000000000001111100000000000100001000100000100000000000000000110000111100111000011001000000000110001100110000111010000011110000000000011100010000100010000100000000100001110101100101100010000000100000100000000000000000001000000010001000000000000010001000100010000001100011100000100011001000100010110011011000100010100000001001000100010010100011110111000000000000001011111101011100110011000010111000100011000111101100000111000000000010000011000000000000000000000000000000000000000000000000000000000000000000000000000000000000000000000000000000000000000000000000000000000000000000000000000000000000000000000000000
46188928,11100000011110111011000110000000000000000000000000000000000000000000000000000000000000000000000000000000000000000000000000000000000000000000000101100010110001011000000000000000001111000100000000000000000000000000000000000000000000000000000001011000000000011111000000000000000000000001111100000000000110000000100000000000000000000000110000111100111000011001101100001110001111011111000010011111110010000001001000000000101010100000001000110110011001110111010000000000100100101000010000101011001100011001001010100000000111011101100000100000001110000111010010011000100010100111100011100010110000001101100101010001100101001110010000001000011010101001111000000010110110001000100000100111000100001000000010000000000011100000000000000000000000000000000000000000000000000000000000000000000000000000000000000000000000000000000000000000000000000000000000000000000000000000000000000000000000000
46215800,11100000011110110011100110100000000000000000000000000000000000000000000000000000000000000000000000000000000000000000000000000000000000000000000101100000000000000000000000000000001111000100000010000000000000000000000000000000000000000000000001011000100000010000000000000000000000000001111100000000000100000000000000000000000000000000110000101100111000011001100000001110001100100000000010000011110000000000010000000000100010000000001010100101010101100101000000000010100000100000000000000000001000000010000000000000000010001000100010000001110010000000010011001000000010100110000000111010100010001001000100110001100111110010000000001000011001001100011000000000100110001000100111000111001100101000000000000000000011100000000000000000000000000000000000000000000000000000000000000000000000000000000000000000000000000000000000000000000000000000000000000000000000000000000000000000000000000
46216142,11100000011110110011100110100000000000000000000000000000000000000000000000000000000000000000000000000000000000000000000000000000000000000000000000000000000000000000000000000000001111000101100010000001000000000000000000000000000000000000000000000000101100010000000000000000000000000001111100000000000100000000000000000000000000000000110000101100111000011001100000001110001100100000000010000011110000000000010000000000100010000000001010100101010101100101000000000010100000100000000000000000001000000010000000000000000010001000100010000001110010000000010011001000000010100110000000111010100010001001000100110001100111110010000000001000011001101100011000000000100110001000100111000111001100101000000000000000000011100000000000000000000000000000000000000000000000000000000000000000000000000000000000000000000000000000000000000000000000000000000000000000000000000000000000000000000000000
46700774,11100000011110111011000000000000000001000000000000000000000000000000000000000000000000000000000000000000000000000000000000000000000000000000000000000000000000000000000000000000001111000111100010000001000000100000000000000000000000000000000000000000000000011101000000000000000000000001111000000000000010000000100000000000000000000000110100001100111000011001101100000110001111111001011010010111000010000001010000000000101110000000011100110011011101110111010000000100101100101000100000101001001100010100000010100000000110111101100000100000001110110100010011011000100011101010100010100010110000001101100101010001100001110010110000001000111011001000111000000010110110001000100110101111001100001000000011000000000011100000000000000000000000100000000000000000000000000000000000000000000000000000000000000100000000000000000000000000000000000000000000000000000000000000000000000000000000000
46700777,11110000011111111011110111000000000000000000000000000000000000000000000000000000000000000000000000000000000000000000000000000000010110001011000000000000000000000000000000000000001100000110000011000001100000110000000000000000000000000000000000000000000000010101010000000000000000000001111100000000000001000000100000000000000000000000110100001000111000011001100000010110001100100000100010000011000100000000001000000000101010000000001100100000111100100000100000000000100000100000000000000000001000000000000000000000000010001000100000000001001110000000110011011000000010000010011010101010100000001001000100010001100001000111000000001000011001101100000000000001100010001001100110000111100100001100000011110000000011101100000000000000000000100000000000000000000100000000000000000000100000000000000000000100000000000000000000100000000000000000000000000000000000000000000000000000000000000
46783232,11100000011110110011100000000000000000000000000000000000000000000000000000000000000000000000000000000000000000000000000000000000000000000000000110000000000000000000000000000000001111000101100010000000000000000000010110000000000000000000000001100000101100011111000000000000000000000001111000000000000100000000100000000000000000000000110100011100111000011001111000000110001111001100100010110010110010000001001000000000101010000000001100110100111101110100110000000010100000101000000000100100001100010001001000100000000010001101100010100001011110000111010010011000000010010111000011110110110000001001000110010001100101000110000000001000011001011011000000000000110010011100100000000111010100111000000011000000000011101000100000000000000000000100000000000000000100000000000000100000000100000000000000000000100000000000000000100000000000000100000100000000000000000000100000000000000000000
46783235,11100000011110110011100000000000000000000000000000000000000000000000000000000000000000000000000000000000000000000000000000000000000000000000000110000000000000000000000000000000001111000101100010010001000000000000010110000000000000000000000001100000101100011111000000000000000000000001111000000000000000000000100000000000000000000000110100011100111000011001111000000110001111001100000010110011000010000001011000000000101000000000001100110100011001110100010000000000100000101000000000100100001100010001001000100000000010001101100000100000001110000111010010011000000010110111000011100010110000001001000110010001100111100110000000001000011001111000000000000000110110111100100000000111111100001111000011000110000011101000100000000000000000000100000000000000000100000000000000100000000100000000000000000000100000000000000000100000000000000100000100000000000000000000100000000000000000000
46783236,11000000011100110010000000000000000000000000000000000000000000000000000000000000000000000000000000000000000000000000000000000000000000000000000110000000000000000000000000000000001111000101100010000000000000000000010110000000000000000000000001100000101100011111000000000000000000000001111000000000000100000000000000000000000000000000110100001000110000011001111000000100001111001100000010110010110010000001000000000000101010000000001100110101011101110101010000000000100000101000000000100100001100010001001000100000000010001101100010100001001110000111010010011000000010000110000011110010110000001001010110010001100101000010000000001000011000001001011000000000110010001100100000000111000110001000100111000000100111101000100000000000000000000100000000000000000100000000000000100000000100000000000000000000100000000000000000100000000000000100000100000000000000000000100000000000000000000
46866715,11110000011111111011100000100000011000000000000000000000000000000000000000000000000000000000000000000000000000000001100000110000000000000000000111100010000000000000000000000000001111000100000000000000000000000000000000000000000000000000000000000000101100011111110000000000000000000001111000000100000100000100000000000000000000000000110110011100111001011101111000000110101100101100011111110011110010000001010000001010101011000000001100100101011100100101010001110000110000101111100010100000011000010010101000111000000010001001100000110101101111100110110010011000000011000110011011110010111001001011000110111011100101100011100000101000111001101101011000011001111010001110100000000111101111111111110011101111110011101010000000000000000000100000001000000000000010100000000000000000010000000000000000000100000001000000000000010100000000000000000010000000000000000000100000000000000000000
46892186,11110000011110111111110000000010000000000000000000000000000000000000000000000000000000000000000000000000000000000000000000000000000000000000000101100010110000000000000000000000001111000101100010000000000000000000000000000000000000000000000001011000000000011111111000000000000000000001111000000000000110000000100000100000000000000000110010001100111000011001111100000110001111111111011011110111010011000001011100010000101010100100001110110111011101110111010010000100100100101000110000101111001101011111000010100000000111011101100000100001101111110101110011011000100011100111111001111010110001001011110110111011100101010111000110101000011011111101111000011011110110001110100111100111101111101001110100000010110111101000000000000000000000000000000000000000000000000000000000000000000000000000000000000000000000000000000000000000000000000000000000000000000000000000000000000000000000000
46908927,11100000011110111010000110000000000001000000000000000000000000000000000000000000000000000000000000000000000000000000000000000000000000000000000101100000000000000000000000000000001111000111100010000001000000000000000000000000000000000000000001011000000000011111010000000000000000000001111100000000000110000000000000000000000000000000110000001000110000011001111100010100001111111111000010011111110010000001000000000000111010100001001100110111011101110111010000001000100100101000010000101111001101011001001010100000000111011101100000100001001110000111010011011000100010000110100011110010110000001001110110010001100101001010000100001000011010001001110000000010110010001100100110100111000110001000100011000000100011101100100000000000000000100100000000000000000100000000000000000000100100000000000000000100100000000000000000100000000000000000000000000000000000000000000000000000000000000
49800073,11100000011110110011000000000000000001000000000000000000000000000000000000000000000000000000000000000000000000000001100000000000000000000000000101100000000000000000000000000000001111000110000011000001100000100000000000000000000000000000000000000000000000000000000000000000000000000001111000000000000100000000100000000000000000000000111101101100110000011000000000000100000000000000000000000011010000000000001000000000000110000000010000000001000100000001000000000000000000000000000000000000000000000000000000000000000000000000000010000001100010000000000000000000000000001100000000010010000000001000000000000000000101000100000000000000000001000000011000000000100000000000000000001001101110001101110011110010110011110000000000000000000000000000000000000000000000000000000000000000000000000000000000000110000000000000000000000000000000000000000000000000000000000000000000000000000000000
49843517,11110000011110110011100000000000010001100000000000000000000000000000000000000000000000000000000000000000000000000000000000000000000000000000000101100000000000000000000000000000001100000110000000000000000000000000000000000000000000000000000000000000000000011101000000000000000000000001111000000110000100000000100000000000000000000000110000011110101001011101111000100010101100111001111110010010110010000001011000001000101011000000001100100101111100100111110000000000100000101111100010101001011001010010111100111001000010011000100000110101001101000010111011011000100011000010011110110010101001011011111100011011100001100111000100101000011011111100000100010011000010001011100110100111100110001101100011100011100011100100000000000000000000100010000000000000100010010000000000000000100000000000000000000100010000000000000100010010000000000000000000000000000000000000000000000000000000000
49846579,11110000011111111011100000000000010001000000000000000000000000000000000000000000000000000000000000000000000000000000000000000000000000000000000101100000000000000000000000000000001111000111100011010001000000100000000000000000000000000000000001011000000000011111110000000000000000000001111000000110000101000100000000000000000000000000111100001110111000011101101100100110001111111111011111011111110110011101010000000010101010010000001000110111011101110111011101110100110000101000100000111001101101010110011110100000001010011101100110111001001111110111111011011010100011100110111011110110110001011011111110011011100101110011100101101100111011101111000010011011110110001110100110100111101110001101100111100011100111110000110000000100000000000000001000100000000010000000000000100000000110000000100000000000000001000100000000010000000000000100000000000000000000000000000000000000000000000
50905713,11100000011110111010000000000000000001000000000000000000000000000000000000000000000000000000000000000000000000000000000000000000000000000000000101100000000000000000000000000000001111000110000010000001000000000000000000000000000000000000000001011000100000011111110000000000000000000001111000000010000100000000000000000000000000000000110000101010110000011001111100100100001101111111000010111111110010011001000000000000101010000000001100100111011100110111010000000000100000101000000000101101101101010001011110100000000010011101100110100001001010000111011011011000100010000110100000110010110000011101111111010001100101000010010100001000011010001001010000000010110010001100110100100111000110001000100010000000100011101000000000000000000000000010000000000000000100010000000000000000000000000000000000000000010000000000000000100010000000000000000000000000000000000000000000000000000000000
50922675,11100000011110111011100100000000010001000000000000000000000000000000000000000000000000000000000000000000000000000000000000000000000000000000000101100000000000000000000000000000001111000100000000000000000000000000000000000000000000000000000000000000000000011111000000000000000000000001111100000110000110000100000000000000000000000000110000101010110000010001111000101110101111111101100010010110110010000001010000000010101010100000001100110100011001110111110001110000100100101000010000101001001100011000011110100000000110011101100010100000001110000110011010011001100010000110100010100010110000011101101111010001100101001010010000001000011010001001111000000010110010001100100000100111000100001000000011000000000011100000000000000000000000000110000000000010000000000000000000000000000000000000000000000000110000000000010000000000000000000000000000000000000000000000000000000000000000000
50992434,11100000011110111011100100000000010000000000001000000000000000000000000000000000000000000000000000000000000000000001100000000000000000000000000000000000000000000000000000000000001111000110000010000001000000000000000000000000000000000000000000000000100000010100000000000000000000000001111100000100001100000000000000000000000000000000110000101000110000111001000000001100101100111100000010000011110000000000000000001010100010000000001000100101010100100101000001000000100000100000000000000000001000010000001000000000000010001000100000000001000010000110010011001000100010000010000000101010110000001101000111010001100001000010000000001000011010001001011100100010110010001100100101100111000100000000000000000000000000000000000000000000000000000000000000000100000000000000000000000000000000000000000000000000000000000000100000000000000000000000000000000000000000000000000000000000000000000
51039094,11100000011110111111000000000000000000000000000000000000000000000000000000000000000000000000000000000000000000000000000000000000000000000000000101100010000000000000000000000000001111000111100010000001000000000000000000000000000000000000000001011000101100011111111000000000000000000001111000000000000110000000000000000000000000000000110010001100111000011001111100000110001111111111011011111110110010000001010000000000101000100000001100110110011001110110010000000000100100101000110000101011001100011010001010100000000111011101100000100000001111100110110010011001100011100010111011100010110001001111100111011011100011111011110000101000111011101101100000011011110010001110100000100111101100001100000000100000000011100000000001000000100000000100000000000000000010100000000000000000000000001000000100000000100000000000000000010100000000000000000000000000000000000000000000000000000000000
51063134,11110000011110000011110000000000000000000000000000000000000000000000000000000000000000000000000000000000000000000000000000000000000000000000000000000000000000000000000000000000001001000100100000000000000000000000000000000000000000000000000000000000000000000000000000000000000000000001101000000000000000000000000000000000000000000000100000010100101100001000000000000011000000100000100000000000000000000000010000000000000000000000000000000000000000000000000000000000000000000000000000000000000000000000000000000000000000000000000000000000000000000000000000000000000100010000000000000010000000000000000000000000001000100000000000000000000001010000000000000000000001100000000000000001110000000110000000001100000000000000000000000000000000000000000000000000000000000000000000000000000000000000000000000000000000000000000000000000000000000000000000000000000000000000000000000000000000000
52918379,11110000011111111011110000000000000000000000000000000000000000000000000000000000000000000000000000000000000000000000000000000000000000000000000101100010110000000000000000000000001101000110100010000001000000000000000000000000000000000000000000000000100100010100000000000000000000000001111000000000000100000000100000000000000000000000110000111100111000011001100000000110001100100000111010000011110000000000011000000000100010000000001000100001110100100001100000000010000000100000100000000000001000000010000000000000000010001000100010000001010011101000100010001000000011110111011000110110100001001011000100011011100101100111100000100010101001111111011000010001100110111011100000000111110110111111100010111111100011100010000000000000000000010000000000000000000000000100000000000000010000000000000000000010000000000000000000000000100000000000000000000000000000000000000000000000000000000
53239799,11110000011110111011000000000000000001000000000000000000000000000000000000000000000000000000000000000000000000000000000000000000000000000000000101100000000000000000000000000000001111000111100011000001000000100000000000000000000000000000000001011000110000011111010000000000000000000001111000000000000100000000000000000000000000000000111000101100111000011001111000000110001100101100000011110011110010011001010000000000101110000000011110100100011100100100010000000000101000101000000000100000001001010000001000100000000010001001100100100001001110000110010011011000000010101010000011111010110000001101010110010001100001110010000110001000011000001001000000000000110110001100100111001111000111001000100111000000100111111100100000000000000000100100000000000000000100100000000000000000100100000000000000000100100000000000000000100100000000000000000000000000000000000000000000000000000000000
53393742,11100000011110111000000000000000000001110000000000000000000000000000000000000000000000000000000000000000000000000000000000000000000000000000000000000000000000000000000000000000001111000111100011000001100000100000000000000000000000000000000000000000101100011111111000000000000000000001110000000000000100000000000000000000000000000000110000001000100000010001111000000100001100101100000011110011010011000001000000000000101000000000001100100100011000100100010000000000100000101000000000100000001000010000001000100000000010001101100000100000001110000110010010011000000010000010000011100010110000001101000111010001100001000010010000001000011000001001000000000000110010001100100000000111000100001000000011000000000011100000100000000000000000000000000000000100000000100000000000000000000100000000000000000000000000000000100000000100000000000000000000000000000000000000000000000000000000000
54670067,11000000011000000011100000000000000000000000000000000000000000000000000000000000000000000000000000000000000000000000000000000000000000000000000100000000000000000000000000000000000000000000000000000000000000000000000000000000000000000000000000000000000000000000000000000000000000000001101000000000000000000000100000000000000000000000100000010100101000001000000000000010000000000000100000000000000000000000011000000000100010000000000000000000110100000000100000000010000000000000000000000000001000000010000000000000000000000000100000000000010000000000000001001000000000010001010000000000000000000010000000000000000000100101000000000000000001011100000000000000000010110010000100000010010000000000000000000000000000000000000000000000000000000000000000000000000000000000000000000000000000000000000000000000000000000000000000000000000000000000000000000000000000000000000000000000000000000
54674461,11100000011110111111000110000000000000000000000000000000000000000000000000000000000000000000000000000000000000000000000000000000000000000000000101100000000000000000000000000000001111000101100010000000000000000000000000000000000000000000000001011000000000011111111000000000000000000001111100000000000110000000000000000000000000000000110000001000110000010001111100001110001111111111100011011110110010000001010000000000101010100000001100110110011001110111110000000000100100101000010000101011001100011001000010100000000111011101100000100000001010000101010010011001100010000110100011100010110000001101100111010001100101001010010000001000011010001000110000000010110010001100100000100111000100001000000000000000000011100000000000000000000000000000000000000000000000000000000000000000000000000000000000000000000000000000000000000000000000000000000000000000000000000000000000000000000000000
54675776,11100000011110110011110000000000000000000000000000000000000000000000000000000000000000000000000000000000000000000000000000000000000000000000000000000000000000000000000000000000001100000110000010000001000000000000000000000000000000000000000000000000100000010000000000000000000000000001111000000000000100000000100000000000000000000000110101101100110000011001100000000100001100100000011010000011010000000000001000000000100010000000001010100001010100100001000000000010100000100000000000000000001000000010000000000000000010001000100000000001110011100000100011001000000010010010011100111110100010101001000100110010100001000111000000000000001001111110000000010001000010011001100100000111111111101111111011110111101011101000000000000000000000010000000000000000000110000000000000000000110000000000000000000110000000000000000000110000000000000000000000000000000000000000000000000000000000000
54675850,10000000011000000011000000000000000000000000000000000000000000000000000000000000000000000000000000000000000000000000000000000000000000000000000000000000000000000000000000000000001100000000000000000000000000000000000000000000000000000000000000000000000000010000000000000000000000000001101000000000000000000000100000000000000000000000110000000100100000001001100000000000001100000000111010000000000000000000001000000000100010000000001000100000110100100000100000000000000000100000000000000000001001000010000000000000000010001000100000000001000001100000100011001000000010000010011100110110100000000001010100010010100000000111000101000000001001011110000000010001000010001001100110000111100010001100100000100000100011100000000000000000000000000000000000000000000010000000000000000000000000000000000000000000000000000000000000010000000000000000000000000000000000000000000000000000000000000
54676228,11000000011100110011100000000000010000000000000000000000000000000000000000000000000000000000000000000000000000000000000000000000000000000000000000000000000000000000000000000000001111000100000010000000000000000000000000000000000000000000000000000000100000011100000000000000000000000001111000000100000100000100100000000000000000000000110000001100110000011101101000000100001111111011000110010010110010000001001000000010101010000000001000110111011101110111010001110000110000101000000000111001001100010010001000100000000010011101100000111000101110000110110011011000100010000110011011100010110000001001100110110001100101000111000000001000011011001101010100000011110010001101100100100111100100001100000000100000000011100000000000000000000000000000000000000000000001000000000000000000000000000000000000000000000000000000000000001000000000000000000000000000000000000000000000000000000000000
54681908,11100000011110110011110000000000000000000000000000000000000000000000000000000000000000000000000000000000000000000000000000000000000000000000000000000000000000000000000000000000001100000110000010000001000000000000000000000000000000000000000000000000100000010000000000000000000000000001111000000000000101000000100000000000000000000000110101101100110000011001100000000110001100100000011010000011010100000000001000000000100010000000001010100001010100100001000000000010100000100000000000000000001000000010000000000000001010001000100000000001110011100000110011001000000010010010011100111110100010101001000100110011100001000111000000001000011001111110000000010001000010011001100100000111101111101101111011110010101011101010000000000000000000110000000000000000000110000000000000000000110000000000000000000110000000000000000000110000000000000000000000000000000000000000000000000000000000000
54682461,11110000011110110011100110000000010000000000000000000000000000000000000000000000000000000000000000000000000000000000000000000000000000000000000000000000000000000000000000000000001111000110000010000001000000000000000000000000000000000000000000000000000000011101000000000000000000000001111100000100000100000100100000000000000000000000110101001100110000011101101000010100001111101100100110010010010010000001011000000010101010000000001000110100111101110100110001110000110010101101000000110000001100010010001000100000000010001101100000111001001110000110010011011000000010000010010011110010110000001011000110010001100001100111000000001000011001011101000000000000110010001110100100000111100110001100100011100000100011101000000000000000000000000100000000000000000000000000000000000000000000000000000000000000100000000000000000000000000000000000000000000000000000000000000000000000000000000
54684141,11000000011100110011000110000000000000000000000000000000000000000000000000000000000000000000000000000000000000000000000000000000000000000000000000000000000000000000000000000000001100000000000000000000000000000000000000000000000000000000000000000000000000010000000000000000000000000001111100000000000100000000100000000000000000000000110000001100100000011001100000010000001100101100000010000010110000000000001000000000100110000000011000100101010100100101000000000000101000100000000000000000001000010010001000000000000010001000100000000001000000000110010011001000000010001010000000100010110000001001000110010001100001000010000000001000011000001001010000000000110010001100100100000111000100001000000000000000000011100000100000000000000000000000000000000000000000000000000000000000000100000000000000000000000000000000000000000000000000000000000000000000000000000000000000000000000000000
54697325,11110000011110111011100000000000000000000000000000000000000000000000000000000000000000000000000000000000000000000000000000000000000000000000000000000000000000000000000000000000001100000110000010000001000000000000000000000000000000000000000000000000100000010000000000000000000000000001111000000000000100000000100000000000000000000000111101101100110000011001100000000100001100101100011010000011110000000000001000000000100010000000001010100101010100100101000000000010100000100000000000000000001000010010001000000000000000001000100010000001110011000110110011001000000010010010011100111110110010101001000110110011100001000111000000001000011001111110000000010001110010011101100100000111101111101101111011110010101011101100000001000000000000110100000000000000000110100000000000000000110000001000000000000110100000000000000000110100000000000000000000000000000000000000000000000000000000000
54704426,11100000011110110011110000000000000001000000000000000000000000000000000000000000000000000000000000000000000000000000000000000000000000000000000000000000000000000000000000000000001100000110000010000001000000000000000000000000000000000000000000000000100000010000000000000000000000000001111000000000000100000000100000000000000000000000110101101100110000011001100000000100001100100000011010000011010000000000001000000000100010000000001010100001010100100001000000000010100000100000000000000000001000000010000000000000000010001000100000000001110011100000100011001000000010010010011100111110100010101001000100110010100001000111000000000000001001111110000000010001000010011001100100000111111111101111111011110111101011101000000000000000000000010000000000000000000110000000000000000000110000000000000000000110000000000000000000110000000000000000000000000000000000000000000000000000000000000
56649450,11100000011110111011000110000000010000000000000000000000000000000000000000000000000000000000000000000000000000000000000000000000000000000000000101100010110000000000000000000000001011000000000000000000000000000000000000000000000000000000000000000000000000011110000000000000000000000001111100000100000100000000000000000000000000000000111000101000110000011101111000010100001111111001000110010011110010000001000000001000101011000000001100110101011101110111010000000000100000101111000010101001011100010000101000111001000010011101100000110101101110000110010010011000100010000110000001110010111000001001000110110001100101000010000000001000011010001001011100000010110010001100100000100111000110001000000111000000000011110000000000000000000000000000000000000000000000000000000000000000000000000000000000000000000000000000000000000000000000000000000000000000000000000000000000000000000000000
56841623,00000000000000000011110000001100000000000000000000110000000000000000000000000000000000000000000000000000000000000000000000000000000000000000000000000000000000000000000000000000000000000000000000000000000000000000000000000000000000000000000000000000000000000000000000000000000000000000000000000000000000000000100001000000000000000000000000000000000000000000000000000000000000000000000000000000000000000000000000000000000000000000000000000000000000000000000000000000000000000000000000000000000000000000000000000000000000000000000000000000000000000000000000000000000000000000000000000000000000000000000000000000000000000000000000000000000000000000000000000000000000000000000000000000000000000000000000000000000000000000000000000000000000000000000000000000000000000000000000000000000000000000000000000000000000000000000000000000000000000000000000000000000000000000000000000000000000000
56841934,10000000000000000011000000000000000000000000000000000000001000000000000000000000000000000000000000000000000000000000000000000000000000000000000000000000000000000000000000000000000000000000000000000000000000000000000000000000000000000000000000000000000000000000000000000000000000000000000000000000000000000000100000000000000000000000000000000000000000000000000000000000000000000000000000000000000000000000000000000000000000000000000000000000000000000000000000000000000000000000000000000000000000000000000000000000000000000000000000000000000000000000000000000000000000000000000000000000000000000000000000000000000000000000000000000000000000000000000000000000000000000000000000000000000000000000000000000000000000000000000000000000000000000000000000000000000000000000000000000000000000000000000000000000000000000000000000000000000000000000000000000000000000000000000000000000000000000
56841936,10000000000000000011110000001100000000000000000000010000000000000000000000000000000000000000000000000000000000000000000000000000000000000000000000000000000000000000000000000000000000000000000000000000000000000000000000000000000000000000000000000000000000000000000000000000000000000000000000000000000000000000100011000000000000000000000000000000000000000000000000000000000000000000000000000000000000000000000000000000000000000000000000000000000000000000000000000000000000000000000000000000000000000000000000000000000000000000000000000000000000000000000000000000000000000000000000000000000000000000000000000000000000000000000000000000000000000000000000000000000000000000000000000000000000000000000000000000000000000000000000000000000000000000000000000000000000000000000000000000000000000000000000000000000000000000000000000000000000000000000000000000000000000000000000000000000000000
56843209,11000000011110111011110000000000011000000000000000010000000000000000000000000000000000000000000000000000000000000000000000000000000000000000000100000000000000000000000000000000001100000110000000000000000000000000000000000000000000000000000000000000000000010100000000000000000000000001111000000100000010000000100000000000000000000000100000101000110000011101000000000100001100001100100110000010000000000000001010000010101010100000000100100101111100100101100001110100110100100000010001000000001000010000001000000000000110101000100000011001101100000110010010001000000010000110000000111010110000001001000110010001100101000110000000001000011001101000110000000000110010001100100000000111001101110000000000000000000000000000000000000100000000000000000000000000000000000000000000000000000000000000100000000000000000000000000000000000000000000000000000000000000000000000000000000000000000000
56843331,11110000011111111111111000000000000000000000000000000000000000000000000000000000000000000000000000000000000000000000000000000000000000000000000101100010110000000000000000000000001100000110000011000001100000000000000000000000000000000000000001011000000000011111110000000000000000000001111000000000000100000000100000000000000000000000110110111100111000011001111000000110001111111101111011110110110010011001011000000000101010000000001100110101111101110111110000000010100000101000000000101101101100010011001010100000000010011101100110100001111111100111110010011000100010110111111011111110110000101101100110110111100101110111000000001000011011101111011000010011110110101101100000100111101111111101111111100010100011101010000000000000000000000000000000000000000000100000000000000000010000000000000000000000000000000000000000000100000000000000000000000000000000000000000000000000000000000
56844015,11100010011110110011110000000000000001100000000000000000000000000000000000000000000000000000000000000000000000000000000000000000000000000000000100100000000000000000000000000000001100000000000000000000000000000000000000000000000000000000000000000000000000010000000000000000001010000001111000000010000100000000100000000000000000000000110101000110110000011001100000100100001100100000100010000010110000000000001000000000100010000000001000100001110100100001100000000010100000100000000000000000001001000000010100000000000010001000100010000001110010000000011011001000000010010110000000110110100000011001011100110001100101000110000100001000011001011011011000000000100010001000110110000111110110111010111000000000100011100000000000000000000100000010000000000000000000010000000000000000000000000000000000100000010000000000000000000010000000000000000000000000000000000000000000000000000000000
56959086,11110000011111100011110000000000000000000000000000000000000000000000000000000000000000000000000000000000000000000000000000000000000000000000000100100000000000000000000000000000001111000110000011000001000000000000000000000000000101100000000001001000111100010000000000000000000000000001111000000000000000000000100000000000000000000000111001111100111000011001100000000110001100100000111010000011000000000000011000000000100010000000001000100000110100100000100000000010100000100000100000000000001000000010000000000000000010001000100000000000010011101000100010001000000011110010011000100010100001101011000100011011100001100111100000100011101001011100000000010001100110111011100000000111111100001111000011111111000011111010000000000000000000010000000000000000000110000100000000000000110100100000000000000110100100000000000000110100101000000000000000000000000000000000000000000000000000000
57379345,11110000011110111011000000000000010001000000000000000000000000000000000000000000000000000000000000000000000000000000000000000000000000000000000000000000000000000000000000000000001111000111100010000001000000000000000000000000000000000000000000000000000000011101000000000000000000000001111000000110000100000000000000000000000000000000110100011110111001011101101000100110101111111111011110010110110010000001010000001010101000000000001000110110011001110110010001110000110000101000100000101001001100010010101110110000000010011101100010111100001011110110110010011000100011100010111011100010111001001111100111011011110001110011110000101000111011001101000000010011111110001110100000100111100100001100000011110000000011101010100000000000000000010100000000000000000100000001000100000000010100000000000000000010100000000000000000100000001000100000000000000000000000000000000000000000000000000
57503849,11110000011111000011111000000000000000000000000000000000000000000000000000000000000000000000000000000000000000000000000000000000000000000000000000000000000000000000000000000000001001000100100010010001001000000000000000000000000000000000000000000000000000000000000000000000000000000001101000000000000000000000100000000000000000000000100000010100101100001000000000000011000000100000100000000000000000000000011000000000000000000000000000000000000000000000000000000000000000000000000000000000000000000000000000000000000000000000000000000000000000000000000000000000000100010001000000000010000000000000000000000000001000100000000000000000000001010000000000000000000001110000000000000001110000000110000000001100000000000000000000000000000000000000000000000000000000000000000000000000000000000000000000000000000000000000000000000000000000000000000000000000000000000000000000000000000000000
58460047,11000000011110111011000110000000000001000000000000000000000000000000000000000000000000000000000000000000000000000000000000000000000000000000000100000000000000000000000000000000001100000100000000000000000000000000000000000000000000000000000000000000000000010000000000000000000000000001111100000010000110000000000000000000000000000000110000000110110000011001100000110100001100110000011010000011011000100000010000000000101110000000011000100011011101100111000000000010101100100000100000000000001000000010011100000000000011111000100000000000010111100000101011001000100011101110011000100010100001010011001100011110100100110011100000100000101001001100111000010011100110001010100100001111100000001100000000010000000011100000000000000000000000010010000100000000000000000000000000000000000000000000000000000010010000100000000000000000000000000000000000000000000000000000000000000000000000000
58557659,11100000011110111010000110000000000000000000000000000000000000000000000000000000000000000000000000000000000000000000000000000000000000000000000101100010110001011000000000000000001011000000000000000000000000000000000000000000000000000000000001011000000000011111100000000000000000000001111100000000000100000000000000000000000000000000110100001000110000010001011100010100001111111111000010111111110011011001100000000000101010000000000100110110011001110111010000000000100000101000000000101101101100010001001010100000000010011101100110100000001110000111010010011000100010000110100011000010010000001101100111000001100101000000010000001000010010001001011000000010110000000100000000100001000100000000000000000000000011101000000000000000000000000000000000000000000000000000000000000000000000000000000000000000000000000000000000000000000000000000000000000000000000000000000000000000000000000
66558664,11110000011111111011100000000000000000000000000000000000000000000000000000000000000000000000000000000000000000000000000000000000000000000000000000000000000000000000000000000000001111000110100010000001000000100000000000000000000000000000000000000000000000010100000000000000000000000001111000000000000100000000000000000000000000000000110000101000111000011001100000000110001100101100000010000011110000000000010000000000100010000000001000100101010100100101000000000000100000100000000000000000001001010000001000000000000010001000100010000001000010000110010011001000000010100010000000111010110000001101010110010001100001110010000100001000011001101001011000000000110110001100100110000111100111001000100011000000100011101100000000000000000000100100000000000000000100100000000000000000100000000000000000000100100000000000000000100100000000000000000000000000000000000000000000000000000000000
66860907,11100000011110110000000000000000010001000000000000000000000000000000000000000000000000000000000000000000000000000000000000000000000000000000000000000000000000000000000000000000001111000110000010000000000000000000000000000000000000000000000000000000000000010100000000000000000000000001110000000100000100000000000000000000000000000000110000001000110000010101100000000100001100101100000110000011110000000000000000001000100000000000001000100100010000100100000000000000100000100000000000000000001000010000101000010000000010001000100010011100000010000110010010001000000010000110000000100010111000001001000110010001100101000010000000001000011000001001000000000000111010001100100000000111000100001000000001000000000011100001000000000000000000100000000000000000000001000000000100000000001000000000000000000100000000000000000000001000000000100000000000000000000000000000000000000000000000000
67171867,11100000011110111011000000000000000001000000000000000000000000000000000000000000000000000000000000000000000000000000000000000000000000000000000101100010110000000000000000000000001100000000000000000000000000000000000000000000000000000000000000000000000000011111000000000000000000000001111000000010000110000000100000000000000000000000110000111110111000011001111000100110001111101000000010010010111010110000001000000000101110100000011100110101011101110101010000000100101100100000010000000000001101111000011100000000000110001111100110100001101110000110111011011000000010101111011010110010110000011101011111010001100101001111010100001000011001001101111000000001110010001101100110001111101111001001110011000010010011100100000000000000000000000010000000000000000000010000000000000000100000000000000000000000010000000000000000000010000000000000000000000000000000000000000000000000000000000
67462786,11100000011110111011000000000000000000000000000000000000000000000000000000000000000000000000000000000000000000000000000000000000000000000000000101100000000000000000000000000000001111000110000010000000000000000000000000000000000000000000000000000000101100011111110000000000000000000001111000000000000110000000000000000000000000000000110000101100110000011001111000000110001111101100011010110011110010000001010000000000101000100000001100110100011001110100010000000000100100101000110000100100001100011011001000100000000110001101100010100000001111100111110010011000000011000110011111100010110001001111000111011011100101001011010000101000011001111101100000011101110010001110100000000111100100000111000000001111000010000000000000000000100000000000101000000100000000000000000000100000000000000000000100000000000101000000100000000000000000000100000000000000000000000000000000000000000000000
67505836,11110000011111111111100110000000000000000000000000000000000000000000000000000000000000000000000000000000000000000001100000000000000000000000000111100011110001011000101100010000001111000110000011000001000000000000000000000000000000000000000001111000000000011111110000000000000000000001111100000000000100000000000000000000000000000000111100101000110000011001111100010110001111111101100010110111110010011001010000000000101010000000001100110111011101110111110000000000100000101000000000101101101100010001001010100000000010011101100110100001101110000111010010011001100010000110100010110010110000001001100110110001100101000010000000001000011010001001011000000010110010001100100000100111000100001000000011000000000011111100100000000000000000100100000000000000000100000000000000100000100100000000000000000100100000000000000000100000000000000100000100100000000000000000100000000000000000000
67517580,11110000011110111011100000000000010001100000000000000000000000000000000000000000000000000000000000000000000000000000000000000000000000000000000101100000000000000000000000000000001111000110000010000000000000000000000000000000000000000000000000000000000000011101000000000000000000000001111000000100000100000100100000000000000000000000110010001100111000011101101000000110001111111111011110010111110010000001010000000010101000000000001000110110011001110110010001110000110000101000100000111001001100010010001010100000000010011101100000111000001011100110110010011000100011100010111011100010110001001111100111011011100001110011110000101100111011001101000000010011110110001110100000100111101100000100000000000000000000000000000001000000000000000000000000100000000000000000000000000000000000001000000000000000000000000100000000000000000000000000000000000000000000000000000000000000000000000
67683363,11110000011111111111110000000000000000000000000000000000000000000000000000000000000000000000000000000000000000000000000000000000000000000000000101100010110001011000101100000000001101000110000011000001100000100000000000000000000000000000000001011000110100011111110000000000000000000001111000000000000100000000000000000000000000000000110100101100111000011001111100000110001111111101111011110111110010011001010000000000101010000000001100110111011101110111110000000000100000101000100000101101101100010011001010100000000010011101100110100001101111100111110010011001100011000110111010110010110001001011110110111011100101100011100000101000111011101101011000010011110010001110100000100111101110001101100011110011100011101110100000000000000000110100000000000000000110100000000000100000110100000000000000000110100000000000000000110100000000000100000000000000000000000000000000000000000000000
70519829,11100000011110100000000000000000000001000000000000000000000000000000000000000000000000000000000000000000000000000000000000000000000000000000000000000000000000000000000000000000001100000000000000000000000000000000000000000000000000000000000000000000000000010000000000000000000000000001110000000000000000000000000000000000000000000000100000001000110000010001000000000100001100101100000010000011000000000000000000000000100000000000000000100100010000100100000000000000100000100000000000000000001000010000001000000000000010001000100000000000000010000110010010001000000010000010000000100010110000001001000110010001100001000010000000001000011000001000000000000000110010001100100000000111000100001000000010000000000000000000000000000000000000000000000000000000000000000000000000000000000000000000000000000000000000000000000000000000000000000000000000000000000000000000000000000000000000000
71009737,11000000011100110011100100000010000000000000000000000000000000000000000000000000000000000000000000000000000000000000000000000000000000000000000101100010110000000000000000000000001100000000000000000000000000000000000000000000000101100000000000000000000000011100000000000000000000000001110100000000000000000000100000100000000000000000110000101000110000010001111000001100001111011001000010010111000011000001000000010000101100000100011100110100011001110110010010000000101000101000000000101101001100010001001010100000000010011101100000000000001110000111010010001000100010001110100000100010110000001001100100010001100101000010000000001000011010001000000000000010110010001100100000101111000100001000000011000000000011100100000000000000000000000000000000000000000000000000000000000000100000000000000000000000000000000000000000000000000000000000000000000000000000000000000000000000000000000
71306830,11110000011111000011111000000000000000000000000000000000000000000000000000000000000000000000000000000000000000000000000000000000000000000000000000000000000000000000000000000000001001000100100000000000000000000000000000000000000000000000000000000000000000000000000000000000000000000001101000000000000000000000100000000000000000000000100000010100101100001000000000000011000000100000100000000000000000000000011000000000000000000000000000000000000000000000000000000000000000000000000000000000000000000000000000000000000000000000000000000000000000000000000000000000000100010001000000000010000000000000000000000000001000100000000000000000000001010000000000000000000001110000000000000001110000000110000000001100000000000000000000000000000000000000000000000000000000000000000000000000000000000000000000000000000000000000000000000000000000000000000000000000000000000000000000000000000000000
71481097,11000000011110111010000111000000000000000000000000000000000000000000000000000000000000000000000000000000000000000000000000000000000000000000000101100000000000000000000000000000001111000100000000000000000000000000000000000000000000000000000000000000000000011111000000000000000000000001111100000000000110000000000000000000000000000000110000000000110000011001101100010100001111011011000010010110011010100001000000000000101010100000001000110011011101110111010000000000100100101000010000101111001100011001001010100010000111111110100000100000001110000011010011011000100010000110100011100010100000001001100100010001100101000010000000001000011010001001100000000010100010001000100011100111000100001000000001000000000011100000000000000000000000100000000000000000000000000000000000000000000000000000000000000100000000000000000000000000000000000000000000000000000000000000000000000000000000000
71491931,11110000011111111011110111000000000000000000001100000000000000000000000000000000000000000000000000000000000000000000000000000000010110001011000000000000000000000000000000000000001111000111100011000001100000100000000000000000000000000000000000000000000000010101010000000000000000000001111100000000001100000000100000000000000000000000110001101100110000111001100000001100001100001100100010000011110000000000001000000000100010000000001000100101110100100101100000000000100000100000000000000000001001010000001000000000000010001000100010000001000010000110010011001000000010100010010001111010110000001101010110010001100001000111000110001000011001001001011000000000110110001101100111000111100110001100100001000000100011100000000000000000000000000000000000000000000000100000000000000000000000000000000000000000000000000000000000000100000000000000000000000000000000000000000000000000000000000
71492247,11110000011111111111110000000011000000000000000000000000000000000000000000000000000000000000000000000000000000000000000000000000000000000000000101100010110000000000000000000000001111000111100010000001000000000000000000000000000000000000000001011000000000011111111000000000000000000001111000001000000100001000100000100000000000000000100000111100111000011001011100000110001101111111111010111111010011000001011100010000101010000100000100100110111100110110110010000000100000101000000000101101001100010011000010100000000010011101100010100001101011100101110011011000100010100110111000100010110000000101100101010010100101110011010000001000001011001101000000010011110110001001100110100111100000000100000000000000000000000000000000000000000000000000000000000000000000000000000000000000000000000000000000000000000000000000000000000000000000000000000000000000000000000000000000000000000000000
71494926,11110000011111111011110110000000000000000000000000000000000000000000000000000000000000000000000000000000000000000001100000000000000000000000000100100000000000000000000000000000001111000110000011000001100000100000000000000000000000000000000001001000100000011101010000000000000000000001111100000000000100000000100000000000000000000000111000001100110000011001111000010100001100111111111010010010110010000001011000000000101010000000001110100111111101100111110000000000100000101000100000101001001001010010001000100000000010011001100010100001001111101110110011011000100111010010011011111010110011101011110110011011101001000111000110101010011011101101010100011011110011101111100111100111100110001101110111110011110111111010100000000000000000110000001000000000000010100100000000000000010100000000000000000110000001000000000000010100100000000000000000000000000000000000000000000000000000000
71584930,11100000011110111011000100000000000000000001000000000000000000000000000000000000000000000000000000000000000000000000000000000000000000000000000000000000000000000000000000000000001111000110000010000001000000000000000000000000000000000000000000000000100000011101000000000000000000000001111100000000010100000000000000000000000000011010110000001000110000011001101000001100001111111111000010010011110010000001000000000000101010000000001000110111011101110111010000000000100000101000000000101001001100010000001000100100000010011101100010100001001110000110010011111000100010000010000001110010110000001101010111010001100001000010010000001000011010001001011000000010110010001100101110110111000110001000100110000000100111100000000000000000001000000100000000000000000000001000000000000000000000000000000001000000100000000000000000000001000000000000000000000000000000000000000000000000000000000
71586738,11110000011111111111110111000000010000000000000000000000000000000000000000000000000000000000000000000000000000000000000000000000000000000000000101100010110000000000000000000000001111000111100010110001011000101100011000001100000000000000000001011000000000011111111000000000000000000001111100000000000100000000100000000000000000000000110100111100111000011001111000001110001111011111100010010011110010000001010010000000101010000000001100110110011001110111110000110100100000101000000000101001001100010001001000100000000010011101100010100000001110000111110010011000100010100110011011100010110000001111000110011001100111010011000000001000011011001101011100000011110110001110100000100111101100001101000011110001000011101000000000000000000000000000000000000000000000000000000000000000000000000000000000000000000000000000000000000000000000000000000000000000000000000000000000000000000000000
71657455,11100000011110111011000110000000000001000000000000000000000000000000000000000000000000000000000000000000000000000000000000000000011000000000000101100000000000000000000000000000001111000101100010000000000000000000000000000000000000000000000000000000000000011111000000000000000000000001111100000010000100000000000000000000000000000000110000101010110000011001101000111100001111011111000010010011110010000001000000000000101110000000011000110111011101110111010000000000101000101000000000101001001100010001011100100000000010011101100010100001101110000111011010011000100010001110000011110010110000011001111110110001100101000010000000001000011010001001011100000010110010001100100000101111000111001000101110000000100011100000000000000000000000000000000000000000000000010000000000000000000000000000000000000000000000000000000000000010000000000000000000000000000000000000000000000000000000000
71731823,11100000011110111011000100000000000000000000000000000000000000000000000000000000000000000000000000000000000000000000000000000000000000000000000101100000000000000000000000000000001111000100000000000000000000000000000000000000000000000000000000000000000000011111000000000000000000000001111100000000000110000000000000000000000000000000110000011100111000011001111000001110001111111011011010010011010010000001010000000000101110100000011100110111011101110111010000000100101100101000110000101001001101011110000000100000000110001101100000100001001111110100110011011000100011101110011011110010110001001111010111011011100101111011110100101000111001001100111000010011110110001110100110101111101110101101100010100011100011101000000000000000000000000000000000000000000100000000000000000000000000000000000000000000000000000000000000100000000000000000000000000000000000000000000000000000000000000
72722243,11110000011111111011110110000000000000000000000000000000000000000000000000000000000000000000000000000000000000000001100000000000000000000000000101100010010000000000000000000000001100000110000011000001100000100000000000000000000000000000000001011000100000011111010000000000000000000001111100000000000100000000100000000000000000000000111000011100111000011001111000011110001100101100111011110011110011000001011000000000101010000000001110100101011101100101010000000000100000101000100000100000001001010010001000100000000010001101100010100001001111101110110011011000000111110011011011111010110011101011010110011011101001000111000110101010011001101101010000011001110111111111100111000111100110001101110111110011110111111010100000000000100000110100001000000000000010100100000000000000010100000000000100000110100001000000000000010100100000000000000000000000000000000000000000000000000000000
72941614,00000000000000000011110000111100000000000000000000010000000000000000000000000000000000000000000000000000000000000000000000000000000000000000000000000000000000000000000000000000000000000000000000000000000000000000000000000000000000000000000000000000000000000000000000000000000000000000000000000000000000000000100000000000000000000000000000000000000000000000000000000000000000000000000000000000000000000000000000000000000000000000000000000000000000000000000000000000000000000000000000000000000000000000000000000000000000000000000000000000000000000000000000000000000000000000000000000000000000000000000000000000000000000000000000000000000000000000000000000000000000000000000000000000000000000000000000000000000000000000000000000000000000000000000000000000000000000000000000000000000000000000000000000000000000000000000000000000000000000000000000000000000000000000000000000000000000000
76970819,11110000011111111111110000000000000000000000000000000000000000000000000000000000000000000000000000000000000000000000000000000000000000000000000000000000000000000000000000000000001111000111100010110001011000101100000000000000000000000000000000000000000000011111010000000000000000000001111000000000000100000000100000000000000000000000100000101100111000011001011000000110001100111111111010010011110010000001011000000000101010000000000100100111111100100111110000000000100000101000100000101101001001110011001000100000000010011001100010000001101111110111110011001000100011100110011001101010110001001111100110111011100101110011000010101000011011101101000000011011110110001111100111100111100100000101000000000011000000000000000000000000100000000000001000000000000000000001000000000000000000000000000100000000000001000000000000000000001000000000000000000000000000000000000000000000000000000
78131177,11110000011111111111110000000000011001110000000000000000000000000000000000000000000000000000000000000000000000000000000000000000000000000000000000000000000000000000000000000000001111000111100011000001100000100000000000000000000000000000000000000000101100010101010000000000000000000001111000000110000100000100000000000000000000000000110100000010111000011101100000100110001100110000000110000011110000000000010000000010100010000000001000100000010000100001000001110000110000100000000000010000001000000000010100000000000010001000100010011000000010000000011010001000100010110010000000100010100000011001001100010001100001110010000000001000011010001001011000000010100110101000100000000111000100001000000011000000000011101000010000000000000000001010000000000000100100010000000000000000000010000000000000000001010000000000000100100010000000000000000000000000000000000000000000000000000000000
78357807,11110000011110111011100000000000010000000000000000000000000000000000000000000000000000000000000000000000000000000000000000000000000000000000000101100000000000000000000000000000001111000110000010000000000000000000000000000000000000000000000001011000000000011111110000000000000000000001111000000100000100000000100000000000000000000000110000001100110000011001111000000110101111111101011011110111110011000001010010000010101010000000001100110101011101110111010001110000100000101000100000101001001100010010001010100000000010011101100000100000001111110111110011011000100011100110111011100010110001001111100111011011100101010011010000101000011011101101010000011011110110001110100010100111101100001101000011000011000011101000000001000000100000000000001000000100000000100001000000100000000000001000000100000000000001000000100000000100001000000100000000000000000000000000000000000000000000000
86278134,11110000011111000011111000000000000000000000000000000000000000000000000000000000000000000000000000000000000000000000000000000000000000000000000000000000000000000000000000000000001001000100100010010001001000100100000000000000000000000000000000000000000000000000000000000000000000000001101000000000000000000000100000000000000000000000100000010100101100001000000000000011000000000000100000000000000000000000011000000000000000000000000000000000000000000000000000000000000000000000000000000000000000000000000000000000000000000000000000000000000000000000000000000000000100010001000000000010000000000000000000000000001000100100000000000000000001010000000000000000000001110000000000000001110000000110000000001100000000000000000000000000000000000000000000000000000000000000000000000000000000000000000000000000000000000000000000000000000000000000000000000000000000000000000000000000000000000
86346053,11110000011110100011100000000000010000000000000000000000000000000000000000000000000000000000000000000000000000000000000000000000000000000000000110000000000000000000000000000000001100000110000000000000000000000000000000000000000110000000000001100000110000000000000000000000000000000001111000000100000100000000100000000000000000000000111100111100111001011100000000000110100000100000100000000000010000000000011000001000100010000000000010100000110100100000100000000000000000000000000000000000001000000000000000010000000010000000000010000001000000000000000000001000000000000001000000010010001000001000000000000000000000100100000000000000000001101101000000000000001000000000000000000001110110101101110011110001110011111000000000000000000000000000000000000000000000000000000000000000100000000000100000000100000001000000000000100000010000000000000000000000000000000000100000000000000000000
86707828,11110000011111111011100110000000010000000000000000000000000000000000000000000000000000000000000000000000000000000000000000000000000000000000000101100000000000000000000000000000001111000110000011000001100000100000000000000000000000000000000001011000100000011111110000000000000000000001111100000100000110000000100000000000000000000000110000111100111000011101111100001110001101111011011111011110010010000001010010000010101010100000001110100110011100110110010001110000110100101000110001101011001101011010000010100000000111011101100000111001001011100100110011011000100011100010111010110110110001001111110111011011100001111011110101101000111011001110100000010011110110001110100110100111100110001101100011110001100011100011000000000000000000000000000000000000000010000000000000000000011000000000000000000000000000000000000000010000000000000000000000000000000000000000000000000000000000000
91618104,11100000011110111011000000000000000001000000000000000000000000000000000000000000000000000000000000000000000000000000000000000000000000000000000111100010000000000000000000000000001100000110000000000000000000000000000000000000000000000000000001100000000000011101000000000000000000000001111000000000000101000000100000000000000000000000110000111100111000011001101100000110001100110001011010000110110110000001011000000000101110010000011000100011011100100011011000000000101000101000100000001001001001000010000010100000001010011000100010100001001011100000110011011000100011101011111010110010100001001011110100011011100001100011100100101000111001001101010100010011100110001010100110001111100110001111110011101110110011101010000000000000000000100000000000000000000110000000000000000000010000000000000000000100000000000000000000110000000000000000000000100000000000000000100100000000000000000
92329579,11110000011110000011110000000000000000000000000000000000000000000000000000000000000000000000000000000000000000000000000000000000000000000000000100100000000000000000000000000000000000000000000000000000000000000000000000000000000000000000000000000000000000000000000000000000000000000001101000000000000000000000100000000000000000000000100000010100101000001000000000000010000000100000100000000000000000000000011000000000000010000000000000000000100100000000100000000000000000000000000000000000000000000000000000000000000000000000000000000001000000000000000000000000000000010001000000010010000000000000000000000000000000100000000000000000000001010000000000000000000000110000000000000001110010001110100010101100100000000000000000000000000000000000000000000000000000000000000000000000000000000000000000000000000000000000000000000000000000000000000000000000000000000000000000000000000000000
101418447,00000000000000000000000000000010000000000000000000000000000000000000000000000000000000000000000000000000000000000000000000000000000000000000000000000000000000000000000000000000000000000000000000000000000000000000000000000000000000000000000000000000000000000000000000000000000000000000000000001000000000000000000000000000000000000000000000000000000000000000000000000000000000000000000000000000000000000000000000000000000000000000000000000000000000000000000000000000000000000000000000000000000000000000000000000000000000000000000000000000000000000000000000000000000000000000000000000000000000000000000000000000000000000000000000000000000000000000000000000000000000000000000000000000000000000000000000000000000000000000000000000000000000000000000000000000000000000000000000000000000000000000000000000000000000000000000000000000000000000000000000000000000000000000000000000000000000000
102601050,11100000011110000011000000000000000000000000000000000000000000000000000000000000000000000000000000000000000000000000000000000000011000000000000000000000000000000000000000000000000000000000000000000000000000000000000000000000000000000000000001000000000000000000000000000000000000000001101000000000000000000000000000000000000000000000111100010100101000001000000000000010000000100000100000000000000000000000010000000000100010000000001000100000110100100000100000000000000000000000000000000000001000000000000000000000000000000000100000000000000000000000000000001000000000000000010000000010000000000010000100000000000000100001000000000000000001001000000000000000000010000010000000000011100000001100000011110000000011111000000000000000000000000000000000000000000000000000000000000000000000000000000000000000000000000000000000000000000000000000000000000000000000000000000000000000000000000
118023034,11100000011110111100000100000000000000000000000000000000000000000000000000000000000000000000000000000000000000000000000000000000000000000000000101100010110000000000000000000000001111000101100010110001000000000000000000000000000000000000000001011000000000011111111000000000000000000001110100000000000110000000000000000000000000000000110010001000110000010001111000001100001111111111000010110111010010000001000000000000101000100000001100110110011001110110010000000000100100101000010000101111001100011001001010100000000111011101100000100000001110000111010010011000100010000110100011100010110000001101100111010001100101001010010000001000011010001001100000000010110010001100100000100111000100001000000011000000000011101000000000000000000000000000000000000000000000000000000000000000000000000000000000000000000000000000000000000000000000000000000000000000000000000000000000000000000000000
118988661,11100000011110100011111000110000011000000000000000100000000000000000000000000000000000000000000000000000000000000000000000000000000000000000000000000000000000000000000000000000001111000110000010000000000000000000000000000000000000000000000000000000000000011101000000000000000000000001111000000000000000000000101000000000000000000000110101001100110000011001111000000100001111001000111010010010000010000001001000000000101010000000001100110100111101110100110000110010100000101000000000100000001100010010001000100000000010001101100000100001011111100110110010011000000010010010011011110110110000001001000110010011100001000111000000001000011001011110000000010001110010011100100000000111110110111110011011110000000011101010000000000000000000000000000000000000000000000000000000000000010000000000000000000000000000000000000000000000000000000000000000000000000000000000000000000000000000000
121494085,11110000011100000011111000000000011110000000000000010000000000000000000000000000000000000000000000000000000000000000000000000000000000000000000100100000000000000000000000000000001001000000000000000000000000000000000000000000000000000000000000000000000000000000000000000000000000000001101000000000000000000000100010000000000000000000100000010100101100001000000000000011000000000000100000000000000000000000010000000000000000000000000000000000000000000000000000110000000000000000000000000000000000000000000000000000000000000000000000000000000000000000000000000000000100010000000000000010000000000000000000000000001000100000000000000000000001010000000000000000000001100000000000000001110000000110000000001100000000000000000000000000000000000000000000000000000000000000000000000000000000000000000000000000000000000000000000000000000000000000000000000000000000000000000000000000000000000
122201352,11100000011110111011000100000000000001100000000000000000000000000000000000000000000000000000000000000000000000000000000000000000000000000000000101100000000000000000000000000000001111000111100010000001000000000000000000000000000000000000000001011000101100011111111000000000000000000001111100000000000110000000100000000000000000000000110000001000110000011001111000001100001111111101000011110110110010000001000000000000101010100000001100110101011101110111010000000000100100101000010000101111001101010001001010100000000111011101100010100001001110000111010011011000100010000110100011110010110000001001110110010001100101001010000100001000011010001000101000000010110010001100100110100111000110001000100011000000100011100100100000000000000000100000000000000000000000100000000000000000100100000000000000000100000000000000000000000100000000000000000000000000000000000000000000000000000000000
124081896,11100000011110110011100110000000010000000000000000000000000000000000000000000000000000000000000000000000000000000000000000000000000000000000000000000000000000000000000000000000001111000111100010000001000000100000010010000000000000000000000000000000101100010100000000000000000000000001111100000100000010000000000000000000000000000000110000101100111001011101100000001111101100110000100110000011000000000000010000001000100010000000001010100101010101100101100000000010100000100000100000000000001000000010101000010000000111001000100000011000110010000000010011001000100110100110000000100010101000001001000100110101101101110010000000001000011010001100011100000010101111001000100111000111000100001000000011000000000011101000000000000000000000000000000000000000000101000000000000000000000000000000000000000000000000000000000000101000000000000000000000000000000000000000000000000000000000000
129073603,11110000011110111111000100000000000000000000000000000000000000000000000000000000000000000000000000000000000000000000000000000000000000000000000101100010110000000000000000000000001111000101100010000000000000000000000000000000000000000000000000000000000000011111111000000000000000000001111100000000000110000000000000000000000000000000110101101100110000011001111100001110001111111011000010010110111010110001010000000000101010100000001100110111011101110111010000000010100100101000010000101011001100011000001010100000000111011111100110100001011110000110010010011000100010100010100011110010110000001101100111010101100001011010010000001000011111001001111000000010110110001100100000100111100110001101100000000010100011100000000000000000000000000000000000000000000000000000000000000000110000000000000000000000000000000000000000000000000000000000000000000000000000000000000000000000000000000
129630617,11000000011100110011110000100000000000000000000000001000000000000000000000000000000000000000000000000000000000000000000000000000000000000000000000000000000000000000000000000000000000000000000000000000000000000000000000000000000000000000000000000000000000000000000000000000000000000001111000000000000000000000100000000000000000000000000000000000110000011000000000000100000000000000100000000011000000000000001000000000000010000000000000000000100100000000100000000000000000000000000000000000000000000000000000000000000000000000000000000000100010000000000000000000000000100100000000000000000000000000000000100000000100000000000000000000000000000000000000000000100100000000000000000000000000000000000000000000000000000000000000000000000000000000000000000000000000000000000000000000000000000000000000000000000000000000000000000000000000000000000000000000000000000000000000000000000000000
129893883,11110000011111110011100000000000000001000000000000000000000000000000000000000000000000000000000000000000000000000000000000000000000000000000000101100010000000000000000000000000001100000110000011000001000000000000000000000000000000000000000001011000000000010101000000000000000000000001110000000000000000000000100000000000000000000000111000001000100000010001100000000100001100101100000010000011000000000000000000000000101000000000001100100100011000100100010000000000100000100000000000000000001000010000001000000000000010001000100000000000001110000110010010011000000010000010000000100010110000001001000110010001100001000010000000001000011000001000000000000000110010001100100000000111000100001000000011000000000011111000000000000000000000000000000000000000000000100000000000000000000000000000000000000000000000000000000000000100000000000000000000000000000000000000000000000000000000000
131750926,11110000011111000011111000000011000000000000000000000000000000000000000000000000000000000000000000000000000000000000000000000000000000000000000000000000000000000000000000000000001001000100100010010001001000100100000000000000000000000000000000000000100100000000000000000000000000000001101000001000000000000000100000100000000100000000100000010100101110001000000000000011000000100000100000000000000000000000011100000000000010000000000000000000100100000000100000000010000000000000000000000000000000000000000000000000000000000000000000000001010000000000000000000000000100010001000000010110000000000000000000000100001000100100000000000000000001010010000000000000000001110000000000000001110010101110110000101100010000000000000000000000000000000000000000000000000000000000000000000000000000000000000000000000000000000000000000000000000000000000000000000000000000000000000000000000000000000
131751496,11000000011000100010000000000011000000000000000000000000000000000000000000000000000000000000000000000000000000000000000000000000000000000000000101100000000000000000000000000000000000000000000000000000000000000000000000000000000000000000000000000000000000000000000000000000000000000001111000001000000000000000000000000000000100000000100000000000110010011000000000000100000000000000000000000011000000000000000000000000000010000000000000000001000100000001000000000000000000000000000000000000000000000000000000000000000000000000000000000001000010000000000000000000000000000000000000010000000000001000000000000000000001000000000000000000000000000000011000000000100000000000000000000000000001000000000000000000000000000000000000000000000000000000000000000000000000000000000000000000000000000000000000000000000000000000000000000000000000000000000000000000000000000000000000000000000000000
133126842,11000000011000000011100000100000000000000000000000000000000000000000000000000000000000000000000000000000000000000000000000000000000000000000000000000000000000000000000000000000001001000000000000000000000000000000000000000000000000000000000000000000000000000000000000000000000000000001101000000000000000000000100000000000000000000000100000010100101100001000000000000011000000000000100000000000000000000000011000000000000010000000000000000000100100000000100000000010000000000000000000000000000000000000000000000000000000000000000000000001010000000000000000000000000100010001000000010110000000000000000000000100000000100100000000000000000001010010000000000000000001110000000000000001110010100110110000000100010000000000000000000000000000000000000000000000000000000000000000000000000000000000000000000000000000000000000000000000000000000000000000000000000000000000000000000000000000000
134159056,11110000011110000011111000000000000000000000000000000000000000000000000000000000000000000000000000000000000000000000000000000000000000000000000000000000000000000000000000000000001001000100100010010000000000000000000000000000000000000000000000000000000000000000000000000000000000000001101000000000000000000000100000000000000000000000100000010100101100001000000000000011000000100000100000000000000000000000011000000000000000000000000000000000000000000000000000000000000000000000000000000000000000000000000000000000000000000000000000000000000000000000000000000000000100010001000000000010000000000000000000000000001000100100000000000000000001010000000000000000000001110000000000000001110000000110000000001100000000000000000000000000000000000000000000000000000000000000000000000000000000000000000000000000000000000000000000000000000000000000000000000000000000000000000000000000000000000
134436906,11100000011110111011000000000000000000000000000000000000000000000000000000000000000000000000000000000000000000000000000000000000010110000000000101100000000000000000000000000000001011000101100010110001011000101100000000000000000000000000000001011000000000011111111000000000000000000001111000000000000010000000100000000000000000000000110001101100111000011001111000000110001111111111011010110011000010000001011000000000101100100000011100110110011001110110010000000100101100101000110000101001001100011110001000100000000110011101100000100000001111110110110010011000100011111110011011100010110001001111100111011011100101111011110000101000111011001100100000010011110110111110100000101111101100001101000011110010000011101000000000000000000000000000000000000000000000000000000000000000000000000000000000000000000000000000000000000000000000000000000000000000000000000000000000000000000000000
135350084,11110000011111111011100100000000000000000000000000000000000000000000000000000000000000000000000000000000000000000000000000000000000000000000000100100000000000000000000000000000001111000111100011000001000000100000000000000000000000000000000001001000101100011111010000000000000000000001111100000000000100000000000000000000000000000000110100001100111000011001111000001111001111101100111011110010110010000001010000000000101010000000001100110101011101110101010000000100100000101000100000100000001100010110001000100000000010001101100010100000101111111110110010011000000111110110011011100010110001001011000110111011101101110011100000101010111001101101011000011001110111101110100000000111111100001111000010111111000011100010000001000000000000010000001000000000000000100101000000000000010000001000000000000010000001000000000000000100101000000000000000000000000000000000000000000000000000000
135398508,11000000011100111011000000000000000000000000000000000000000000000000000000000000000000000000000000000000000000000000000000000000000000000000000111100010000000000000000000000000001000000000000000000000000000000000000000000000000000000000000001000000000000011000000000000000000000000001111000000000000100000000100000000000000000000000110100111100111000011001011000000110000001011011000000010111110011000001001000000000101010000000001100000111011100110111010000000000100000001000000000101101001101110001000010100000000000010101000000000001101010000101010001001000100000000101100000001010010000001100100100100000000101000100000010001000000011111100000100000010110000000000000001100001101100000101000000000011000011100000000000000000000000000000000000000000000000000000000000000000000000000000000000000000000000000000000000000000000000000000000000100001000000000000010000000000000000000
135398513,11000000011100111011000000000000000000000000000000000000000000000000000000000000000000000000000000000000000000000000000000000000000000000000000101100000000000000000000000000000001000000000000000000000000000000000000000000000000000000000000001000000000000011000000000000000000000000001111000000000000100000000100000000000000000000000100000001000101000011001011000000110000001011011000000010111110011000001011000000000101010000000000100000111011100010111010000000000100000001000000000101101000101110001000010100000000000010101000000000001101010000101010001000000100000010101100000001000010000000100100000100000000111000000000010001000000010000000000100000010010000110000000001100000000000000000000000000000000000000000000000000000000000000000000000000000000000000000000000000000000000000000000000000000000000000000000000000000000000000000000000000000000000000000000000000000000000000
135398739,11000000011100111011000000000000000000000000000000000000000000000000000000000000000000000000000000000000000000000000000000000000000000000000000101100010010000000000000000000000001000000000000000000000000000000000000000000000000000000000000001000000000000011000000000000000000000000001111000000000000100000000100000000000000000000000100000011100111000011001011000000110000001011011000000010111110011000001011000000000101010000000000100000111011100010111010000000000100000001000000000101101000101110001000010100000000000010101000010000001101010000101010001000000100000010101100000001010010000001100100000100000000111100100000010001000000011000000001000000010110000110000000001100000101100000011000000000010000000000000000000000000000000000000000000000000000000000000000000000000000000000000000000000000000000000000000000000000000000000000000000000000000000000000000000000000000000000
135401907,10000000011000111010000000000000000000000000000000000000000000000000000000000000000000000000000000000000000000000000000000000000000000000000000101100000000000000000000000000000001000000000000000000000000000000000000000000000000000000000000001000000000000011000000000000000000000000001111000000000000110000000000000000000000000000000110000000000110000011001101000000100001011011011000010010010111000110000000000000000101010100000001000010011011101110111010000000000100100000000010000000011100001001000000000000000000101010011000110100001001010000100010001010000000000000000000010001000000000000100100001000000000001001000010010001000000000000000101000000000000000000000000011000000000000000000000000000000000000000000000000000000000000000000000000000000000000000000000000000000000000000000000000000000000000000000000000000000000000000000000000000000000000000000000000000000000000000
135413536,11100000011110111011000111000000000000000000000000000000000000000000000000000000000000000000000000000000000000000000000000000000000000000000000100000000000000000000000000000000001111000110000010000000000000000000000000000000000000000000000000000000000000010100000000000000000000000001111100000000000110000000000000000000000000000000110000111100111100011001100000011111001100110000100010000011111000100000010000000000101010000000001000100010011000100011000000000000100100100000000000000000001000000000000000000000000011111000100000000000000110000000110010001000100110100110011000100010100000001011000100011001101101110011000000001000011101001101110000000011100111001010100000000111100100001100000011100000000011100000000000000000000000100000000000000000000000000000000000000000000000000000000000000100000000000000000000000000000000000000000000000000000000000000000000000000000000000
135436510,11100000011110111011110000100000011000000000000000000000000000000000000000000000000000000000000000000000000000000000000000000000000000000000000000000000000000000000000000000000001100000110000011000001100000000000000000000000000000000000000000000000110000010101010000000000000000000001111000000100000111000000100000000000000000000000110000001100100000011101100000000000001100001100011111000000010100000100001010000010100000110000001000100100010000100100001101110000110000100000000001000000001000000010001000000000001010001000100000011100000001010111110010001010000010100110011000100010100100101001000110010011100000000111000000000100011001101100000000011001000010001101100000000111101100001100000010110000000011101001100000000000100000011100010000100000000110100001000100100000001100000000000100000011100010000100000000110100001000100100000000000000000000000000000000000000000000000
135436515,11000000011110110011110000100000011000000000000000000000000000000000000000000000000000000000000000000000000000000000000000000000000000000000000101100010000000000000000000000000001100000110000000000000000000000000000000000000000000000000000001011000000000011111010000000000000000000001111000000100000100000000100000000000000000000000110000001100100000011101111000000000001100001100011111110010110010011001001010000010101010000000001110100100011100100100010001110100110000101000000001100000001001010110001000100000000010001001100100111001001101010110110011011000000010100010011011111010110100101001010110010011100001000111000110001000011001101101000000011001110110001101100111000111100110101100100011110000100011100000000000000100000000001000000000000000000000100000000000000000000000000000100000000001000000000000000000000100000000000000000000000000000000000000000000000000000000000
135449331,11110000011110111011100000000000000000000000000000000000000000000000000000000000000000000000000000000000000000000000000000000000000000000000000100000000000000000000000000000000001100000110000011000000000000000000000000000000000000000000000000000000000000010101000000000000000000000001111000000000000110000000100000000000000000000000110000001100111000011001100000000110001100101100111010000010011000100000001000000000100010100000001000100101110100100101100000000000100000100000010000000000001001010010001000000000000110101010100010000001100001010110110011001000000010100111011000110010110100101001010110010011100101000111000100001000011001001101010000010001110010001101100111000111100110001100100011110000100011101000100000000000000000100100000000000000000110000001000000000000000100000000000000000100100000000000000000110000001000000000000000000000000000000000000000000000000000000
135476717,11110000011111111011100000000000010000000000000000000000000000000000000000000000000000000000000000000000000000000000000000000000000000000000000101100000000000000000000000000000001111000110000011000001000000000000000000000000000000000000000001011000000000011111010000000000000000000001111000000100000100000000100000000000000000000000110000001000110001011101111000000110101100101100110011110011110010011001011010000010101010000000001100100101111100100101110001110000110000101000000000100000001001010010001000100000000010001001100100100001101111000110110011011101000010000110011011110010110000101011010110111011100101000111000100001000011001001101011000010001110010001111100110000111101111001100100011110000100011101100000000000000100000000100000000000000000000100000000000000000100000000000000100000000100000000000000000000100000000000000000000000000000000000000000000000000000000000
135565082,11000000011110111010000110000000000000000000000000000000000000000000000000000000000000000000000000000000000000000000000000000000000000000000000101100000000000000000000000000000001111000110000010000001000000000000000000000000000000000000000000000000101100011101000000000000000000000001111100000000000110000000000000000000000000000000110100101000110000011001101100001100001101111101000010000110111010100001000000000000101010100000001100100111011100110111010000000000100100101000000000001011001101011000001010100000000111111100100010000001001110000110010011011000100010000010100000110010110000001101110110010001100001000010000100001000011010001001100000000010110010001100100110000111000111001000100011000000100011101000000000000000000000000100000000000000000100100000000000000000000000000000000000000000100000000000000000100100000000000000000000000000000000000000000000000000000000000
135565903,11000000011100111011100000000000000001100000000000000000000000000000000000000000000000000000000000000000000000000000000000000000000000000000000101100000000000000000000000000000001111000100000000000000000000000000000000000000000000000000000000000000000000011111000000000000000000000001111000000010000001000000100000000000000000000000110000001110100000011001111100100000001100111101011010010110000110000101001000000000101010010000001100100111011100100111011100000000100000101000000000101001001001010010011010100000001000011001100000100001001101111110111011011010100010110010111011110010110100111101111110010011110001000111000100001001011001101100010101011011110010011101100110000111111111101111110000110111110011101010000000000000000000010100001000000000000000000101000000000000010000000000000000000010100001000000000000000000101000000000000000000000000000000000000000000000000000000
135800280,11100000011111111011111000000000011100000000000000010000000000000000000000000000000000000000000000000000000000000000000000000000000000000000000101100010110001011000100000010000001100000110000011000001100000110000000000000000000000000000000001011000000000011111111000000000000000000001111000000100000100000000100000000000000000000000110000001100100000011101111000000000001100001100011111110010110010011001001000000010101010000000001110100100011100100100010001110100110000101000000001100000001001010110001000100000000010001001100100111001001101010110110011011000000010100010011011111010110100101001010110010011100001000111000110001000011001101101000000011001110110001101100111000111100110101100100011110000100011100000000000000100000000001000000000000000000000100000000000000000000000000000100000000001000000000000000000000100000000000000000000000000000000000000000000000000000000000
139030242,11100000011110111010000111000000000001100000000000000000000000000000000000000000000000000000000000000000000000000001100000000000000000000000000101100000000000000000000000000000001100000110000011000000000000000000000000000000000000000000000000000000000000011101010000000000000000000001111100000000000110000000000000000000000000000000110100101000110000011001111000011100001100001100000010010010110010000000000000000000101110100000011100100101011100100101010000000000101100100000010000100000001001110000001000000000000110001001100010100001101110000110010011011000000010001110000001110010110000001101010111110001100101001010010100001000011000001001110000000000110010001100100110001111000111001000000011000000000011100000000000000000000000100100000000000000000000000000000000000000000000000000000000000100100000000000000000000000000000000000000000000000000000000000000000000000000000000
139600838,11100000011100000011110000000000000000000000000000000000000000000000000000000000000000000000000000000000000000000000000000000000000000000000000000000000000000000000000000000000001001000000000000000000000000000000000000000000000000000000000000000000000000000000000000000000000000000001101000000000000000000000100000000000000000000000100000010100101100001000000000000011000000100000100000000000000000000000011000000000000010000000000000000000100100000000100000000000000000000000000000000000000000000000000000000000000000000000000000000000000000000000000000000000000100010001000000000010000000000000000000000000000000100100000000000000000001010000000000000000000001110000000000000001110000000110000000001100000000000000000000000000000000000000000000000000000000000000000000000000000000000000000000000000000000000000000000000000000000000000000000000000000000000000000000000000000000000
146156863,11110000011111000011111000000000000000000000000000000000000000000000000000000000000000000000000000000000000000000000000000000000000000000000000000000000000000000000000000000000001001000100100010010001001000100100000000000000000000000000000000000000000000000000000000000000000000000001101000000000000000000000100000000000000000000000100000010100101100001000000000000011000000100000100000000000000000000000011000000000000000000000000000000000000000000000000000000000000000000000000000000000000000000000000000000000000000000000000000000000000000000000000000000000000100010001000000000010000000000000000000000000001000100100000000000000000001010000000000000000000001110000000000000001110000000110000000001100000000000000000000000000000000000000000000000000000000000000000000000000000000000000000000000000000000000000000000000000000000000000000000000000000000000000000000000000000000000
154724046,11000000011100111011110000110011000000000000000000000000000000000000000000000000000000000000000000000000000000000000000000000000000000000000000101100010010000000000000000000000001011000000000000000000000000000000000000000000000000000000000001011000000000011111100000000000000000000001111000000000000100000000100000100000000000000000100000011100111100011001011100000111000001111111100010111111010011000001011100010000101000000100000100000110011000010110010010000000100000001000000000101101000100010001000010100000000000010101000000100000001010000101010000010000100100010101100000000000010000001100100001000000000111100100010000001000000011110000000000000010110001110000000000100000011000000000000000000000000000000000000000000000000000000000000000000000000000000000000000000000000000000000000000000000000000000000000000000000000000000000000000000000000000000000000000000000000000000
154733642,11110000011111000011110000000000000000000000000000000000000000000000000000000000000000000000000000000000000000000000000000000000000000000000000000000000000000000000000000000000000000000000000000000000000000000000000000000000000000000000000000000000000000000000000000000000000000000001101000000000000000000000100000000000000000000000100000010100101000001000000000000010000000100000100000000000000000000000011000000000000010000000000000000000000000000000100000000000000000000000000000000000000000000000000000000000000000000000000000000000000000000000000000000000000100010001000000000010000000000000000000000000001000100100000000000000000001010000000000000000000001100000000000000001100000001100000010100000000000000000000000000000000000000000000000000000000000000000000000000000000000000000000000000000000000000000000000000000000000000000000000000000000000000000000000000000000000000
154733643,11110000011111000011110000000000000000000000000000000000000000000000000000000000000000000000000000000000000000000000000000000000000000000000000000000000000000000000000000000000000000000000000000000000000000000000000000000000000000000000000000000000000000000000000000000000000000000001101000000000000000000000100000000000000000000000100000010100101000001000000000000010000000100000100000000000000000000000011000000000100010000000000000100000010000100000100000000000000000000000000000000000001000000000000000000000000010000000100000000000000000000000000000001000000100010001000000000010000000000000000100000000001000100100000000000000000001011100000000000000000011100000000000000011100000001100000010100000000000000000000000000000000000000000000000000000000000000000000000000000000000000000000000000000000000000000000000000000000000000000000000000000000000000000000000000000000000000
155491311,11000000000000000011110000001100000000000000000000110000000000000000000000000000000000000000000000000000000000000000000000000000000000000000000000000000000000000000000000000000000000000000000000000000000000000000000000000000000000000000000000000000000000000000000000000000000000000000000000000000000000000000100000000000000000000000000000000000000000000000000000000000000000000000000000000000000000000000000000000000000000000000000000000000000000000000000000000000000000000000000000000000000000000000000000000000000000000000000000000000000000000000000000000000000000000000000000000000000000000000000000000000000000000000000000000000000000000000000000000000000000000000000000000000000000000000000000000000000000000000000000000000000000000000000000000000000000000000000000000000000000000000000000000000000000000000000000000000000000000000000000000000000000000000000000000000000000000
